  0
SECTION
  2
HEADER
  9
$ACADVER
  1
AC1014
  9
$ACADMAINTVER
 70
     9
  9
$DWGCODEPAGE
  3
ANSI_1252
  9
$INSBASE
 10
0.0
 20
0.0
 30
0.0
  9
$EXTMIN
 10
1.000000000000000E+20
 20
1.000000000000000E+20
 30
1.000000000000000E+20
  9
$EXTMAX
 10
-1.000000000000000E+20
 20
-1.000000000000000E+20
 30
-1.000000000000000E+20
  9
$LIMMIN
 10
0.0
 20
0.0
  9
$LIMMAX
 10
420.0
 20
297.0
  9
$ORTHOMODE
 70
     0
  9
$REGENMODE
 70
     1
  9
$FILLMODE
 70
     1
  9
$QTEXTMODE
 70
     0
  9
$MIRRTEXT
 70
     1
  9
$DRAGMODE
 70
     2
  9
$LTSCALE
 40
1.0
  9
$OSMODE
 70
    37
  9
$ATTMODE
 70
     1
  9
$TEXTSIZE
 40
2.5
  9
$TRACEWID
 40
1.0
  9
$TEXTSTYLE
  7
STANDARD
  9
$CLAYER
  8
0
  9
$CELTYPE
  6
BYLAYER
  9
$CECOLOR
 62
   256
  9
$CELTSCALE
 40
1.0
  9
$DELOBJ
 70
     1
  9
$DISPSILH
 70
     0
  9
$DIMSCALE
 40
1.0
  9
$DIMASZ
 40
2.5
  9
$DIMEXO
 40
0.625
  9
$DIMDLI
 40
3.75
  9
$DIMRND
 40
0.0
  9
$DIMDLE
 40
0.0
  9
$DIMEXE
 40
1.25
  9
$DIMTP
 40
0.0
  9
$DIMTM
 40
0.0
  9
$DIMTXT
 40
2.5
  9
$DIMCEN
 40
2.5
  9
$DIMTSZ
 40
0.0
  9
$DIMTOL
 70
     0
  9
$DIMLIM
 70
     0
  9
$DIMTIH
 70
     0
  9
$DIMTOH
 70
     0
  9
$DIMSE1
 70
     0
  9
$DIMSE2
 70
     0
  9
$DIMTAD
 70
     1
  9
$DIMZIN
 70
     8
  9
$DIMBLK
  1

  9
$DIMASO
 70
     1
  9
$DIMSHO
 70
     1
  9
$DIMPOST
  1

  9
$DIMAPOST
  1

  9
$DIMALT
 70
     0
  9
$DIMALTD
 70
     3
  9
$DIMALTF
 40
0.03937007874016
  9
$DIMLFAC
 40
1.0
  9
$DIMTOFL
 70
     1
  9
$DIMTVP
 40
0.0
  9
$DIMTIX
 70
     0
  9
$DIMSOXD
 70
     0
  9
$DIMSAH
 70
     0
  9
$DIMBLK1
  1

  9
$DIMBLK2
  1

  9
$DIMSTYLE
  2
ISO-25
  9
$DIMCLRD
 70
     0
  9
$DIMCLRE
 70
     0
  9
$DIMCLRT
 70
     0
  9
$DIMTFAC
 40
1.0
  9
$DIMGAP
 40
0.625
  9
$DIMJUST
 70
     0
  9
$DIMSD1
 70
     0
  9
$DIMSD2
 70
     0
  9
$DIMTOLJ
 70
     0
  9
$DIMTZIN
 70
     8
  9
$DIMALTZ
 70
     0
  9
$DIMALTTZ
 70
     0
  9
$DIMFIT
 70
     3
  9
$DIMUPT
 70
     0
  9
$DIMUNIT
 70
     2
  9
$DIMDEC
 70
     2
  9
$DIMTDEC
 70
     2
  9
$DIMALTU
 70
     2
  9
$DIMALTTD
 70
     3
  9
$DIMTXSTY
  7
STANDARD
  9
$DIMAUNIT
 70
     0
  9
$LUNITS
 70
     2
  9
$LUPREC
 70
     4
  9
$SKETCHINC
 40
1.0
  9
$FILLETRAD
 40
0.0
  9
$AUNITS
 70
     0
  9
$AUPREC
 70
     0
  9
$MENU
  1
.
  9
$ELEVATION
 40
0.0
  9
$PELEVATION
 40
0.0
  9
$THICKNESS
 40
0.0
  9
$LIMCHECK
 70
     0
  9
$CHAMFERA
 40
0.0
  9
$CHAMFERB
 40
0.0
  9
$CHAMFERC
 40
0.0
  9
$CHAMFERD
 40
0.0
  9
$SKPOLY
 70
     0
  9
$TDCREATE
 40
2461092.832105463
  9
$TDUPDATE
 40
2461092.832105591
  9
$TDINDWG
 40
0.0000000116
  9
$TDUSRTIMER
 40
0.0000000116
  9
$USRTIMER
 70
     1
  9
$ANGBASE
 50
0.0
  9
$ANGDIR
 70
     0
  9
$PDMODE
 70
     0
  9
$PDSIZE
 40
0.0
  9
$PLINEWID
 40
0.0
  9
$COORDS
 70
     1
  9
$SPLFRAME
 70
     0
  9
$SPLINETYPE
 70
     6
  9
$SPLINESEGS
 70
     8
  9
$ATTDIA
 70
     0
  9
$ATTREQ
 70
     1
  9
$HANDLING
 70
     1
  9
$HANDSEED
  5
10000843
  9
$SURFTAB1
 70
     6
  9
$SURFTAB2
 70
     6
  9
$SURFTYPE
 70
     6
  9
$SURFU
 70
     6
  9
$SURFV
 70
     6
  9
$UCSNAME
  2

  9
$UCSORG
 10
0.0
 20
0.0
 30
0.0
  9
$UCSXDIR
 10
1.0
 20
0.0
 30
0.0
  9
$UCSYDIR
 10
0.0
 20
1.0
 30
0.0
  9
$PUCSNAME
  2

  9
$PUCSORG
 10
0.0
 20
0.0
 30
0.0
  9
$PUCSXDIR
 10
1.0
 20
0.0
 30
0.0
  9
$PUCSYDIR
 10
0.0
 20
1.0
 30
0.0
  9
$USERI1
 70
     0
  9
$USERI2
 70
     0
  9
$USERI3
 70
     0
  9
$USERI4
 70
     0
  9
$USERI5
 70
     0
  9
$USERR1
 40
0.0
  9
$USERR2
 40
0.0
  9
$USERR3
 40
0.0
  9
$USERR4
 40
0.0
  9
$USERR5
 40
0.0
  9
$WORLDVIEW
 70
     1
  9
$SHADEDGE
 70
     3
  9
$SHADEDIF
 70
    70
  9
$TILEMODE
 70
     1
  9
$MAXACTVP
 70
    64
  9
$PINSBASE
 10
0.0
 20
0.0
 30
0.0
  9
$PLIMCHECK
 70
     0
  9
$PEXTMIN
 10
1.000000000000000E+20
 20
1.000000000000000E+20
 30
1.000000000000000E+20
  9
$PEXTMAX
 10
-1.000000000000000E+20
 20
-1.000000000000000E+20
 30
-1.000000000000000E+20
  9
$PLIMMIN
 10
0.0
 20
0.0
  9
$PLIMMAX
 10
420.0
 20
297.0
  9
$UNITMODE
 70
     0
  9
$VISRETAIN
 70
     1
  9
$PLINEGEN
 70
     0
  9
$PSLTSCALE
 70
     1
  9
$TREEDEPTH
 70
  3020
  9
$PICKSTYLE
 70
     1
  9
$CMLSTYLE
  2
STANDARD
  9
$CMLJUST
 70
     0
  9
$CMLSCALE
 40
20.0
  9
$PROXYGRAPHICS
 70
     1
  9
$MEASUREMENT
 70
     1
  0
ENDSEC
  0
SECTION
  2
CLASSES
  0
CLASS
  1
ACDBDICTIONARYWDFLT
  2
AcDbDictionaryWithDefault
  3
ObjectDBX Classes
 90
        0
280
     0
281
     0
  0
CLASS
  1
VISUALSTYLE
  2
AcDbVisualStyle
  3
ObjectDBX Classes
 90
     4095
280
     0
281
     0
  0
CLASS
  1
MATERIAL
  2
AcDbMaterial
  3
ObjectDBX Classes
 90
     1153
280
     0
281
     0
  0
CLASS
  1
SCALE
  2
AcDbScale
  3
ObjectDBX Classes
 90
     1153
280
     0
281
     0
  0
CLASS
  1
TABLESTYLE
  2
AcDbTableStyle
  3
ObjectDBX Classes
 90
     4095
280
     0
281
     0
  0
CLASS
  1
MLEADERSTYLE
  2
AcDbMLeaderStyle
  3
ACDB_MLEADERSTYLE_CLASS
 90
     4095
280
     0
281
     0
  0
CLASS
  1
SUN
  2
AcDbSun
  3
SCENEOE
 90
     1153
280
     0
281
     0
  0
CLASS
  1
SORTENTSTABLE
  2
AcDbSortentsTable
  3
ObjectDBX Classes
 90
        0
280
     0
281
     0
  0
CLASS
  1
DICTIONARYVAR
  2
AcDbDictionaryVar
  3
ObjectDBX Classes
 90
        0
280
     0
281
     0
  0
CLASS
  1
XRECORD
  2
AcDbXrecord
  3
ObjectDBX Classes
 90
        0
280
     0
281
     0
  0
CLASS
  1
LWPOLYLINE
  2
AcDbPolyline
  3
ObjectDBX Classes
 90
        0
280
     0
281
     1
  0
CLASS
  1
HATCH
  2
AcDbHatch
  3
ObjectDBX Classes
 90
        0
280
     0
281
     1
  0
CLASS
  1
ACDBPLACEHOLDER
  2
AcDbPlaceHolder
  3
ObjectDBX Classes
 90
        0
280
     0
281
     0
  0
CLASS
  1
LAYOUT
  2
AcDbLayout
  3
ObjectDBX Classes
 90
        0
280
     0
281
     0
  0
ENDSEC
  0
SECTION
  2
TABLES
  0
TABLE
  2
VPORT
  5
8
102
{ACAD_XDICTIONARY
360
10000838
102
}
330
0
100
AcDbSymbolTable
 70
     1
  0
VPORT
  5
29
330
8
100
AcDbSymbolTableRecord
100
AcDbViewportTableRecord
  2
*ACTIVE
 70
     0
 10
0.0
 20
0.0
 11
1.0
 21
1.0
 12
344.1869158878504
 22
148.5
 13
0.0
 23
0.0
 14
10.0
 24
10.0
 15
10.0
 25
10.0
 16
0.0
 26
0.0
 36
1.0
 17
0.0
 27
0.0
 37
0.0
 40
297.0
 41
1.972972972850329
 42
50.0
 43
0.0
 44
0.0
 50
0.0
 51
0.0
 71
     0
 72
   100
 73
     1
 74
     3
 75
     0
 76
     0
 77
     0
 78
     0
  0
ENDTAB
  0
TABLE
  2
LTYPE
  5
5
330
0
100
AcDbSymbolTable
 70
     7
  0
LTYPE
  5
14
330
5
100
AcDbSymbolTableRecord
100
AcDbLinetypeTableRecord
  2
BYBLOCK
 70
     0
  3

 72
    65
 73
     0
 40
0.0
  0
LTYPE
  5
15
330
5
100
AcDbSymbolTableRecord
100
AcDbLinetypeTableRecord
  2
BYLAYER
 70
     0
  3

 72
    65
 73
     0
 40
0.0
  0
LTYPE
  5
16
330
5
100
AcDbSymbolTableRecord
100
AcDbLinetypeTableRecord
  2
CONTINUOUS
 70
     0
  3
Solid line
 72
    65
 73
     0
 40
0.0
  0
LTYPE
  5
10000024
330
5
100
AcDbSymbolTableRecord
100
AcDbLinetypeTableRecord
  2
ONS_PHANTOM
 70
     0
  3
Onshape Phantom line ______ __ __ ______
 72
    65
 73
     6
 40
0.4999999999999999
 49
0.25
 74
     0
 49
-0.05
 74
     0
 49
0.05
 74
     0
 49
-0.05
 74
     0
 49
0.05
 74
     0
 49
-0.05
 74
     0
  0
LTYPE
  5
10000025
330
5
100
AcDbSymbolTableRecord
100
AcDbLinetypeTableRecord
  2
CENTER
 70
     0
  3
Center line ____ _ ____ _ ____ _
 72
    65
 73
     4
 40
0.7874015748031495
 49
0.4921259842519685
 74
     0
 49
-0.0984251968503937
 74
     0
 49
0.0984251968503937
 74
     0
 49
-0.0984251968503937
 74
     0
  0
LTYPE
  5
10000026
330
5
100
AcDbSymbolTableRecord
100
AcDbLinetypeTableRecord
  2
DASHED
 70
     0
  3
Dashed line __ __ __ __ __
 72
    65
 73
     2
 40
0.75
 49
0.5
 74
     0
 49
-0.25
 74
     0
  0
LTYPE
  5
10000027
330
5
100
AcDbSymbolTableRecord
100
AcDbLinetypeTableRecord
  2
ONS_DASHDOT
 70
     0
  3
Onshape Dashed with Dot _ . ____ . ____
 72
    65
 73
     4
 40
0.71
 49
0.5
 74
     0
 49
-0.1
 74
     0
 49
0.01
 74
     0
 49
-0.1
 74
     0
  0
LTYPE
  5
10000028
330
5
100
AcDbSymbolTableRecord
100
AcDbLinetypeTableRecord
  2
ONS_DOTTED
 70
     0
  3
Onshape Dotted line . . . . . . .
 72
    65
 73
     2
 40
0.11
 49
0.01
 74
     0
 49
-0.1
 74
     0
  0
LTYPE
  5
10000029
330
5
100
AcDbSymbolTableRecord
100
AcDbLinetypeTableRecord
  2
HIDDEN
 70
     0
  3
Hidden line ____ ____ ____ ____ 
 72
    65
 73
     2
 40
0.15
 49
0.1
 74
     0
 49
-0.05
 74
     0
  0
ENDTAB
  0
TABLE
  2
LAYER
  5
2
330
0
100
AcDbSymbolTable
 70
    48
  0
LAYER
  5
10
330
2
100
AcDbSymbolTableRecord
100
AcDbLayerTableRecord
  2
0
 70
     0
 62
     7
  6
CONTINUOUS
  0
LAYER
  5
1000002A
330
2
100
AcDbSymbolTableRecord
100
AcDbLayerTableRecord
  2
SECTION_CUTTING_LINE
 70
     0
 62
     7
  6
ONS_DASHDOT
  0
LAYER
  5
1000002B
330
2
100
AcDbSymbolTableRecord
100
AcDbLayerTableRecord
  2
DETAIL_VIEW_BORDER
 70
     0
 62
     7
  6
CONTINUOUS
  0
LAYER
  5
1000002C
330
2
100
AcDbSymbolTableRecord
100
AcDbLayerTableRecord
  2
DETAIL_VIEW_PARENT_BORDER
 70
     0
 62
     7
  6
ONS_PHANTOM
  0
LAYER
  5
1000002D
330
2
100
AcDbSymbolTableRecord
100
AcDbLayerTableRecord
  2
TEXT
 70
     0
 62
     7
  6
CONTINUOUS
  0
LAYER
  5
1000002E
330
2
100
AcDbSymbolTableRecord
100
AcDbLayerTableRecord
  2
SKETCHED_GEOMETRY
 70
     0
 62
    -7
  6
CONTINUOUS
  0
LAYER
  5
1000002F
330
2
100
AcDbSymbolTableRecord
100
AcDbLayerTableRecord
  2
VIRTUAL_SHARPS
 70
     0
 62
    -7
  6
CONTINUOUS
  0
LAYER
  5
10000030
330
2
100
AcDbSymbolTableRecord
100
AcDbLayerTableRecord
  2
CENTERLINES
 70
     0
 62
    -7
  6
CENTER
  0
LAYER
  5
10000031
330
2
100
AcDbSymbolTableRecord
100
AcDbLayerTableRecord
  2
CENTERMARKS
 70
     0
 62
    -7
  6
CONTINUOUS
  0
LAYER
  5
10000032
330
2
100
AcDbSymbolTableRecord
100
AcDbLayerTableRecord
  2
TABLES
 70
     0
 62
     7
  6
CONTINUOUS
  0
LAYER
  5
10000033
330
2
100
AcDbSymbolTableRecord
100
AcDbLayerTableRecord
  2
IMAGES
 70
     0
 62
    -7
  6
CONTINUOUS
  0
LAYER
  5
10000034
330
2
100
AcDbSymbolTableRecord
100
AcDbLayerTableRecord
  2
ANNOTATION_LINES
 70
     0
 62
    -7
  6
CONTINUOUS
  0
LAYER
  5
10000035
330
2
100
AcDbSymbolTableRecord
100
AcDbLayerTableRecord
  2
ANNOTATION_TEXT
 70
     0
 62
    -7
  6
CONTINUOUS
  0
LAYER
  5
10000036
330
2
100
AcDbSymbolTableRecord
100
AcDbLayerTableRecord
  2
SIDE_THREAD_SYMBOLS
 70
     0
 62
     7
  6
CONTINUOUS
  0
LAYER
  5
10000037
330
2
100
AcDbSymbolTableRecord
100
AcDbLayerTableRecord
  2
SIDE_THREAD_SYMBOLS_HIDDEN
 70
     0
 62
    -7
  6
HIDDEN
  0
LAYER
  5
10000038
330
2
100
AcDbSymbolTableRecord
100
AcDbLayerTableRecord
  2
SURFACE_THREAD_SYMBOLS
 70
     0
 62
     7
  6
CONTINUOUS
  0
LAYER
  5
10000039
330
2
100
AcDbSymbolTableRecord
100
AcDbLayerTableRecord
  2
SURFACE_THREAD_SYMBOLS_ON_
 70
     0
 62
     7
  6
CONTINUOUS
  0
LAYER
  5
1000003A
330
2
100
AcDbSymbolTableRecord
100
AcDbLayerTableRecord
  2
SURFACE_THREAD_SYMBOLS_HID
 70
     0
 62
    -7
  6
HIDDEN
  0
LAYER
  5
1000003B
330
2
100
AcDbSymbolTableRecord
100
AcDbLayerTableRecord
  2
BLIND_THREAD_SYMBOLS
 70
     0
 62
     7
  6
CONTINUOUS
  0
LAYER
  5
1000003C
330
2
100
AcDbSymbolTableRecord
100
AcDbLayerTableRecord
  2
BLIND_THREAD_SYMBOLS_HIDDE
 70
     0
 62
    -7
  6
HIDDEN
  0
LAYER
  5
1000003D
330
2
100
AcDbSymbolTableRecord
100
AcDbLayerTableRecord
  2
EXPLODE_LINES
 70
     0
 62
     7
  6
ONS_PHANTOM
  0
LAYER
  5
1000003E
330
2
100
AcDbSymbolTableRecord
100
AcDbLayerTableRecord
  2
HIDDEN_EXPLODE_LINES
 70
     0
 62
    -7
  6
ONS_PHANTOM
  0
LAYER
  5
1000003F
330
2
100
AcDbSymbolTableRecord
100
AcDbLayerTableRecord
  2
BREAK_LINES
 70
     0
 62
    -7
  6
CONTINUOUS
  0
LAYER
  5
10000040
330
2
100
AcDbSymbolTableRecord
100
AcDbLayerTableRecord
  2
SHEETMETAL_BEND_LINES_UP
 70
     0
 62
     7
  6
CENTER
  0
LAYER
  5
10000041
330
2
100
AcDbSymbolTableRecord
100
AcDbLayerTableRecord
  2
SHEETMETAL_BEND_LINES_DOWN
 70
     0
 62
     7
  6
CENTER
  0
LAYER
  5
10000042
330
2
100
AcDbSymbolTableRecord
100
AcDbLayerTableRecord
  2
SHEETMETAL_BEND_TANGENT_LI
 70
     0
 62
     7
  6
CONTINUOUS
  0
LAYER
  5
10000043
330
2
100
AcDbSymbolTableRecord
100
AcDbLayerTableRecord
  2
SHEETMETAL_CUT_LINES
 70
     0
 62
     7
  6
CONTINUOUS
  0
LAYER
  5
10000044
330
2
100
AcDbSymbolTableRecord
100
AcDbLayerTableRecord
  2
SHEETMETAL_CBORE_CSINK_UP
 70
     0
 62
     7
  6
CONTINUOUS
  0
LAYER
  5
10000045
330
2
100
AcDbSymbolTableRecord
100
AcDbLayerTableRecord
  2
SHEETMETAL_CBORE_CSINK_DOW
 70
     0
 62
     7
  6
CONTINUOUS
  0
LAYER
  5
10000046
330
2
100
AcDbSymbolTableRecord
100
AcDbLayerTableRecord
  2
SHEETMETAL_CBORE_CSINK_UP_
 70
     0
 62
    -7
  6
HIDDEN
  0
LAYER
  5
10000047
330
2
100
AcDbSymbolTableRecord
100
AcDbLayerTableRecord
  2
SHEETMETAL_CBORE_CSINK_DO0
 70
     0
 62
    -7
  6
HIDDEN
  0
LAYER
  5
10000048
330
2
100
AcDbSymbolTableRecord
100
AcDbLayerTableRecord
  2
SHEETMETAL_FORM_TEAR
 70
     0
 62
     7
  6
CONTINUOUS
  0
LAYER
  5
10000049
330
2
100
AcDbSymbolTableRecord
100
AcDbLayerTableRecord
  2
SHEETMETAL_FORM_UP
 70
     0
 62
     7
  6
CENTER
  0
LAYER
  5
1000004A
330
2
100
AcDbSymbolTableRecord
100
AcDbLayerTableRecord
  2
SHEETMETAL_FORM_DOWN
 70
     0
 62
     7
  6
CENTER
  0
LAYER
  5
1000004B
330
2
100
AcDbSymbolTableRecord
100
AcDbLayerTableRecord
  2
SHEETMETAL_FORM_CENTERMARK
 70
     0
 62
     7
  6
CENTER
  0
LAYER
  5
1000004C
330
2
100
AcDbSymbolTableRecord
100
AcDbLayerTableRecord
  2
REGION_ASSOC_POINTS
 70
     0
 62
    -7
  6
CONTINUOUS
  0
LAYER
  5
1000004D
330
2
100
AcDbSymbolTableRecord
100
AcDbLayerTableRecord
  2
PATTERN_CENTERLINES
 70
     1
 62
    -7
  6
CENTER
  0
LAYER
  5
1000004E
330
2
100
AcDbSymbolTableRecord
100
AcDbLayerTableRecord
  2
HIDDEN
 70
     0
 62
    -7
  6
HIDDEN
  0
LAYER
  5
1000004F
330
2
100
AcDbSymbolTableRecord
100
AcDbLayerTableRecord
  2
VISIBLE
 70
     0
 62
     7
  6
CONTINUOUS
  0
LAYER
  5
10000050
330
2
100
AcDbSymbolTableRecord
100
AcDbLayerTableRecord
  2
MODELSKETCH_VISIBLE
 70
     0
 62
     7
  6
CONTINUOUS
  0
LAYER
  5
10000051
330
2
100
AcDbSymbolTableRecord
100
AcDbLayerTableRecord
  2
MODELSKETCH_POINT
 70
     0
 62
     7
  6
CONTINUOUS
  0
LAYER
  5
10000052
330
2
100
AcDbSymbolTableRecord
100
AcDbLayerTableRecord
  2
MODELSKETCH_CONSTRUCTION
 70
     0
 62
    -7
  6
CENTER
  0
LAYER
  5
10000053
330
2
100
AcDbSymbolTableRecord
100
AcDbLayerTableRecord
  2
HIDDEN_BASE_VIEW
 70
     0
 62
     7
  6
CONTINUOUS
  0
LAYER
  5
10000054
330
2
100
AcDbSymbolTableRecord
100
AcDbLayerTableRecord
  2
TANGENT_LINES
 70
     0
 62
    -7
  6
CONTINUOUS
  0
LAYER
  5
10000055
330
2
100
AcDbSymbolTableRecord
100
AcDbLayerTableRecord
  2
TANGENT_HIDDEN
 70
     0
 62
    -7
  6
HIDDEN
  0
LAYER
  5
10000056
330
2
100
AcDbSymbolTableRecord
100
AcDbLayerTableRecord
  2
INVISIBLE_LINES
 70
     0
 62
    -7
  6
CONTINUOUS
  0
LAYER
  5
10000057
330
2
100
AcDbSymbolTableRecord
100
AcDbLayerTableRecord
  2
VIEW_HATCHES
 70
     0
 62
    -7
  6
CONTINUOUS
  0
LAYER
  5
10000058
330
2
100
AcDbSymbolTableRecord
100
AcDbLayerTableRecord
  2
SECTION_JOG_LINES
 70
     0
 62
    -7
  6
CONTINUOUS
  0
ENDTAB
  0
TABLE
  2
STYLE
  5
3
330
0
100
AcDbSymbolTable
 70
     2
  0
STYLE
  5
11
330
3
100
AcDbSymbolTableRecord
100
AcDbTextStyleTableRecord
  2
STANDARD
 70
     0
 40
0.0
 41
1.0
 50
0.0
 71
     0
 42
2.5
  3
txt
  4

  0
STYLE
  5
10000004
330
3
100
AcDbSymbolTableRecord
100
AcDbTextStyleTableRecord
  2
TTFSTYLE
 70
     0
 40
0.0
 41
1.0
 50
0.0
 71
     0
 42
2.5
  3

  4

1001
ACAD
1000
Verdana
1071
       34
  0
ENDTAB
  0
TABLE
  2
VIEW
  5
6
330
0
100
AcDbSymbolTable
 70
     0
  0
ENDTAB
  0
TABLE
  2
UCS
  5
7
330
0
100
AcDbSymbolTable
 70
     0
  0
ENDTAB
  0
TABLE
  2
APPID
  5
9
330
0
100
AcDbSymbolTable
 70
     2
  0
APPID
  5
12
330
9
100
AcDbSymbolTableRecord
100
AcDbRegAppTableRecord
  2
ACAD
 70
     0
  0
APPID
  5
10000842
330
9
100
AcDbSymbolTableRecord
100
AcDbRegAppTableRecord
  2
ACAD_MLEADERVER
 70
     0
  0
ENDTAB
  0
TABLE
  2
DIMSTYLE
  5
A
330
0
100
AcDbSymbolTable
 70
     1
  0
DIMSTYLE
105
27
330
A
100
AcDbSymbolTableRecord
100
AcDbDimStyleTableRecord
  2
ISO-25
 70
     0
  3

  4

  5

  6

  7

 40
1.0
 41
2.5
 42
0.625
 43
3.75
 44
1.25
 45
0.0
 46
0.0
 47
0.0
 48
0.0
140
2.5
141
2.5
142
0.0
143
0.03937007874016
144
1.0
145
0.0
146
1.0
147
0.625
 71
     0
 72
     0
 73
     0
 74
     0
 75
     0
 76
     0
 77
     1
 78
     8
170
     0
171
     3
172
     1
173
     0
174
     0
175
     0
176
     0
177
     0
178
     0
270
     2
271
     2
272
     2
273
     2
274
     3
340
11
275
     0
280
     0
281
     0
282
     0
283
     0
284
     8
285
     0
286
     0
287
     3
288
     0
  0
ENDTAB
  0
TABLE
  2
BLOCK_RECORD
  5
1
330
0
100
AcDbSymbolTable
 70
     0
  0
BLOCK_RECORD
  5
1F
102
{ACAD_XDICTIONARY
360
10000809
102
}
330
1
100
AcDbSymbolTableRecord
100
AcDbBlockTableRecord
  2
*MODEL_SPACE
  0
BLOCK_RECORD
  5
1B
330
1
100
AcDbSymbolTableRecord
100
AcDbBlockTableRecord
  2
*PAPER_SPACE
  0
ENDTAB
  0
ENDSEC
  0
SECTION
  2
BLOCKS
  0
BLOCK
  5
20
330
1F
100
AcDbEntity
  8
0
100
AcDbBlockBegin
  2
*MODEL_SPACE
 70
     0
 10
0.0
 20
0.0
 30
0.0
  3
*MODEL_SPACE
  1

  0
ENDBLK
  5
21
330
1F
100
AcDbEntity
  8
0
100
AcDbBlockEnd
  0
BLOCK
  5
1C
330
1B
100
AcDbEntity
 67
     1
  8
0
100
AcDbBlockBegin
  2
*PAPER_SPACE
 70
     0
 10
0.0
 20
0.0
 30
0.0
  3
*PAPER_SPACE
  1

  0
ENDBLK
  5
1D
330
1B
100
AcDbEntity
 67
     1
  8
0
100
AcDbBlockEnd
  0
ENDSEC
  0
SECTION
  2
ENTITIES
  0
LINE
  5
10000059
102
{ACAD_XDICTIONARY
360
1000005A
102
}
330
1F
100
AcDbEntity
  8
VISIBLE
100
AcDbLine
 10
142.35
 20
-204.85
 30
0.0
 11
144.9425227118883
 21
-204.8499999999999
 31
0.0
  0
LINE
  5
1000005D
102
{ACAD_XDICTIONARY
360
1000005E
102
}
330
1F
100
AcDbEntity
  8
VISIBLE
100
AcDbLine
 10
142.35
 20
-204.85
 30
0.0
 11
142.35
 21
-201.85
 31
0.0
  0
LINE
  5
10000061
102
{ACAD_XDICTIONARY
360
10000062
102
}
330
1F
100
AcDbEntity
  8
VISIBLE
100
AcDbLine
 10
142.35
 20
-201.85
 30
0.0
 11
157.3500000000001
 21
-201.85
 31
0.0
  0
LINE
  5
10000065
102
{ACAD_XDICTIONARY
360
10000066
102
}
330
1F
100
AcDbEntity
  8
VISIBLE
100
AcDbLine
 10
157.3500000000001
 20
-204.85
 30
0.0
 11
157.3500000000001
 21
-201.85
 31
0.0
  0
LINE
  5
10000069
102
{ACAD_XDICTIONARY
360
1000006A
102
}
330
1F
100
AcDbEntity
  8
VISIBLE
100
AcDbLine
 10
154.7574772881119
 20
-204.85
 30
0.0
 11
157.3500000000001
 21
-204.85
 31
0.0
  0
LINE
  5
1000006D
102
{ACAD_XDICTIONARY
360
1000006E
102
}
330
1F
100
AcDbEntity
  8
VISIBLE
100
AcDbLine
 10
157.0668783648704
 20
-208.8500000000001
 30
0.0
 11
154.7574772881119
 21
-204.85
 31
0.0
  0
ARC
  5
10000071
102
{ACAD_XDICTIONARY
360
10000072
102
}
330
1F
100
AcDbEntity
  8
VISIBLE
100
AcDbCircle
 10
154.4688021535171
 20
-210.35
 30
0.0
 40
3.0
100
AcDbArc
 50
329.9999999999991
 51
29.99999999999956
  0
LINE
  5
10000077
102
{ACAD_XDICTIONARY
360
10000078
102
}
330
1F
100
AcDbEntity
  8
VISIBLE
100
AcDbLine
 10
154.7574772881118
 20
-215.8500000000001
 30
0.0
 11
157.0668783648704
 21
-211.8500000000001
 31
0.0
  0
ARC
  5
1000007B
102
{ACAD_XDICTIONARY
360
1000007C
102
}
330
1F
100
AcDbEntity
  8
VISIBLE
100
AcDbCircle
 10
152.1594010767585
 20
-214.35
 30
0.0
 40
3.0
100
AcDbArc
 50
269.9999999999994
 51
329.9999999999995
  0
LINE
  5
10000081
102
{ACAD_XDICTIONARY
360
10000082
102
}
330
1F
100
AcDbEntity
  8
VISIBLE
100
AcDbLine
 10
147.5405989232415
 20
-217.35
 30
0.0
 11
152.1594010767585
 21
-217.35
 31
0.0
  0
ARC
  5
10000085
102
{ACAD_XDICTIONARY
360
10000086
102
}
330
1F
100
AcDbEntity
  8
VISIBLE
100
AcDbCircle
 10
147.5405989232415
 20
-214.35
 30
0.0
 40
3.0
100
AcDbArc
 50
209.9999999999995
 51
269.9999999999994
  0
LINE
  5
1000008B
102
{ACAD_XDICTIONARY
360
1000008C
102
}
330
1F
100
AcDbEntity
  8
VISIBLE
100
AcDbLine
 10
142.6331216351297
 20
-211.8499999999999
 30
0.0
 11
144.9425227118882
 21
-215.85
 31
0.0
  0
ARC
  5
1000008F
102
{ACAD_XDICTIONARY
360
10000090
102
}
330
1F
100
AcDbEntity
  8
VISIBLE
100
AcDbCircle
 10
145.2311978464831
 20
-210.35
 30
0.0
 40
3.0
100
AcDbArc
 50
149.9999999999995
 51
209.9999999999993
  0
LINE
  5
10000095
102
{ACAD_XDICTIONARY
360
10000096
102
}
330
1F
100
AcDbEntity
  8
VISIBLE
100
AcDbLine
 10
144.9425227118883
 20
-204.8499999999999
 30
0.0
 11
142.6331216351298
 21
-208.8499999999999
 31
0.0
  0
LINE
  5
10000099
102
{ACAD_XDICTIONARY
360
1000009A
102
}
330
1F
100
AcDbEntity
  8
VISIBLE
100
AcDbLine
 10
112.8499999999999
 20
-233.35
 30
0.0
 11
115.8500000000001
 21
-233.3500000000001
 31
0.0
  0
LINE
  5
1000009D
102
{ACAD_XDICTIONARY
360
1000009E
102
}
330
1F
100
AcDbEntity
  8
VISIBLE
100
AcDbLine
 10
112.8499999999999
 20
-233.35
 30
0.0
 11
112.8500000000001
 21
-224.85
 31
0.0
  0
LINE
  5
100000A1
102
{ACAD_XDICTIONARY
360
100000A2
102
}
330
1F
100
AcDbEntity
  8
VISIBLE
100
AcDbLine
 10
112.8500000000001
 20
-224.85
 30
0.0
 11
115.8500000000001
 21
-224.85
 31
0.0
  0
LINE
  5
100000A5
102
{ACAD_XDICTIONARY
360
100000A6
102
}
330
1F
100
AcDbEntity
  8
VISIBLE
100
AcDbLine
 10
115.8500000000001
 20
-233.3500000000001
 30
0.0
 11
115.8500000000001
 21
-224.85
 31
0.0
  0
LINE
  5
100000A9
102
{ACAD_XDICTIONARY
360
100000AA
102
}
330
1F
100
AcDbEntity
  8
VISIBLE
100
AcDbLine
 10
186.85
 20
-233.3500000000001
 30
0.0
 11
186.85
 21
-224.85
 31
0.0
  0
LINE
  5
100000AD
102
{ACAD_XDICTIONARY
360
100000AE
102
}
330
1F
100
AcDbEntity
  8
VISIBLE
100
AcDbLine
 10
186.85
 20
-233.3500000000001
 30
0.0
 11
183.85
 21
-233.3500000000001
 31
0.0
  0
LINE
  5
100000B1
102
{ACAD_XDICTIONARY
360
100000B2
102
}
330
1F
100
AcDbEntity
  8
VISIBLE
100
AcDbLine
 10
183.85
 20
-233.3500000000001
 30
0.0
 11
183.85
 21
-224.85
 31
0.0
  0
LINE
  5
100000B5
102
{ACAD_XDICTIONARY
360
100000B6
102
}
330
1F
100
AcDbEntity
  8
VISIBLE
100
AcDbLine
 10
186.85
 20
-224.85
 30
0.0
 11
183.85
 21
-224.85
 31
0.0
  0
ARC
  5
100000B9
102
{ACAD_XDICTIONARY
360
100000BA
102
}
330
1F
100
AcDbEntity
  8
VISIBLE
100
AcDbCircle
 10
210.1000000000001
 20
-175.1000000000001
 30
0.0
 40
1.500000000000001
100
AcDbArc
 50
180.0
 51
0.0
  0
LINE
  5
100000BF
102
{ACAD_XDICTIONARY
360
100000C0
102
}
330
1F
100
AcDbEntity
  8
VISIBLE
100
AcDbLine
 10
208.6000000000001
 20
-175.1000000000001
 30
0.0
 11
208.6000000000001
 21
-173.6000000000001
 31
0.0
  0
ARC
  5
100000C3
102
{ACAD_XDICTIONARY
360
100000C4
102
}
330
1F
100
AcDbEntity
  8
VISIBLE
100
AcDbCircle
 10
210.1000000000001
 20
-173.6000000000001
 30
0.0
 40
1.500000000000001
100
AcDbArc
 50
0.0
 51
180.0
  0
LINE
  5
100000C9
102
{ACAD_XDICTIONARY
360
100000CA
102
}
330
1F
100
AcDbEntity
  8
VISIBLE
100
AcDbLine
 10
211.6000000000001
 20
-175.1000000000001
 30
0.0
 11
211.6000000000001
 21
-173.6000000000001
 31
0.0
  0
LINE
  5
100000CD
102
{ACAD_XDICTIONARY
360
100000CE
102
}
330
1F
100
AcDbEntity
  8
VISIBLE
100
AcDbLine
 10
211.8500000000001
 20
-115.15
 30
0.0
 11
211.8500000000001
 21
-124.85
 31
0.0
  0
ARC
  5
100000D1
102
{ACAD_XDICTIONARY
360
100000D2
102
}
330
1F
100
AcDbEntity
  8
VISIBLE
100
AcDbCircle
 10
209.85
 20
-115.15
 30
0.0
 40
2.0
100
AcDbArc
 50
0.0
 51
90.0
  0
LINE
  5
100000D7
102
{ACAD_XDICTIONARY
360
100000D8
102
}
330
1F
100
AcDbEntity
  8
VISIBLE
100
AcDbLine
 10
176.85
 20
-113.15
 30
0.0
 11
209.85
 21
-113.15
 31
0.0
  0
ARC
  5
100000DB
102
{ACAD_XDICTIONARY
360
100000DC
102
}
330
1F
100
AcDbEntity
  8
VISIBLE
100
AcDbCircle
 10
176.85
 20
-115.15
 30
0.0
 40
2.0
100
AcDbArc
 50
90.0
 51
180.0
  0
LINE
  5
100000E1
102
{ACAD_XDICTIONARY
360
100000E2
102
}
330
1F
100
AcDbEntity
  8
VISIBLE
100
AcDbLine
 10
174.85
 20
-117.0
 30
0.0
 11
174.85
 21
-115.15
 31
0.0
  0
ARC
  5
100000E5
102
{ACAD_XDICTIONARY
360
100000E6
102
}
330
1F
100
AcDbEntity
  8
VISIBLE
100
AcDbCircle
 10
176.85
 20
-117.0
 30
0.0
 40
2.0
100
AcDbArc
 50
180.0
 51
270.0
  0
LINE
  5
100000EB
102
{ACAD_XDICTIONARY
360
100000EC
102
}
330
1F
100
AcDbEntity
  8
VISIBLE
100
AcDbLine
 10
177.85
 20
-119.0
 30
0.0
 11
176.85
 21
-119.0
 31
0.0
  0
LINE
  5
100000EF
102
{ACAD_XDICTIONARY
360
100000F0
102
}
330
1F
100
AcDbEntity
  8
VISIBLE
100
AcDbLine
 10
177.85
 20
-128.0
 30
0.0
 11
177.85
 21
-119.0
 31
0.0
  0
LINE
  5
100000F3
102
{ACAD_XDICTIONARY
360
100000F4
102
}
330
1F
100
AcDbEntity
  8
VISIBLE
100
AcDbLine
 10
177.85
 20
-128.0
 30
0.0
 11
176.85
 21
-128.0
 31
0.0
  0
ARC
  5
100000F7
102
{ACAD_XDICTIONARY
360
100000F8
102
}
330
1F
100
AcDbEntity
  8
VISIBLE
100
AcDbCircle
 10
176.85
 20
-130.0
 30
0.0
 40
2.0
100
AcDbArc
 50
90.0
 51
180.0
  0
LINE
  5
100000FD
102
{ACAD_XDICTIONARY
360
100000FE
102
}
330
1F
100
AcDbEntity
  8
VISIBLE
100
AcDbLine
 10
174.85
 20
-133.85
 30
0.0
 11
174.85
 21
-130.0
 31
0.0
  0
LINE
  5
10000101
102
{ACAD_XDICTIONARY
360
10000102
102
}
330
1F
100
AcDbEntity
  8
VISIBLE
100
AcDbLine
 10
162.3500000000001
 20
-133.85
 30
0.0
 11
174.85
 21
-133.85
 31
0.0
  0
LINE
  5
10000105
102
{ACAD_XDICTIONARY
360
10000106
102
}
330
1F
100
AcDbEntity
  8
VISIBLE
100
AcDbLine
 10
162.3500000000001
 20
-133.85
 30
0.0
 11
162.3500000000001
 21
-132.85
 31
0.0
  0
ARC
  5
10000109
102
{ACAD_XDICTIONARY
360
1000010A
102
}
330
1F
100
AcDbEntity
  8
VISIBLE
100
AcDbCircle
 10
160.3500000000001
 20
-132.85
 30
0.0
 40
2.0
100
AcDbArc
 50
0.0
 51
90.0
  0
LINE
  5
1000010F
102
{ACAD_XDICTIONARY
360
10000110
102
}
330
1F
100
AcDbEntity
  8
VISIBLE
100
AcDbLine
 10
139.3500000000001
 20
-130.85
 30
0.0
 11
160.3500000000001
 21
-130.85
 31
0.0
  0
ARC
  5
10000113
102
{ACAD_XDICTIONARY
360
10000114
102
}
330
1F
100
AcDbEntity
  8
VISIBLE
100
AcDbCircle
 10
139.3500000000001
 20
-132.85
 30
0.0
 40
2.0
100
AcDbArc
 50
90.0
 51
180.0
  0
LINE
  5
10000119
102
{ACAD_XDICTIONARY
360
1000011A
102
}
330
1F
100
AcDbEntity
  8
VISIBLE
100
AcDbLine
 10
137.3500000000001
 20
-133.85
 30
0.0
 11
137.3500000000001
 21
-132.85
 31
0.0
  0
LINE
  5
1000011D
102
{ACAD_XDICTIONARY
360
1000011E
102
}
330
1F
100
AcDbEntity
  8
VISIBLE
100
AcDbLine
 10
124.8500000000001
 20
-133.85
 30
0.0
 11
137.3500000000001
 21
-133.85
 31
0.0
  0
LINE
  5
10000121
102
{ACAD_XDICTIONARY
360
10000122
102
}
330
1F
100
AcDbEntity
  8
VISIBLE
100
AcDbLine
 10
124.8500000000001
 20
-133.85
 30
0.0
 11
124.8500000000001
 21
-130.0
 31
0.0
  0
ARC
  5
10000125
102
{ACAD_XDICTIONARY
360
10000126
102
}
330
1F
100
AcDbEntity
  8
VISIBLE
100
AcDbCircle
 10
122.8500000000001
 20
-130.0
 30
0.0
 40
2.0
100
AcDbArc
 50
0.0
 51
90.0
  0
LINE
  5
1000012B
102
{ACAD_XDICTIONARY
360
1000012C
102
}
330
1F
100
AcDbEntity
  8
VISIBLE
100
AcDbLine
 10
121.8500000000001
 20
-128.0
 30
0.0
 11
122.8500000000001
 21
-128.0
 31
0.0
  0
LINE
  5
1000012F
102
{ACAD_XDICTIONARY
360
10000130
102
}
330
1F
100
AcDbEntity
  8
VISIBLE
100
AcDbLine
 10
121.8500000000001
 20
-128.0
 30
0.0
 11
121.8500000000001
 21
-119.0
 31
0.0
  0
LINE
  5
10000133
102
{ACAD_XDICTIONARY
360
10000134
102
}
330
1F
100
AcDbEntity
  8
VISIBLE
100
AcDbLine
 10
121.8500000000001
 20
-119.0
 30
0.0
 11
122.8500000000001
 21
-119.0
 31
0.0
  0
ARC
  5
10000137
102
{ACAD_XDICTIONARY
360
10000138
102
}
330
1F
100
AcDbEntity
  8
VISIBLE
100
AcDbCircle
 10
122.8500000000001
 20
-117.0
 30
0.0
 40
2.0
100
AcDbArc
 50
270.0
 51
0.0
  0
LINE
  5
1000013D
102
{ACAD_XDICTIONARY
360
1000013E
102
}
330
1F
100
AcDbEntity
  8
VISIBLE
100
AcDbLine
 10
124.8500000000001
 20
-115.15
 30
0.0
 11
124.8500000000001
 21
-117.0
 31
0.0
  0
ARC
  5
10000141
102
{ACAD_XDICTIONARY
360
10000142
102
}
330
1F
100
AcDbEntity
  8
VISIBLE
100
AcDbCircle
 10
122.8500000000001
 20
-115.15
 30
0.0
 40
2.0
100
AcDbArc
 50
0.0
 51
90.0
  0
LINE
  5
10000147
102
{ACAD_XDICTIONARY
360
10000148
102
}
330
1F
100
AcDbEntity
  8
VISIBLE
100
AcDbLine
 10
89.85000000000002
 20
-113.15
 30
0.0
 11
122.8500000000001
 21
-113.15
 31
0.0
  0
ARC
  5
1000014B
102
{ACAD_XDICTIONARY
360
1000014C
102
}
330
1F
100
AcDbEntity
  8
VISIBLE
100
AcDbCircle
 10
89.85000000000002
 20
-115.15
 30
0.0
 40
2.0
100
AcDbArc
 50
90.0
 51
180.0
  0
LINE
  5
10000151
102
{ACAD_XDICTIONARY
360
10000152
102
}
330
1F
100
AcDbEntity
  8
VISIBLE
100
AcDbLine
 10
87.85000000000002
 20
-115.15
 30
0.0
 11
87.85000000000002
 21
-124.8500000000001
 31
0.0
  0
LINE
  5
10000155
102
{ACAD_XDICTIONARY
360
10000156
102
}
330
1F
100
AcDbEntity
  8
VISIBLE
100
AcDbLine
 10
87.85000000000002
 20
-124.8500000000001
 30
0.0
 11
86.85000000000002
 21
-124.8500000000001
 31
0.0
  0
ARC
  5
10000159
102
{ACAD_XDICTIONARY
360
1000015A
102
}
330
1F
100
AcDbEntity
  8
VISIBLE
100
AcDbCircle
 10
86.85000000000002
 20
-126.8500000000001
 30
0.0
 40
2.0
100
AcDbArc
 50
90.0
 51
180.0
  0
LINE
  5
1000015F
102
{ACAD_XDICTIONARY
360
10000160
102
}
330
1F
100
AcDbEntity
  8
VISIBLE
100
AcDbLine
 10
84.85000000000002
 20
-126.8500000000001
 30
0.0
 11
84.85000000000002
 21
-134.55
 31
0.0
  0
ARC
  5
10000163
102
{ACAD_XDICTIONARY
360
10000164
102
}
330
1F
100
AcDbEntity
  8
VISIBLE
100
AcDbCircle
 10
86.85000000000002
 20
-134.55
 30
0.0
 40
2.0
100
AcDbArc
 50
180.0
 51
270.0
  0
LINE
  5
10000169
102
{ACAD_XDICTIONARY
360
1000016A
102
}
330
1F
100
AcDbEntity
  8
VISIBLE
100
AcDbLine
 10
86.85000000000002
 20
-136.55
 30
0.0
 11
87.85000000000002
 21
-136.55
 31
0.0
  0
LINE
  5
1000016D
102
{ACAD_XDICTIONARY
360
1000016E
102
}
330
1F
100
AcDbEntity
  8
VISIBLE
100
AcDbLine
 10
87.85000000000002
 20
-136.55
 30
0.0
 11
87.85000000000002
 21
-148.2500000000001
 31
0.0
  0
LINE
  5
10000171
102
{ACAD_XDICTIONARY
360
10000172
102
}
330
1F
100
AcDbEntity
  8
VISIBLE
100
AcDbLine
 10
87.85000000000002
 20
-148.2500000000001
 30
0.0
 11
86.85000000000002
 21
-148.2500000000001
 31
0.0
  0
ARC
  5
10000175
102
{ACAD_XDICTIONARY
360
10000176
102
}
330
1F
100
AcDbEntity
  8
VISIBLE
100
AcDbCircle
 10
86.85000000000002
 20
-150.2500000000001
 30
0.0
 40
2.0
100
AcDbArc
 50
90.0
 51
180.0
  0
LINE
  5
1000017B
102
{ACAD_XDICTIONARY
360
1000017C
102
}
330
1F
100
AcDbEntity
  8
VISIBLE
100
AcDbLine
 10
84.85000000000002
 20
-150.2500000000001
 30
0.0
 11
84.85000000000002
 21
-157.95
 31
0.0
  0
ARC
  5
1000017F
102
{ACAD_XDICTIONARY
360
10000180
102
}
330
1F
100
AcDbEntity
  8
VISIBLE
100
AcDbCircle
 10
86.85000000000002
 20
-157.95
 30
0.0
 40
2.0
100
AcDbArc
 50
180.0
 51
270.0
  0
LINE
  5
10000185
102
{ACAD_XDICTIONARY
360
10000186
102
}
330
1F
100
AcDbEntity
  8
VISIBLE
100
AcDbLine
 10
86.85000000000002
 20
-159.95
 30
0.0
 11
87.85000000000002
 21
-159.95
 31
0.0
  0
LINE
  5
10000189
102
{ACAD_XDICTIONARY
360
1000018A
102
}
330
1F
100
AcDbEntity
  8
VISIBLE
100
AcDbLine
 10
87.85000000000002
 20
-159.95
 30
0.0
 11
87.85000000000002
 21
-171.6500000000001
 31
0.0
  0
LINE
  5
1000018D
102
{ACAD_XDICTIONARY
360
1000018E
102
}
330
1F
100
AcDbEntity
  8
VISIBLE
100
AcDbLine
 10
87.85000000000002
 20
-171.6500000000001
 30
0.0
 11
86.85000000000002
 21
-171.6500000000001
 31
0.0
  0
ARC
  5
10000191
102
{ACAD_XDICTIONARY
360
10000192
102
}
330
1F
100
AcDbEntity
  8
VISIBLE
100
AcDbCircle
 10
86.85000000000002
 20
-173.6500000000001
 30
0.0
 40
2.0
100
AcDbArc
 50
90.0
 51
180.0
  0
LINE
  5
10000197
102
{ACAD_XDICTIONARY
360
10000198
102
}
330
1F
100
AcDbEntity
  8
VISIBLE
100
AcDbLine
 10
84.85000000000002
 20
-173.6500000000001
 30
0.0
 11
84.85000000000002
 21
-181.3500000000001
 31
0.0
  0
ARC
  5
1000019B
102
{ACAD_XDICTIONARY
360
1000019C
102
}
330
1F
100
AcDbEntity
  8
VISIBLE
100
AcDbCircle
 10
86.85000000000002
 20
-181.3500000000001
 30
0.0
 40
2.0
100
AcDbArc
 50
180.0
 51
270.0
  0
LINE
  5
100001A1
102
{ACAD_XDICTIONARY
360
100001A2
102
}
330
1F
100
AcDbEntity
  8
VISIBLE
100
AcDbLine
 10
86.85000000000002
 20
-183.3500000000001
 30
0.0
 11
87.85000000000002
 21
-183.3500000000001
 31
0.0
  0
LINE
  5
100001A5
102
{ACAD_XDICTIONARY
360
100001A6
102
}
330
1F
100
AcDbEntity
  8
VISIBLE
100
AcDbLine
 10
87.85000000000002
 20
-183.3500000000001
 30
0.0
 11
87.85000000000002
 21
-195.0500000000001
 31
0.0
  0
LINE
  5
100001A9
102
{ACAD_XDICTIONARY
360
100001AA
102
}
330
1F
100
AcDbEntity
  8
VISIBLE
100
AcDbLine
 10
87.85000000000002
 20
-195.0500000000001
 30
0.0
 11
86.85000000000002
 21
-195.0500000000001
 31
0.0
  0
ARC
  5
100001AD
102
{ACAD_XDICTIONARY
360
100001AE
102
}
330
1F
100
AcDbEntity
  8
VISIBLE
100
AcDbCircle
 10
86.85000000000002
 20
-197.0500000000001
 30
0.0
 40
2.0
100
AcDbArc
 50
90.0
 51
180.0
  0
LINE
  5
100001B3
102
{ACAD_XDICTIONARY
360
100001B4
102
}
330
1F
100
AcDbEntity
  8
VISIBLE
100
AcDbLine
 10
84.85000000000002
 20
-197.0500000000001
 30
0.0
 11
84.85000000000002
 21
-204.7500000000001
 31
0.0
  0
ARC
  5
100001B7
102
{ACAD_XDICTIONARY
360
100001B8
102
}
330
1F
100
AcDbEntity
  8
VISIBLE
100
AcDbCircle
 10
86.85000000000002
 20
-204.7500000000001
 30
0.0
 40
2.0
100
AcDbArc
 50
180.0
 51
270.0
  0
LINE
  5
100001BD
102
{ACAD_XDICTIONARY
360
100001BE
102
}
330
1F
100
AcDbEntity
  8
VISIBLE
100
AcDbLine
 10
86.85000000000002
 20
-206.7500000000001
 30
0.0
 11
87.85000000000002
 21
-206.7500000000001
 31
0.0
  0
LINE
  5
100001C1
102
{ACAD_XDICTIONARY
360
100001C2
102
}
330
1F
100
AcDbEntity
  8
VISIBLE
100
AcDbLine
 10
87.85000000000002
 20
-206.7500000000001
 30
0.0
 11
87.85000000000002
 21
-218.45
 31
0.0
  0
LINE
  5
100001C5
102
{ACAD_XDICTIONARY
360
100001C6
102
}
330
1F
100
AcDbEntity
  8
VISIBLE
100
AcDbLine
 10
87.85000000000002
 20
-218.45
 30
0.0
 11
86.85000000000002
 21
-218.45
 31
0.0
  0
ARC
  5
100001C9
102
{ACAD_XDICTIONARY
360
100001CA
102
}
330
1F
100
AcDbEntity
  8
VISIBLE
100
AcDbCircle
 10
86.85000000000002
 20
-220.45
 30
0.0
 40
2.0
100
AcDbArc
 50
90.0
 51
180.0
  0
LINE
  5
100001CF
102
{ACAD_XDICTIONARY
360
100001D0
102
}
330
1F
100
AcDbEntity
  8
VISIBLE
100
AcDbLine
 10
84.85000000000002
 20
-220.45
 30
0.0
 11
84.85000000000002
 21
-228.15
 31
0.0
  0
ARC
  5
100001D3
102
{ACAD_XDICTIONARY
360
100001D4
102
}
330
1F
100
AcDbEntity
  8
VISIBLE
100
AcDbCircle
 10
86.85000000000002
 20
-228.15
 30
0.0
 40
2.0
100
AcDbArc
 50
180.0
 51
270.0
  0
LINE
  5
100001D9
102
{ACAD_XDICTIONARY
360
100001DA
102
}
330
1F
100
AcDbEntity
  8
VISIBLE
100
AcDbLine
 10
86.85000000000002
 20
-230.1500000000001
 30
0.0
 11
87.85000000000002
 21
-230.1500000000001
 31
0.0
  0
LINE
  5
100001DD
102
{ACAD_XDICTIONARY
360
100001DE
102
}
330
1F
100
AcDbEntity
  8
VISIBLE
100
AcDbLine
 10
87.85000000000002
 20
-239.85
 30
0.0
 11
87.85000000000002
 21
-230.1500000000001
 31
0.0
  0
ARC
  5
100001E1
102
{ACAD_XDICTIONARY
360
100001E2
102
}
330
1F
100
AcDbEntity
  8
VISIBLE
100
AcDbCircle
 10
89.85000000000002
 20
-239.85
 30
0.0
 40
2.0
100
AcDbArc
 50
180.0
 51
270.0
  0
LINE
  5
100001E7
102
{ACAD_XDICTIONARY
360
100001E8
102
}
330
1F
100
AcDbEntity
  8
VISIBLE
100
AcDbLine
 10
89.85000000000002
 20
-241.8500000000001
 30
0.0
 11
97.20000000000005
 21
-241.85
 31
0.0
  0
LINE
  5
100001EB
102
{ACAD_XDICTIONARY
360
100001EC
102
}
330
1F
100
AcDbEntity
  8
VISIBLE
100
AcDbLine
 10
97.20000000000005
 20
-241.85
 30
0.0
 11
97.20000000000005
 21
-242.85
 31
0.0
  0
ARC
  5
100001EF
102
{ACAD_XDICTIONARY
360
100001F0
102
}
330
1F
100
AcDbEntity
  8
VISIBLE
100
AcDbCircle
 10
99.20000000000005
 20
-242.85
 30
0.0
 40
2.0
100
AcDbArc
 50
180.0
 51
270.0
  0
LINE
  5
100001F5
102
{ACAD_XDICTIONARY
360
100001F6
102
}
330
1F
100
AcDbEntity
  8
VISIBLE
100
AcDbLine
 10
99.20000000000005
 20
-244.85
 30
0.0
 11
106.9
 21
-244.85
 31
0.0
  0
ARC
  5
100001F9
102
{ACAD_XDICTIONARY
360
100001FA
102
}
330
1F
100
AcDbEntity
  8
VISIBLE
100
AcDbCircle
 10
106.9
 20
-242.85
 30
0.0
 40
2.0
100
AcDbArc
 50
270.0
 51
0.0
  0
LINE
  5
100001FF
102
{ACAD_XDICTIONARY
360
10000200
102
}
330
1F
100
AcDbEntity
  8
VISIBLE
100
AcDbLine
 10
108.9
 20
-242.85
 30
0.0
 11
108.9
 21
-241.85
 31
0.0
  0
LINE
  5
10000203
102
{ACAD_XDICTIONARY
360
10000204
102
}
330
1F
100
AcDbEntity
  8
VISIBLE
100
AcDbLine
 10
108.9
 20
-241.85
 30
0.0
 11
120.6
 21
-241.85
 31
0.0
  0
LINE
  5
10000207
102
{ACAD_XDICTIONARY
360
10000208
102
}
330
1F
100
AcDbEntity
  8
VISIBLE
100
AcDbLine
 10
120.6
 20
-241.85
 30
0.0
 11
120.6
 21
-242.85
 31
0.0
  0
ARC
  5
1000020B
102
{ACAD_XDICTIONARY
360
1000020C
102
}
330
1F
100
AcDbEntity
  8
VISIBLE
100
AcDbCircle
 10
122.6
 20
-242.85
 30
0.0
 40
2.0
100
AcDbArc
 50
180.0
 51
270.0
  0
LINE
  5
10000211
102
{ACAD_XDICTIONARY
360
10000212
102
}
330
1F
100
AcDbEntity
  8
VISIBLE
100
AcDbLine
 10
122.6
 20
-244.85
 30
0.0
 11
130.3
 21
-244.85
 31
0.0
  0
ARC
  5
10000215
102
{ACAD_XDICTIONARY
360
10000216
102
}
330
1F
100
AcDbEntity
  8
VISIBLE
100
AcDbCircle
 10
130.3
 20
-242.85
 30
0.0
 40
2.0
100
AcDbArc
 50
270.0
 51
0.0
  0
LINE
  5
1000021B
102
{ACAD_XDICTIONARY
360
1000021C
102
}
330
1F
100
AcDbEntity
  8
VISIBLE
100
AcDbLine
 10
132.3
 20
-242.85
 30
0.0
 11
132.3
 21
-241.85
 31
0.0
  0
LINE
  5
1000021F
102
{ACAD_XDICTIONARY
360
10000220
102
}
330
1F
100
AcDbEntity
  8
VISIBLE
100
AcDbLine
 10
132.3
 20
-241.85
 30
0.0
 11
144.0
 21
-241.85
 31
0.0
  0
LINE
  5
10000223
102
{ACAD_XDICTIONARY
360
10000224
102
}
330
1F
100
AcDbEntity
  8
VISIBLE
100
AcDbLine
 10
144.0
 20
-241.85
 30
0.0
 11
144.0
 21
-242.85
 31
0.0
  0
ARC
  5
10000227
102
{ACAD_XDICTIONARY
360
10000228
102
}
330
1F
100
AcDbEntity
  8
VISIBLE
100
AcDbCircle
 10
146.0
 20
-242.85
 30
0.0
 40
2.0
100
AcDbArc
 50
180.0
 51
270.0
  0
LINE
  5
1000022D
102
{ACAD_XDICTIONARY
360
1000022E
102
}
330
1F
100
AcDbEntity
  8
VISIBLE
100
AcDbLine
 10
146.0
 20
-244.85
 30
0.0
 11
153.7
 21
-244.85
 31
0.0
  0
ARC
  5
10000231
102
{ACAD_XDICTIONARY
360
10000232
102
}
330
1F
100
AcDbEntity
  8
VISIBLE
100
AcDbCircle
 10
153.7
 20
-242.85
 30
0.0
 40
2.0
100
AcDbArc
 50
270.0
 51
0.0
  0
LINE
  5
10000237
102
{ACAD_XDICTIONARY
360
10000238
102
}
330
1F
100
AcDbEntity
  8
VISIBLE
100
AcDbLine
 10
155.7000000000001
 20
-242.85
 30
0.0
 11
155.7000000000001
 21
-241.85
 31
0.0
  0
LINE
  5
1000023B
102
{ACAD_XDICTIONARY
360
1000023C
102
}
330
1F
100
AcDbEntity
  8
VISIBLE
100
AcDbLine
 10
155.7000000000001
 20
-241.85
 30
0.0
 11
167.4000000000001
 21
-241.85
 31
0.0
  0
LINE
  5
1000023F
102
{ACAD_XDICTIONARY
360
10000240
102
}
330
1F
100
AcDbEntity
  8
VISIBLE
100
AcDbLine
 10
167.4000000000001
 20
-241.85
 30
0.0
 11
167.4000000000001
 21
-242.85
 31
0.0
  0
ARC
  5
10000243
102
{ACAD_XDICTIONARY
360
10000244
102
}
330
1F
100
AcDbEntity
  8
VISIBLE
100
AcDbCircle
 10
169.4000000000001
 20
-242.85
 30
0.0
 40
2.0
100
AcDbArc
 50
180.0
 51
270.0
  0
LINE
  5
10000249
102
{ACAD_XDICTIONARY
360
1000024A
102
}
330
1F
100
AcDbEntity
  8
VISIBLE
100
AcDbLine
 10
169.4000000000001
 20
-244.85
 30
0.0
 11
177.1
 21
-244.85
 31
0.0
  0
ARC
  5
1000024D
102
{ACAD_XDICTIONARY
360
1000024E
102
}
330
1F
100
AcDbEntity
  8
VISIBLE
100
AcDbCircle
 10
177.1
 20
-242.85
 30
0.0
 40
2.0
100
AcDbArc
 50
270.0
 51
0.0
  0
LINE
  5
10000253
102
{ACAD_XDICTIONARY
360
10000254
102
}
330
1F
100
AcDbEntity
  8
VISIBLE
100
AcDbLine
 10
179.1
 20
-242.85
 30
0.0
 11
179.1
 21
-241.85
 31
0.0
  0
LINE
  5
10000257
102
{ACAD_XDICTIONARY
360
10000258
102
}
330
1F
100
AcDbEntity
  8
VISIBLE
100
AcDbLine
 10
179.1
 20
-241.85
 30
0.0
 11
190.8
 21
-241.85
 31
0.0
  0
LINE
  5
1000025B
102
{ACAD_XDICTIONARY
360
1000025C
102
}
330
1F
100
AcDbEntity
  8
VISIBLE
100
AcDbLine
 10
190.8
 20
-241.85
 30
0.0
 11
190.8
 21
-242.85
 31
0.0
  0
ARC
  5
1000025F
102
{ACAD_XDICTIONARY
360
10000260
102
}
330
1F
100
AcDbEntity
  8
VISIBLE
100
AcDbCircle
 10
192.8
 20
-242.85
 30
0.0
 40
2.0
100
AcDbArc
 50
180.0
 51
270.0
  0
LINE
  5
10000265
102
{ACAD_XDICTIONARY
360
10000266
102
}
330
1F
100
AcDbEntity
  8
VISIBLE
100
AcDbLine
 10
192.8
 20
-244.85
 30
0.0
 11
200.5
 21
-244.85
 31
0.0
  0
ARC
  5
10000269
102
{ACAD_XDICTIONARY
360
1000026A
102
}
330
1F
100
AcDbEntity
  8
VISIBLE
100
AcDbCircle
 10
200.5
 20
-242.85
 30
0.0
 40
2.0
100
AcDbArc
 50
270.0
 51
0.0
  0
LINE
  5
1000026F
102
{ACAD_XDICTIONARY
360
10000270
102
}
330
1F
100
AcDbEntity
  8
VISIBLE
100
AcDbLine
 10
202.5
 20
-242.85
 30
0.0
 11
202.5
 21
-241.85
 31
0.0
  0
LINE
  5
10000273
102
{ACAD_XDICTIONARY
360
10000274
102
}
330
1F
100
AcDbEntity
  8
VISIBLE
100
AcDbLine
 10
202.5
 20
-241.85
 30
0.0
 11
209.85
 21
-241.85
 31
0.0
  0
ARC
  5
10000277
102
{ACAD_XDICTIONARY
360
10000278
102
}
330
1F
100
AcDbEntity
  8
VISIBLE
100
AcDbCircle
 10
209.85
 20
-239.85
 30
0.0
 40
2.0
100
AcDbArc
 50
270.0
 51
0.0
  0
LINE
  5
1000027D
102
{ACAD_XDICTIONARY
360
1000027E
102
}
330
1F
100
AcDbEntity
  8
VISIBLE
100
AcDbLine
 10
211.8500000000001
 20
-239.85
 30
0.0
 11
211.8500000000001
 21
-230.1500000000001
 31
0.0
  0
LINE
  5
10000281
102
{ACAD_XDICTIONARY
360
10000282
102
}
330
1F
100
AcDbEntity
  8
VISIBLE
100
AcDbLine
 10
211.8500000000001
 20
-230.1500000000001
 30
0.0
 11
212.8500000000001
 21
-230.1500000000001
 31
0.0
  0
ARC
  5
10000285
102
{ACAD_XDICTIONARY
360
10000286
102
}
330
1F
100
AcDbEntity
  8
VISIBLE
100
AcDbCircle
 10
212.8500000000001
 20
-228.15
 30
0.0
 40
2.0
100
AcDbArc
 50
270.0
 51
0.0
  0
LINE
  5
1000028B
102
{ACAD_XDICTIONARY
360
1000028C
102
}
330
1F
100
AcDbEntity
  8
VISIBLE
100
AcDbLine
 10
214.8500000000001
 20
-228.15
 30
0.0
 11
214.8500000000001
 21
-220.45
 31
0.0
  0
ARC
  5
1000028F
102
{ACAD_XDICTIONARY
360
10000290
102
}
330
1F
100
AcDbEntity
  8
VISIBLE
100
AcDbCircle
 10
212.8500000000001
 20
-220.45
 30
0.0
 40
2.0
100
AcDbArc
 50
0.0
 51
90.0
  0
LINE
  5
10000295
102
{ACAD_XDICTIONARY
360
10000296
102
}
330
1F
100
AcDbEntity
  8
VISIBLE
100
AcDbLine
 10
212.8500000000001
 20
-218.45
 30
0.0
 11
211.8500000000001
 21
-218.45
 31
0.0
  0
LINE
  5
10000299
102
{ACAD_XDICTIONARY
360
1000029A
102
}
330
1F
100
AcDbEntity
  8
VISIBLE
100
AcDbLine
 10
211.8500000000001
 20
-218.45
 30
0.0
 11
211.8500000000001
 21
-206.7500000000001
 31
0.0
  0
LINE
  5
1000029D
102
{ACAD_XDICTIONARY
360
1000029E
102
}
330
1F
100
AcDbEntity
  8
VISIBLE
100
AcDbLine
 10
211.8500000000001
 20
-206.7500000000001
 30
0.0
 11
212.8500000000001
 21
-206.7500000000001
 31
0.0
  0
ARC
  5
100002A1
102
{ACAD_XDICTIONARY
360
100002A2
102
}
330
1F
100
AcDbEntity
  8
VISIBLE
100
AcDbCircle
 10
212.8500000000001
 20
-204.7500000000001
 30
0.0
 40
2.0
100
AcDbArc
 50
270.0
 51
0.0
  0
LINE
  5
100002A7
102
{ACAD_XDICTIONARY
360
100002A8
102
}
330
1F
100
AcDbEntity
  8
VISIBLE
100
AcDbLine
 10
214.8500000000001
 20
-204.7500000000001
 30
0.0
 11
214.8500000000001
 21
-197.0500000000001
 31
0.0
  0
ARC
  5
100002AB
102
{ACAD_XDICTIONARY
360
100002AC
102
}
330
1F
100
AcDbEntity
  8
VISIBLE
100
AcDbCircle
 10
212.8500000000001
 20
-197.0500000000001
 30
0.0
 40
2.0
100
AcDbArc
 50
0.0
 51
90.0
  0
LINE
  5
100002B1
102
{ACAD_XDICTIONARY
360
100002B2
102
}
330
1F
100
AcDbEntity
  8
VISIBLE
100
AcDbLine
 10
212.8500000000001
 20
-195.0500000000001
 30
0.0
 11
211.8500000000001
 21
-195.0500000000001
 31
0.0
  0
LINE
  5
100002B5
102
{ACAD_XDICTIONARY
360
100002B6
102
}
330
1F
100
AcDbEntity
  8
VISIBLE
100
AcDbLine
 10
211.8500000000001
 20
-195.0500000000001
 30
0.0
 11
211.8500000000001
 21
-183.3500000000001
 31
0.0
  0
LINE
  5
100002B9
102
{ACAD_XDICTIONARY
360
100002BA
102
}
330
1F
100
AcDbEntity
  8
VISIBLE
100
AcDbLine
 10
211.8500000000001
 20
-183.3500000000001
 30
0.0
 11
212.8500000000001
 21
-183.3500000000001
 31
0.0
  0
ARC
  5
100002BD
102
{ACAD_XDICTIONARY
360
100002BE
102
}
330
1F
100
AcDbEntity
  8
VISIBLE
100
AcDbCircle
 10
212.8500000000001
 20
-181.3500000000001
 30
0.0
 40
2.0
100
AcDbArc
 50
270.0
 51
0.0
  0
LINE
  5
100002C3
102
{ACAD_XDICTIONARY
360
100002C4
102
}
330
1F
100
AcDbEntity
  8
VISIBLE
100
AcDbLine
 10
214.8500000000001
 20
-181.3500000000001
 30
0.0
 11
214.8500000000001
 21
-173.6500000000001
 31
0.0
  0
ARC
  5
100002C7
102
{ACAD_XDICTIONARY
360
100002C8
102
}
330
1F
100
AcDbEntity
  8
VISIBLE
100
AcDbCircle
 10
212.8500000000001
 20
-173.6500000000001
 30
0.0
 40
2.0
100
AcDbArc
 50
0.0
 51
90.0
  0
LINE
  5
100002CD
102
{ACAD_XDICTIONARY
360
100002CE
102
}
330
1F
100
AcDbEntity
  8
VISIBLE
100
AcDbLine
 10
212.8500000000001
 20
-171.6500000000001
 30
0.0
 11
211.8500000000001
 21
-171.6500000000001
 31
0.0
  0
LINE
  5
100002D1
102
{ACAD_XDICTIONARY
360
100002D2
102
}
330
1F
100
AcDbEntity
  8
VISIBLE
100
AcDbLine
 10
211.8500000000001
 20
-171.6500000000001
 30
0.0
 11
211.8500000000001
 21
-159.95
 31
0.0
  0
LINE
  5
100002D5
102
{ACAD_XDICTIONARY
360
100002D6
102
}
330
1F
100
AcDbEntity
  8
VISIBLE
100
AcDbLine
 10
211.8500000000001
 20
-159.95
 30
0.0
 11
212.8500000000001
 21
-159.95
 31
0.0
  0
ARC
  5
100002D9
102
{ACAD_XDICTIONARY
360
100002DA
102
}
330
1F
100
AcDbEntity
  8
VISIBLE
100
AcDbCircle
 10
212.8500000000001
 20
-157.95
 30
0.0
 40
2.0
100
AcDbArc
 50
270.0
 51
0.0
  0
LINE
  5
100002DF
102
{ACAD_XDICTIONARY
360
100002E0
102
}
330
1F
100
AcDbEntity
  8
VISIBLE
100
AcDbLine
 10
214.8500000000001
 20
-157.95
 30
0.0
 11
214.8500000000001
 21
-150.2500000000001
 31
0.0
  0
ARC
  5
100002E3
102
{ACAD_XDICTIONARY
360
100002E4
102
}
330
1F
100
AcDbEntity
  8
VISIBLE
100
AcDbCircle
 10
212.8500000000001
 20
-150.2500000000001
 30
0.0
 40
2.0
100
AcDbArc
 50
0.0
 51
90.0
  0
LINE
  5
100002E9
102
{ACAD_XDICTIONARY
360
100002EA
102
}
330
1F
100
AcDbEntity
  8
VISIBLE
100
AcDbLine
 10
212.8500000000001
 20
-148.2500000000001
 30
0.0
 11
211.8500000000001
 21
-148.2500000000001
 31
0.0
  0
LINE
  5
100002ED
102
{ACAD_XDICTIONARY
360
100002EE
102
}
330
1F
100
AcDbEntity
  8
VISIBLE
100
AcDbLine
 10
211.8500000000001
 20
-148.2500000000001
 30
0.0
 11
211.8500000000001
 21
-136.55
 31
0.0
  0
LINE
  5
100002F1
102
{ACAD_XDICTIONARY
360
100002F2
102
}
330
1F
100
AcDbEntity
  8
VISIBLE
100
AcDbLine
 10
211.8500000000001
 20
-136.55
 30
0.0
 11
212.8500000000001
 21
-136.55
 31
0.0
  0
ARC
  5
100002F5
102
{ACAD_XDICTIONARY
360
100002F6
102
}
330
1F
100
AcDbEntity
  8
VISIBLE
100
AcDbCircle
 10
212.8500000000001
 20
-134.55
 30
0.0
 40
2.0
100
AcDbArc
 50
270.0
 51
0.0
  0
LINE
  5
100002FB
102
{ACAD_XDICTIONARY
360
100002FC
102
}
330
1F
100
AcDbEntity
  8
VISIBLE
100
AcDbLine
 10
214.8500000000001
 20
-126.8500000000001
 30
0.0
 11
214.8500000000001
 21
-134.55
 31
0.0
  0
ARC
  5
100002FF
102
{ACAD_XDICTIONARY
360
10000300
102
}
330
1F
100
AcDbEntity
  8
VISIBLE
100
AcDbCircle
 10
212.8500000000001
 20
-126.8500000000001
 30
0.0
 40
2.0
100
AcDbArc
 50
0.0
 51
90.0
  0
LINE
  5
10000305
102
{ACAD_XDICTIONARY
360
10000306
102
}
330
1F
100
AcDbEntity
  8
VISIBLE
100
AcDbLine
 10
211.8500000000001
 20
-124.85
 30
0.0
 11
212.8500000000001
 21
-124.8500000000001
 31
0.0
  0
LINE
  5
10000309
102
{ACAD_XDICTIONARY
360
1000030A
102
}
330
1F
100
AcDbEntity
  8
VISIBLE
100
AcDbLine
 10
107.5405989232415
 20
-217.35
 30
0.0
 11
112.1594010767585
 21
-217.35
 31
0.0
  0
ARC
  5
1000030D
102
{ACAD_XDICTIONARY
360
1000030E
102
}
330
1F
100
AcDbEntity
  8
VISIBLE
100
AcDbCircle
 10
107.5405989232415
 20
-214.35
 30
0.0
 40
3.0
100
AcDbArc
 50
209.9999999999994
 51
269.9999999999994
  0
LINE
  5
10000313
102
{ACAD_XDICTIONARY
360
10000314
102
}
330
1F
100
AcDbEntity
  8
VISIBLE
100
AcDbLine
 10
102.6331216351297
 20
-211.8499999999999
 30
0.0
 11
104.9425227118882
 21
-215.85
 31
0.0
  0
ARC
  5
10000317
102
{ACAD_XDICTIONARY
360
10000318
102
}
330
1F
100
AcDbEntity
  8
VISIBLE
100
AcDbCircle
 10
105.231197846483
 20
-210.35
 30
0.0
 40
3.0
100
AcDbArc
 50
149.9999999999993
 51
209.9999999999995
  0
LINE
  5
1000031D
102
{ACAD_XDICTIONARY
360
1000031E
102
}
330
1F
100
AcDbEntity
  8
VISIBLE
100
AcDbLine
 10
104.9425227118883
 20
-204.8499999999999
 30
0.0
 11
102.6331216351298
 21
-208.8499999999999
 31
0.0
  0
ARC
  5
10000321
102
{ACAD_XDICTIONARY
360
10000322
102
}
330
1F
100
AcDbEntity
  8
VISIBLE
100
AcDbCircle
 10
107.5405989232416
 20
-206.3499999999999
 30
0.0
 40
3.0
100
AcDbArc
 50
89.99999999999949
 51
149.9999999999993
  0
LINE
  5
10000327
102
{ACAD_XDICTIONARY
360
10000328
102
}
330
1F
100
AcDbEntity
  8
VISIBLE
100
AcDbLine
 10
112.1594010767586
 20
-203.35
 30
0.0
 11
107.5405989232416
 21
-203.3499999999999
 31
0.0
  0
ARC
  5
1000032B
102
{ACAD_XDICTIONARY
360
1000032C
102
}
330
1F
100
AcDbEntity
  8
VISIBLE
100
AcDbCircle
 10
112.1594010767586
 20
-206.35
 30
0.0
 40
3.0
100
AcDbArc
 50
29.99999999999956
 51
89.99999999999949
  0
LINE
  5
10000331
102
{ACAD_XDICTIONARY
360
10000332
102
}
330
1F
100
AcDbEntity
  8
VISIBLE
100
AcDbLine
 10
117.0668783648704
 20
-208.8500000000001
 30
0.0
 11
114.7574772881119
 21
-204.85
 31
0.0
  0
ARC
  5
10000335
102
{ACAD_XDICTIONARY
360
10000336
102
}
330
1F
100
AcDbEntity
  8
VISIBLE
100
AcDbCircle
 10
114.468802153517
 20
-210.35
 30
0.0
 40
3.0
100
AcDbArc
 50
329.9999999999991
 51
29.99999999999956
  0
LINE
  5
1000033B
102
{ACAD_XDICTIONARY
360
1000033C
102
}
330
1F
100
AcDbEntity
  8
VISIBLE
100
AcDbLine
 10
114.7574772881118
 20
-215.8500000000001
 30
0.0
 11
117.0668783648704
 21
-211.8500000000001
 31
0.0
  0
ARC
  5
1000033F
102
{ACAD_XDICTIONARY
360
10000340
102
}
330
1F
100
AcDbEntity
  8
VISIBLE
100
AcDbCircle
 10
112.1594010767585
 20
-214.35
 30
0.0
 40
3.0
100
AcDbArc
 50
269.9999999999994
 51
329.9999999999994
  0
LINE
  5
10000345
102
{ACAD_XDICTIONARY
360
10000346
102
}
330
1F
100
AcDbEntity
  8
VISIBLE
100
AcDbLine
 10
127.5405989232415
 20
-217.35
 30
0.0
 11
132.1594010767585
 21
-217.35
 31
0.0
  0
ARC
  5
10000349
102
{ACAD_XDICTIONARY
360
1000034A
102
}
330
1F
100
AcDbEntity
  8
VISIBLE
100
AcDbCircle
 10
127.5405989232415
 20
-214.35
 30
0.0
 40
3.0
100
AcDbArc
 50
209.9999999999993
 51
269.9999999999994
  0
LINE
  5
1000034F
102
{ACAD_XDICTIONARY
360
10000350
102
}
330
1F
100
AcDbEntity
  8
VISIBLE
100
AcDbLine
 10
122.6331216351297
 20
-211.8499999999999
 30
0.0
 11
124.9425227118882
 21
-215.85
 31
0.0
  0
ARC
  5
10000353
102
{ACAD_XDICTIONARY
360
10000354
102
}
330
1F
100
AcDbEntity
  8
VISIBLE
100
AcDbCircle
 10
125.2311978464831
 20
-210.35
 30
0.0
 40
3.0
100
AcDbArc
 50
149.9999999999995
 51
209.9999999999993
  0
LINE
  5
10000359
102
{ACAD_XDICTIONARY
360
1000035A
102
}
330
1F
100
AcDbEntity
  8
VISIBLE
100
AcDbLine
 10
124.9425227118883
 20
-204.8499999999999
 30
0.0
 11
122.6331216351298
 21
-208.8499999999999
 31
0.0
  0
ARC
  5
1000035D
102
{ACAD_XDICTIONARY
360
1000035E
102
}
330
1F
100
AcDbEntity
  8
VISIBLE
100
AcDbCircle
 10
127.5405989232416
 20
-206.3499999999999
 30
0.0
 40
3.0
100
AcDbArc
 50
89.99999999999949
 51
149.9999999999995
  0
LINE
  5
10000363
102
{ACAD_XDICTIONARY
360
10000364
102
}
330
1F
100
AcDbEntity
  8
VISIBLE
100
AcDbLine
 10
132.1594010767586
 20
-203.35
 30
0.0
 11
127.5405989232416
 21
-203.3499999999999
 31
0.0
  0
ARC
  5
10000367
102
{ACAD_XDICTIONARY
360
10000368
102
}
330
1F
100
AcDbEntity
  8
VISIBLE
100
AcDbCircle
 10
132.1594010767586
 20
-206.35
 30
0.0
 40
3.0
100
AcDbArc
 50
29.99999999999925
 51
89.99999999999949
  0
LINE
  5
1000036D
102
{ACAD_XDICTIONARY
360
1000036E
102
}
330
1F
100
AcDbEntity
  8
VISIBLE
100
AcDbLine
 10
137.0668783648704
 20
-208.8500000000001
 30
0.0
 11
134.7574772881119
 21
-204.85
 31
0.0
  0
ARC
  5
10000371
102
{ACAD_XDICTIONARY
360
10000372
102
}
330
1F
100
AcDbEntity
  8
VISIBLE
100
AcDbCircle
 10
134.4688021535171
 20
-210.35
 30
0.0
 40
3.0
100
AcDbArc
 50
329.9999999999991
 51
29.99999999999956
  0
LINE
  5
10000377
102
{ACAD_XDICTIONARY
360
10000378
102
}
330
1F
100
AcDbEntity
  8
VISIBLE
100
AcDbLine
 10
134.7574772881118
 20
-215.8500000000001
 30
0.0
 11
137.0668783648704
 21
-211.8500000000001
 31
0.0
  0
ARC
  5
1000037B
102
{ACAD_XDICTIONARY
360
1000037C
102
}
330
1F
100
AcDbEntity
  8
VISIBLE
100
AcDbCircle
 10
132.1594010767585
 20
-214.35
 30
0.0
 40
3.0
100
AcDbArc
 50
269.9999999999994
 51
329.9999999999995
  0
LINE
  5
10000381
102
{ACAD_XDICTIONARY
360
10000382
102
}
330
1F
100
AcDbEntity
  8
VISIBLE
100
AcDbLine
 10
167.5405989232415
 20
-217.35
 30
0.0
 11
172.1594010767585
 21
-217.35
 31
0.0
  0
ARC
  5
10000385
102
{ACAD_XDICTIONARY
360
10000386
102
}
330
1F
100
AcDbEntity
  8
VISIBLE
100
AcDbCircle
 10
167.5405989232415
 20
-214.35
 30
0.0
 40
3.0
100
AcDbArc
 50
209.9999999999993
 51
269.9999999999994
  0
LINE
  5
1000038B
102
{ACAD_XDICTIONARY
360
1000038C
102
}
330
1F
100
AcDbEntity
  8
VISIBLE
100
AcDbLine
 10
162.6331216351297
 20
-211.8499999999999
 30
0.0
 11
164.9425227118882
 21
-215.85
 31
0.0
  0
ARC
  5
1000038F
102
{ACAD_XDICTIONARY
360
10000390
102
}
330
1F
100
AcDbEntity
  8
VISIBLE
100
AcDbCircle
 10
165.231197846483
 20
-210.35
 30
0.0
 40
3.0
100
AcDbArc
 50
149.9999999999993
 51
209.9999999999995
  0
LINE
  5
10000395
102
{ACAD_XDICTIONARY
360
10000396
102
}
330
1F
100
AcDbEntity
  8
VISIBLE
100
AcDbLine
 10
164.9425227118883
 20
-204.8499999999999
 30
0.0
 11
162.6331216351298
 21
-208.8499999999999
 31
0.0
  0
ARC
  5
10000399
102
{ACAD_XDICTIONARY
360
1000039A
102
}
330
1F
100
AcDbEntity
  8
VISIBLE
100
AcDbCircle
 10
167.5405989232416
 20
-206.3499999999999
 30
0.0
 40
3.0
100
AcDbArc
 50
89.99999999999949
 51
149.9999999999995
  0
LINE
  5
1000039F
102
{ACAD_XDICTIONARY
360
100003A0
102
}
330
1F
100
AcDbEntity
  8
VISIBLE
100
AcDbLine
 10
172.1594010767586
 20
-203.35
 30
0.0
 11
167.5405989232416
 21
-203.3499999999999
 31
0.0
  0
ARC
  5
100003A3
102
{ACAD_XDICTIONARY
360
100003A4
102
}
330
1F
100
AcDbEntity
  8
VISIBLE
100
AcDbCircle
 10
172.1594010767586
 20
-206.35
 30
0.0
 40
3.0
100
AcDbArc
 50
29.99999999999956
 51
89.99999999999949
  0
LINE
  5
100003A9
102
{ACAD_XDICTIONARY
360
100003AA
102
}
330
1F
100
AcDbEntity
  8
VISIBLE
100
AcDbLine
 10
177.0668783648704
 20
-208.8500000000001
 30
0.0
 11
174.7574772881119
 21
-204.85
 31
0.0
  0
ARC
  5
100003AD
102
{ACAD_XDICTIONARY
360
100003AE
102
}
330
1F
100
AcDbEntity
  8
VISIBLE
100
AcDbCircle
 10
174.468802153517
 20
-210.35
 30
0.0
 40
3.0
100
AcDbArc
 50
329.9999999999993
 51
29.99999999999925
  0
LINE
  5
100003B3
102
{ACAD_XDICTIONARY
360
100003B4
102
}
330
1F
100
AcDbEntity
  8
VISIBLE
100
AcDbLine
 10
174.7574772881118
 20
-215.8500000000001
 30
0.0
 11
177.0668783648704
 21
-211.8500000000001
 31
0.0
  0
ARC
  5
100003B7
102
{ACAD_XDICTIONARY
360
100003B8
102
}
330
1F
100
AcDbEntity
  8
VISIBLE
100
AcDbCircle
 10
172.1594010767585
 20
-214.35
 30
0.0
 40
3.0
100
AcDbArc
 50
269.9999999999994
 51
329.9999999999993
  0
LINE
  5
100003BD
102
{ACAD_XDICTIONARY
360
100003BE
102
}
330
1F
100
AcDbEntity
  8
VISIBLE
100
AcDbLine
 10
187.5405989232415
 20
-217.35
 30
0.0
 11
192.1594010767585
 21
-217.35
 31
0.0
  0
ARC
  5
100003C1
102
{ACAD_XDICTIONARY
360
100003C2
102
}
330
1F
100
AcDbEntity
  8
VISIBLE
100
AcDbCircle
 10
187.5405989232415
 20
-214.35
 30
0.0
 40
3.0
100
AcDbArc
 50
209.9999999999995
 51
269.9999999999994
  0
LINE
  5
100003C7
102
{ACAD_XDICTIONARY
360
100003C8
102
}
330
1F
100
AcDbEntity
  8
VISIBLE
100
AcDbLine
 10
182.6331216351297
 20
-211.8499999999999
 30
0.0
 11
184.9425227118882
 21
-215.85
 31
0.0
  0
ARC
  5
100003CB
102
{ACAD_XDICTIONARY
360
100003CC
102
}
330
1F
100
AcDbEntity
  8
VISIBLE
100
AcDbCircle
 10
185.2311978464831
 20
-210.35
 30
0.0
 40
3.0
100
AcDbArc
 50
149.9999999999995
 51
209.9999999999993
  0
LINE
  5
100003D1
102
{ACAD_XDICTIONARY
360
100003D2
102
}
330
1F
100
AcDbEntity
  8
VISIBLE
100
AcDbLine
 10
184.9425227118883
 20
-204.8499999999999
 30
0.0
 11
182.6331216351298
 21
-208.8499999999999
 31
0.0
  0
ARC
  5
100003D5
102
{ACAD_XDICTIONARY
360
100003D6
102
}
330
1F
100
AcDbEntity
  8
VISIBLE
100
AcDbCircle
 10
187.5405989232416
 20
-206.3499999999999
 30
0.0
 40
3.0
100
AcDbArc
 50
89.99999999999949
 51
149.9999999999993
  0
LINE
  5
100003DB
102
{ACAD_XDICTIONARY
360
100003DC
102
}
330
1F
100
AcDbEntity
  8
VISIBLE
100
AcDbLine
 10
192.1594010767586
 20
-203.35
 30
0.0
 11
187.5405989232416
 21
-203.3499999999999
 31
0.0
  0
ARC
  5
100003DF
102
{ACAD_XDICTIONARY
360
100003E0
102
}
330
1F
100
AcDbEntity
  8
VISIBLE
100
AcDbCircle
 10
192.1594010767586
 20
-206.35
 30
0.0
 40
3.0
100
AcDbArc
 50
29.99999999999925
 51
89.99999999999949
  0
LINE
  5
100003E5
102
{ACAD_XDICTIONARY
360
100003E6
102
}
330
1F
100
AcDbEntity
  8
VISIBLE
100
AcDbLine
 10
197.0668783648704
 20
-208.8500000000001
 30
0.0
 11
194.7574772881119
 21
-204.85
 31
0.0
  0
ARC
  5
100003E9
102
{ACAD_XDICTIONARY
360
100003EA
102
}
330
1F
100
AcDbEntity
  8
VISIBLE
100
AcDbCircle
 10
194.4688021535171
 20
-210.35
 30
0.0
 40
3.0
100
AcDbArc
 50
329.9999999999991
 51
29.99999999999956
  0
LINE
  5
100003EF
102
{ACAD_XDICTIONARY
360
100003F0
102
}
330
1F
100
AcDbEntity
  8
VISIBLE
100
AcDbLine
 10
194.7574772881118
 20
-215.8500000000001
 30
0.0
 11
197.0668783648704
 21
-211.8500000000001
 31
0.0
  0
ARC
  5
100003F3
102
{ACAD_XDICTIONARY
360
100003F4
102
}
330
1F
100
AcDbEntity
  8
VISIBLE
100
AcDbCircle
 10
192.1594010767585
 20
-214.35
 30
0.0
 40
3.0
100
AcDbArc
 50
269.9999999999994
 51
329.9999999999995
  0
LINE
  5
100003F9
102
{ACAD_XDICTIONARY
360
100003FA
102
}
330
1F
100
AcDbEntity
  8
VISIBLE
100
AcDbLine
 10
107.5405989232415
 20
-197.35
 30
0.0
 11
112.1594010767585
 21
-197.35
 31
0.0
  0
ARC
  5
100003FD
102
{ACAD_XDICTIONARY
360
100003FE
102
}
330
1F
100
AcDbEntity
  8
VISIBLE
100
AcDbCircle
 10
107.5405989232415
 20
-194.35
 30
0.0
 40
3.0
100
AcDbArc
 50
209.9999999999994
 51
269.9999999999994
  0
LINE
  5
10000403
102
{ACAD_XDICTIONARY
360
10000404
102
}
330
1F
100
AcDbEntity
  8
VISIBLE
100
AcDbLine
 10
102.6331216351297
 20
-191.8499999999999
 30
0.0
 11
104.9425227118882
 21
-195.85
 31
0.0
  0
ARC
  5
10000407
102
{ACAD_XDICTIONARY
360
10000408
102
}
330
1F
100
AcDbEntity
  8
VISIBLE
100
AcDbCircle
 10
105.231197846483
 20
-190.35
 30
0.0
 40
3.0
100
AcDbArc
 50
149.9999999999993
 51
209.9999999999995
  0
LINE
  5
1000040D
102
{ACAD_XDICTIONARY
360
1000040E
102
}
330
1F
100
AcDbEntity
  8
VISIBLE
100
AcDbLine
 10
104.9425227118883
 20
-184.8499999999999
 30
0.0
 11
102.6331216351298
 21
-188.8499999999999
 31
0.0
  0
ARC
  5
10000411
102
{ACAD_XDICTIONARY
360
10000412
102
}
330
1F
100
AcDbEntity
  8
VISIBLE
100
AcDbCircle
 10
107.5405989232416
 20
-186.35
 30
0.0
 40
3.0
100
AcDbArc
 50
89.99999999999949
 51
149.9999999999993
  0
LINE
  5
10000417
102
{ACAD_XDICTIONARY
360
10000418
102
}
330
1F
100
AcDbEntity
  8
VISIBLE
100
AcDbLine
 10
112.1594010767586
 20
-183.35
 30
0.0
 11
107.5405989232416
 21
-183.35
 31
0.0
  0
ARC
  5
1000041B
102
{ACAD_XDICTIONARY
360
1000041C
102
}
330
1F
100
AcDbEntity
  8
VISIBLE
100
AcDbCircle
 10
112.1594010767586
 20
-186.35
 30
0.0
 40
3.0
100
AcDbArc
 50
29.99999999999956
 51
89.99999999999949
  0
LINE
  5
10000421
102
{ACAD_XDICTIONARY
360
10000422
102
}
330
1F
100
AcDbEntity
  8
VISIBLE
100
AcDbLine
 10
117.0668783648704
 20
-188.8500000000001
 30
0.0
 11
114.7574772881119
 21
-184.8500000000001
 31
0.0
  0
ARC
  5
10000425
102
{ACAD_XDICTIONARY
360
10000426
102
}
330
1F
100
AcDbEntity
  8
VISIBLE
100
AcDbCircle
 10
114.468802153517
 20
-190.3500000000001
 30
0.0
 40
3.0
100
AcDbArc
 50
329.9999999999995
 51
29.99999999999956
  0
LINE
  5
1000042B
102
{ACAD_XDICTIONARY
360
1000042C
102
}
330
1F
100
AcDbEntity
  8
VISIBLE
100
AcDbLine
 10
114.7574772881118
 20
-195.8500000000001
 30
0.0
 11
117.0668783648704
 21
-191.8500000000001
 31
0.0
  0
ARC
  5
1000042F
102
{ACAD_XDICTIONARY
360
10000430
102
}
330
1F
100
AcDbEntity
  8
VISIBLE
100
AcDbCircle
 10
112.1594010767585
 20
-194.35
 30
0.0
 40
3.0
100
AcDbArc
 50
269.9999999999994
 51
329.9999999999994
  0
LINE
  5
10000435
102
{ACAD_XDICTIONARY
360
10000436
102
}
330
1F
100
AcDbEntity
  8
VISIBLE
100
AcDbLine
 10
127.5405989232415
 20
-197.35
 30
0.0
 11
132.1594010767585
 21
-197.35
 31
0.0
  0
ARC
  5
10000439
102
{ACAD_XDICTIONARY
360
1000043A
102
}
330
1F
100
AcDbEntity
  8
VISIBLE
100
AcDbCircle
 10
127.5405989232415
 20
-194.35
 30
0.0
 40
3.0
100
AcDbArc
 50
209.9999999999993
 51
269.9999999999994
  0
LINE
  5
1000043F
102
{ACAD_XDICTIONARY
360
10000440
102
}
330
1F
100
AcDbEntity
  8
VISIBLE
100
AcDbLine
 10
122.6331216351297
 20
-191.8499999999999
 30
0.0
 11
124.9425227118882
 21
-195.85
 31
0.0
  0
ARC
  5
10000443
102
{ACAD_XDICTIONARY
360
10000444
102
}
330
1F
100
AcDbEntity
  8
VISIBLE
100
AcDbCircle
 10
125.2311978464831
 20
-190.35
 30
0.0
 40
3.0
100
AcDbArc
 50
149.9999999999995
 51
209.9999999999993
  0
LINE
  5
10000449
102
{ACAD_XDICTIONARY
360
1000044A
102
}
330
1F
100
AcDbEntity
  8
VISIBLE
100
AcDbLine
 10
124.9425227118883
 20
-184.8499999999999
 30
0.0
 11
122.6331216351298
 21
-188.8499999999999
 31
0.0
  0
ARC
  5
1000044D
102
{ACAD_XDICTIONARY
360
1000044E
102
}
330
1F
100
AcDbEntity
  8
VISIBLE
100
AcDbCircle
 10
127.5405989232416
 20
-186.35
 30
0.0
 40
3.0
100
AcDbArc
 50
89.99999999999949
 51
149.9999999999995
  0
LINE
  5
10000453
102
{ACAD_XDICTIONARY
360
10000454
102
}
330
1F
100
AcDbEntity
  8
VISIBLE
100
AcDbLine
 10
132.1594010767586
 20
-183.35
 30
0.0
 11
127.5405989232416
 21
-183.35
 31
0.0
  0
ARC
  5
10000457
102
{ACAD_XDICTIONARY
360
10000458
102
}
330
1F
100
AcDbEntity
  8
VISIBLE
100
AcDbCircle
 10
132.1594010767586
 20
-186.35
 30
0.0
 40
3.0
100
AcDbArc
 50
29.99999999999925
 51
89.99999999999949
  0
LINE
  5
1000045D
102
{ACAD_XDICTIONARY
360
1000045E
102
}
330
1F
100
AcDbEntity
  8
VISIBLE
100
AcDbLine
 10
137.0668783648704
 20
-188.8500000000001
 30
0.0
 11
134.7574772881119
 21
-184.8500000000001
 31
0.0
  0
ARC
  5
10000461
102
{ACAD_XDICTIONARY
360
10000462
102
}
330
1F
100
AcDbEntity
  8
VISIBLE
100
AcDbCircle
 10
134.4688021535171
 20
-190.3500000000001
 30
0.0
 40
3.0
100
AcDbArc
 50
329.9999999999995
 51
29.99999999999956
  0
LINE
  5
10000467
102
{ACAD_XDICTIONARY
360
10000468
102
}
330
1F
100
AcDbEntity
  8
VISIBLE
100
AcDbLine
 10
134.7574772881118
 20
-195.8500000000001
 30
0.0
 11
137.0668783648704
 21
-191.8500000000001
 31
0.0
  0
ARC
  5
1000046B
102
{ACAD_XDICTIONARY
360
1000046C
102
}
330
1F
100
AcDbEntity
  8
VISIBLE
100
AcDbCircle
 10
132.1594010767585
 20
-194.35
 30
0.0
 40
3.0
100
AcDbArc
 50
269.9999999999994
 51
329.9999999999995
  0
LINE
  5
10000471
102
{ACAD_XDICTIONARY
360
10000472
102
}
330
1F
100
AcDbEntity
  8
VISIBLE
100
AcDbLine
 10
147.5405989232415
 20
-197.35
 30
0.0
 11
152.1594010767585
 21
-197.35
 31
0.0
  0
ARC
  5
10000475
102
{ACAD_XDICTIONARY
360
10000476
102
}
330
1F
100
AcDbEntity
  8
VISIBLE
100
AcDbCircle
 10
147.5405989232415
 20
-194.35
 30
0.0
 40
3.0
100
AcDbArc
 50
209.9999999999995
 51
269.9999999999994
  0
LINE
  5
1000047B
102
{ACAD_XDICTIONARY
360
1000047C
102
}
330
1F
100
AcDbEntity
  8
VISIBLE
100
AcDbLine
 10
142.6331216351297
 20
-191.8499999999999
 30
0.0
 11
144.9425227118882
 21
-195.85
 31
0.0
  0
ARC
  5
1000047F
102
{ACAD_XDICTIONARY
360
10000480
102
}
330
1F
100
AcDbEntity
  8
VISIBLE
100
AcDbCircle
 10
145.2311978464831
 20
-190.35
 30
0.0
 40
3.0
100
AcDbArc
 50
149.9999999999995
 51
209.9999999999993
  0
LINE
  5
10000485
102
{ACAD_XDICTIONARY
360
10000486
102
}
330
1F
100
AcDbEntity
  8
VISIBLE
100
AcDbLine
 10
144.9425227118883
 20
-184.8499999999999
 30
0.0
 11
142.6331216351298
 21
-188.8499999999999
 31
0.0
  0
ARC
  5
10000489
102
{ACAD_XDICTIONARY
360
1000048A
102
}
330
1F
100
AcDbEntity
  8
VISIBLE
100
AcDbCircle
 10
147.5405989232416
 20
-186.35
 30
0.0
 40
3.0
100
AcDbArc
 50
89.99999999999949
 51
149.9999999999993
  0
LINE
  5
1000048F
102
{ACAD_XDICTIONARY
360
10000490
102
}
330
1F
100
AcDbEntity
  8
VISIBLE
100
AcDbLine
 10
152.1594010767586
 20
-183.35
 30
0.0
 11
147.5405989232416
 21
-183.35
 31
0.0
  0
ARC
  5
10000493
102
{ACAD_XDICTIONARY
360
10000494
102
}
330
1F
100
AcDbEntity
  8
VISIBLE
100
AcDbCircle
 10
152.1594010767586
 20
-186.35
 30
0.0
 40
3.0
100
AcDbArc
 50
29.99999999999956
 51
89.99999999999949
  0
LINE
  5
10000499
102
{ACAD_XDICTIONARY
360
1000049A
102
}
330
1F
100
AcDbEntity
  8
VISIBLE
100
AcDbLine
 10
157.0668783648704
 20
-188.8500000000001
 30
0.0
 11
154.7574772881119
 21
-184.8500000000001
 31
0.0
  0
ARC
  5
1000049D
102
{ACAD_XDICTIONARY
360
1000049E
102
}
330
1F
100
AcDbEntity
  8
VISIBLE
100
AcDbCircle
 10
154.4688021535171
 20
-190.3500000000001
 30
0.0
 40
3.0
100
AcDbArc
 50
329.9999999999995
 51
29.99999999999956
  0
LINE
  5
100004A3
102
{ACAD_XDICTIONARY
360
100004A4
102
}
330
1F
100
AcDbEntity
  8
VISIBLE
100
AcDbLine
 10
154.7574772881118
 20
-195.8500000000001
 30
0.0
 11
157.0668783648704
 21
-191.8500000000001
 31
0.0
  0
ARC
  5
100004A7
102
{ACAD_XDICTIONARY
360
100004A8
102
}
330
1F
100
AcDbEntity
  8
VISIBLE
100
AcDbCircle
 10
152.1594010767585
 20
-194.35
 30
0.0
 40
3.0
100
AcDbArc
 50
269.9999999999994
 51
329.9999999999995
  0
LINE
  5
100004AD
102
{ACAD_XDICTIONARY
360
100004AE
102
}
330
1F
100
AcDbEntity
  8
VISIBLE
100
AcDbLine
 10
167.5405989232415
 20
-197.35
 30
0.0
 11
172.1594010767585
 21
-197.35
 31
0.0
  0
ARC
  5
100004B1
102
{ACAD_XDICTIONARY
360
100004B2
102
}
330
1F
100
AcDbEntity
  8
VISIBLE
100
AcDbCircle
 10
167.5405989232415
 20
-194.35
 30
0.0
 40
3.0
100
AcDbArc
 50
209.9999999999993
 51
269.9999999999994
  0
LINE
  5
100004B7
102
{ACAD_XDICTIONARY
360
100004B8
102
}
330
1F
100
AcDbEntity
  8
VISIBLE
100
AcDbLine
 10
162.6331216351297
 20
-191.8499999999999
 30
0.0
 11
164.9425227118882
 21
-195.85
 31
0.0
  0
ARC
  5
100004BB
102
{ACAD_XDICTIONARY
360
100004BC
102
}
330
1F
100
AcDbEntity
  8
VISIBLE
100
AcDbCircle
 10
165.231197846483
 20
-190.35
 30
0.0
 40
3.0
100
AcDbArc
 50
149.9999999999993
 51
209.9999999999995
  0
LINE
  5
100004C1
102
{ACAD_XDICTIONARY
360
100004C2
102
}
330
1F
100
AcDbEntity
  8
VISIBLE
100
AcDbLine
 10
164.9425227118883
 20
-184.8499999999999
 30
0.0
 11
162.6331216351298
 21
-188.8499999999999
 31
0.0
  0
ARC
  5
100004C5
102
{ACAD_XDICTIONARY
360
100004C6
102
}
330
1F
100
AcDbEntity
  8
VISIBLE
100
AcDbCircle
 10
167.5405989232416
 20
-186.35
 30
0.0
 40
3.0
100
AcDbArc
 50
89.99999999999949
 51
149.9999999999995
  0
LINE
  5
100004CB
102
{ACAD_XDICTIONARY
360
100004CC
102
}
330
1F
100
AcDbEntity
  8
VISIBLE
100
AcDbLine
 10
172.1594010767586
 20
-183.35
 30
0.0
 11
167.5405989232416
 21
-183.35
 31
0.0
  0
ARC
  5
100004CF
102
{ACAD_XDICTIONARY
360
100004D0
102
}
330
1F
100
AcDbEntity
  8
VISIBLE
100
AcDbCircle
 10
172.1594010767586
 20
-186.35
 30
0.0
 40
3.0
100
AcDbArc
 50
29.99999999999956
 51
89.99999999999949
  0
LINE
  5
100004D5
102
{ACAD_XDICTIONARY
360
100004D6
102
}
330
1F
100
AcDbEntity
  8
VISIBLE
100
AcDbLine
 10
177.0668783648704
 20
-188.8500000000001
 30
0.0
 11
174.7574772881119
 21
-184.8500000000001
 31
0.0
  0
ARC
  5
100004D9
102
{ACAD_XDICTIONARY
360
100004DA
102
}
330
1F
100
AcDbEntity
  8
VISIBLE
100
AcDbCircle
 10
174.468802153517
 20
-190.3500000000001
 30
0.0
 40
3.0
100
AcDbArc
 50
329.9999999999998
 51
29.99999999999925
  0
LINE
  5
100004DF
102
{ACAD_XDICTIONARY
360
100004E0
102
}
330
1F
100
AcDbEntity
  8
VISIBLE
100
AcDbLine
 10
174.7574772881118
 20
-195.8500000000001
 30
0.0
 11
177.0668783648704
 21
-191.8500000000001
 31
0.0
  0
ARC
  5
100004E3
102
{ACAD_XDICTIONARY
360
100004E4
102
}
330
1F
100
AcDbEntity
  8
VISIBLE
100
AcDbCircle
 10
172.1594010767585
 20
-194.35
 30
0.0
 40
3.0
100
AcDbArc
 50
269.9999999999994
 51
329.9999999999993
  0
LINE
  5
100004E9
102
{ACAD_XDICTIONARY
360
100004EA
102
}
330
1F
100
AcDbEntity
  8
VISIBLE
100
AcDbLine
 10
187.5405989232415
 20
-197.35
 30
0.0
 11
192.1594010767585
 21
-197.35
 31
0.0
  0
ARC
  5
100004ED
102
{ACAD_XDICTIONARY
360
100004EE
102
}
330
1F
100
AcDbEntity
  8
VISIBLE
100
AcDbCircle
 10
187.5405989232415
 20
-194.35
 30
0.0
 40
3.0
100
AcDbArc
 50
209.9999999999995
 51
269.9999999999994
  0
LINE
  5
100004F3
102
{ACAD_XDICTIONARY
360
100004F4
102
}
330
1F
100
AcDbEntity
  8
VISIBLE
100
AcDbLine
 10
182.6331216351297
 20
-191.8499999999999
 30
0.0
 11
184.9425227118882
 21
-195.85
 31
0.0
  0
ARC
  5
100004F7
102
{ACAD_XDICTIONARY
360
100004F8
102
}
330
1F
100
AcDbEntity
  8
VISIBLE
100
AcDbCircle
 10
185.2311978464831
 20
-190.35
 30
0.0
 40
3.0
100
AcDbArc
 50
149.9999999999995
 51
209.9999999999993
  0
LINE
  5
100004FD
102
{ACAD_XDICTIONARY
360
100004FE
102
}
330
1F
100
AcDbEntity
  8
VISIBLE
100
AcDbLine
 10
184.9425227118883
 20
-184.8499999999999
 30
0.0
 11
182.6331216351298
 21
-188.8499999999999
 31
0.0
  0
ARC
  5
10000501
102
{ACAD_XDICTIONARY
360
10000502
102
}
330
1F
100
AcDbEntity
  8
VISIBLE
100
AcDbCircle
 10
187.5405989232416
 20
-186.35
 30
0.0
 40
3.0
100
AcDbArc
 50
89.99999999999949
 51
149.9999999999993
  0
LINE
  5
10000507
102
{ACAD_XDICTIONARY
360
10000508
102
}
330
1F
100
AcDbEntity
  8
VISIBLE
100
AcDbLine
 10
192.1594010767586
 20
-183.35
 30
0.0
 11
187.5405989232416
 21
-183.35
 31
0.0
  0
ARC
  5
1000050B
102
{ACAD_XDICTIONARY
360
1000050C
102
}
330
1F
100
AcDbEntity
  8
VISIBLE
100
AcDbCircle
 10
192.1594010767586
 20
-186.35
 30
0.0
 40
3.0
100
AcDbArc
 50
29.99999999999925
 51
89.99999999999949
  0
LINE
  5
10000511
102
{ACAD_XDICTIONARY
360
10000512
102
}
330
1F
100
AcDbEntity
  8
VISIBLE
100
AcDbLine
 10
197.0668783648704
 20
-188.8500000000001
 30
0.0
 11
194.7574772881119
 21
-184.8500000000001
 31
0.0
  0
ARC
  5
10000515
102
{ACAD_XDICTIONARY
360
10000516
102
}
330
1F
100
AcDbEntity
  8
VISIBLE
100
AcDbCircle
 10
194.4688021535171
 20
-190.3500000000001
 30
0.0
 40
3.0
100
AcDbArc
 50
329.9999999999995
 51
29.99999999999956
  0
LINE
  5
1000051B
102
{ACAD_XDICTIONARY
360
1000051C
102
}
330
1F
100
AcDbEntity
  8
VISIBLE
100
AcDbLine
 10
194.7574772881118
 20
-195.8500000000001
 30
0.0
 11
197.0668783648704
 21
-191.8500000000001
 31
0.0
  0
ARC
  5
1000051F
102
{ACAD_XDICTIONARY
360
10000520
102
}
330
1F
100
AcDbEntity
  8
VISIBLE
100
AcDbCircle
 10
192.1594010767585
 20
-194.35
 30
0.0
 40
3.0
100
AcDbArc
 50
269.9999999999994
 51
329.9999999999995
  0
LINE
  5
10000525
102
{ACAD_XDICTIONARY
360
10000526
102
}
330
1F
100
AcDbEntity
  8
VISIBLE
100
AcDbLine
 10
107.5405989232415
 20
-177.35
 30
0.0
 11
112.1594010767585
 21
-177.35
 31
0.0
  0
ARC
  5
10000529
102
{ACAD_XDICTIONARY
360
1000052A
102
}
330
1F
100
AcDbEntity
  8
VISIBLE
100
AcDbCircle
 10
107.5405989232415
 20
-174.35
 30
0.0
 40
3.0
100
AcDbArc
 50
209.9999999999994
 51
269.9999999999994
  0
LINE
  5
1000052F
102
{ACAD_XDICTIONARY
360
10000530
102
}
330
1F
100
AcDbEntity
  8
VISIBLE
100
AcDbLine
 10
102.6331216351297
 20
-171.8499999999999
 30
0.0
 11
104.9425227118882
 21
-175.8499999999999
 31
0.0
  0
ARC
  5
10000533
102
{ACAD_XDICTIONARY
360
10000534
102
}
330
1F
100
AcDbEntity
  8
VISIBLE
100
AcDbCircle
 10
105.231197846483
 20
-170.3499999999999
 30
0.0
 40
3.0
100
AcDbArc
 50
149.9999999999993
 51
209.9999999999995
  0
LINE
  5
10000539
102
{ACAD_XDICTIONARY
360
1000053A
102
}
330
1F
100
AcDbEntity
  8
VISIBLE
100
AcDbLine
 10
104.9425227118883
 20
-164.8499999999999
 30
0.0
 11
102.6331216351298
 21
-168.8499999999999
 31
0.0
  0
ARC
  5
1000053D
102
{ACAD_XDICTIONARY
360
1000053E
102
}
330
1F
100
AcDbEntity
  8
VISIBLE
100
AcDbCircle
 10
107.5405989232416
 20
-166.3499999999999
 30
0.0
 40
3.0
100
AcDbArc
 50
89.99999999999949
 51
149.9999999999993
  0
LINE
  5
10000543
102
{ACAD_XDICTIONARY
360
10000544
102
}
330
1F
100
AcDbEntity
  8
VISIBLE
100
AcDbLine
 10
112.1594010767586
 20
-163.35
 30
0.0
 11
107.5405989232416
 21
-163.3499999999999
 31
0.0
  0
ARC
  5
10000547
102
{ACAD_XDICTIONARY
360
10000548
102
}
330
1F
100
AcDbEntity
  8
VISIBLE
100
AcDbCircle
 10
112.1594010767586
 20
-166.35
 30
0.0
 40
3.0
100
AcDbArc
 50
29.99999999999956
 51
89.99999999999949
  0
LINE
  5
1000054D
102
{ACAD_XDICTIONARY
360
1000054E
102
}
330
1F
100
AcDbEntity
  8
VISIBLE
100
AcDbLine
 10
117.0668783648704
 20
-168.8500000000001
 30
0.0
 11
114.7574772881119
 21
-164.85
 31
0.0
  0
ARC
  5
10000551
102
{ACAD_XDICTIONARY
360
10000552
102
}
330
1F
100
AcDbEntity
  8
VISIBLE
100
AcDbCircle
 10
114.468802153517
 20
-170.35
 30
0.0
 40
3.0
100
AcDbArc
 50
329.9999999999995
 51
29.99999999999956
  0
LINE
  5
10000557
102
{ACAD_XDICTIONARY
360
10000558
102
}
330
1F
100
AcDbEntity
  8
VISIBLE
100
AcDbLine
 10
114.7574772881118
 20
-175.85
 30
0.0
 11
117.0668783648704
 21
-171.8500000000001
 31
0.0
  0
ARC
  5
1000055B
102
{ACAD_XDICTIONARY
360
1000055C
102
}
330
1F
100
AcDbEntity
  8
VISIBLE
100
AcDbCircle
 10
112.1594010767585
 20
-174.35
 30
0.0
 40
3.0
100
AcDbArc
 50
269.9999999999994
 51
329.9999999999994
  0
LINE
  5
10000561
102
{ACAD_XDICTIONARY
360
10000562
102
}
330
1F
100
AcDbEntity
  8
VISIBLE
100
AcDbLine
 10
127.5405989232415
 20
-177.35
 30
0.0
 11
132.1594010767585
 21
-177.35
 31
0.0
  0
ARC
  5
10000565
102
{ACAD_XDICTIONARY
360
10000566
102
}
330
1F
100
AcDbEntity
  8
VISIBLE
100
AcDbCircle
 10
127.5405989232415
 20
-174.35
 30
0.0
 40
3.0
100
AcDbArc
 50
209.9999999999993
 51
269.9999999999994
  0
LINE
  5
1000056B
102
{ACAD_XDICTIONARY
360
1000056C
102
}
330
1F
100
AcDbEntity
  8
VISIBLE
100
AcDbLine
 10
122.6331216351297
 20
-171.8499999999999
 30
0.0
 11
124.9425227118882
 21
-175.8499999999999
 31
0.0
  0
ARC
  5
1000056F
102
{ACAD_XDICTIONARY
360
10000570
102
}
330
1F
100
AcDbEntity
  8
VISIBLE
100
AcDbCircle
 10
125.2311978464831
 20
-170.3499999999999
 30
0.0
 40
3.0
100
AcDbArc
 50
149.9999999999995
 51
209.9999999999993
  0
LINE
  5
10000575
102
{ACAD_XDICTIONARY
360
10000576
102
}
330
1F
100
AcDbEntity
  8
VISIBLE
100
AcDbLine
 10
124.9425227118883
 20
-164.8499999999999
 30
0.0
 11
122.6331216351298
 21
-168.8499999999999
 31
0.0
  0
ARC
  5
10000579
102
{ACAD_XDICTIONARY
360
1000057A
102
}
330
1F
100
AcDbEntity
  8
VISIBLE
100
AcDbCircle
 10
127.5405989232416
 20
-166.3499999999999
 30
0.0
 40
3.0
100
AcDbArc
 50
89.99999999999949
 51
149.9999999999995
  0
LINE
  5
1000057F
102
{ACAD_XDICTIONARY
360
10000580
102
}
330
1F
100
AcDbEntity
  8
VISIBLE
100
AcDbLine
 10
132.1594010767586
 20
-163.35
 30
0.0
 11
127.5405989232416
 21
-163.3499999999999
 31
0.0
  0
ARC
  5
10000583
102
{ACAD_XDICTIONARY
360
10000584
102
}
330
1F
100
AcDbEntity
  8
VISIBLE
100
AcDbCircle
 10
132.1594010767586
 20
-166.35
 30
0.0
 40
3.0
100
AcDbArc
 50
29.99999999999925
 51
89.99999999999949
  0
LINE
  5
10000589
102
{ACAD_XDICTIONARY
360
1000058A
102
}
330
1F
100
AcDbEntity
  8
VISIBLE
100
AcDbLine
 10
137.0668783648704
 20
-168.8500000000001
 30
0.0
 11
134.7574772881119
 21
-164.85
 31
0.0
  0
ARC
  5
1000058D
102
{ACAD_XDICTIONARY
360
1000058E
102
}
330
1F
100
AcDbEntity
  8
VISIBLE
100
AcDbCircle
 10
134.4688021535171
 20
-170.35
 30
0.0
 40
3.0
100
AcDbArc
 50
329.9999999999995
 51
29.99999999999956
  0
LINE
  5
10000593
102
{ACAD_XDICTIONARY
360
10000594
102
}
330
1F
100
AcDbEntity
  8
VISIBLE
100
AcDbLine
 10
134.7574772881118
 20
-175.85
 30
0.0
 11
137.0668783648704
 21
-171.8500000000001
 31
0.0
  0
ARC
  5
10000597
102
{ACAD_XDICTIONARY
360
10000598
102
}
330
1F
100
AcDbEntity
  8
VISIBLE
100
AcDbCircle
 10
132.1594010767585
 20
-174.35
 30
0.0
 40
3.0
100
AcDbArc
 50
269.9999999999994
 51
329.9999999999995
  0
LINE
  5
1000059D
102
{ACAD_XDICTIONARY
360
1000059E
102
}
330
1F
100
AcDbEntity
  8
VISIBLE
100
AcDbLine
 10
147.5405989232415
 20
-177.35
 30
0.0
 11
152.1594010767585
 21
-177.35
 31
0.0
  0
ARC
  5
100005A1
102
{ACAD_XDICTIONARY
360
100005A2
102
}
330
1F
100
AcDbEntity
  8
VISIBLE
100
AcDbCircle
 10
147.5405989232415
 20
-174.35
 30
0.0
 40
3.0
100
AcDbArc
 50
209.9999999999995
 51
269.9999999999994
  0
LINE
  5
100005A7
102
{ACAD_XDICTIONARY
360
100005A8
102
}
330
1F
100
AcDbEntity
  8
VISIBLE
100
AcDbLine
 10
142.6331216351297
 20
-171.8499999999999
 30
0.0
 11
144.9425227118882
 21
-175.8499999999999
 31
0.0
  0
ARC
  5
100005AB
102
{ACAD_XDICTIONARY
360
100005AC
102
}
330
1F
100
AcDbEntity
  8
VISIBLE
100
AcDbCircle
 10
145.2311978464831
 20
-170.3499999999999
 30
0.0
 40
3.0
100
AcDbArc
 50
149.9999999999995
 51
209.9999999999993
  0
LINE
  5
100005B1
102
{ACAD_XDICTIONARY
360
100005B2
102
}
330
1F
100
AcDbEntity
  8
VISIBLE
100
AcDbLine
 10
144.9425227118883
 20
-164.8499999999999
 30
0.0
 11
142.6331216351298
 21
-168.8499999999999
 31
0.0
  0
ARC
  5
100005B5
102
{ACAD_XDICTIONARY
360
100005B6
102
}
330
1F
100
AcDbEntity
  8
VISIBLE
100
AcDbCircle
 10
147.5405989232416
 20
-166.3499999999999
 30
0.0
 40
3.0
100
AcDbArc
 50
89.99999999999949
 51
149.9999999999993
  0
LINE
  5
100005BB
102
{ACAD_XDICTIONARY
360
100005BC
102
}
330
1F
100
AcDbEntity
  8
VISIBLE
100
AcDbLine
 10
152.1594010767586
 20
-163.35
 30
0.0
 11
147.5405989232416
 21
-163.3499999999999
 31
0.0
  0
ARC
  5
100005BF
102
{ACAD_XDICTIONARY
360
100005C0
102
}
330
1F
100
AcDbEntity
  8
VISIBLE
100
AcDbCircle
 10
152.1594010767586
 20
-166.35
 30
0.0
 40
3.0
100
AcDbArc
 50
29.99999999999956
 51
89.99999999999949
  0
LINE
  5
100005C5
102
{ACAD_XDICTIONARY
360
100005C6
102
}
330
1F
100
AcDbEntity
  8
VISIBLE
100
AcDbLine
 10
157.0668783648704
 20
-168.8500000000001
 30
0.0
 11
154.7574772881119
 21
-164.85
 31
0.0
  0
ARC
  5
100005C9
102
{ACAD_XDICTIONARY
360
100005CA
102
}
330
1F
100
AcDbEntity
  8
VISIBLE
100
AcDbCircle
 10
154.4688021535171
 20
-170.35
 30
0.0
 40
3.0
100
AcDbArc
 50
329.9999999999995
 51
29.99999999999956
  0
LINE
  5
100005CF
102
{ACAD_XDICTIONARY
360
100005D0
102
}
330
1F
100
AcDbEntity
  8
VISIBLE
100
AcDbLine
 10
154.7574772881118
 20
-175.85
 30
0.0
 11
157.0668783648704
 21
-171.8500000000001
 31
0.0
  0
ARC
  5
100005D3
102
{ACAD_XDICTIONARY
360
100005D4
102
}
330
1F
100
AcDbEntity
  8
VISIBLE
100
AcDbCircle
 10
152.1594010767585
 20
-174.35
 30
0.0
 40
3.0
100
AcDbArc
 50
269.9999999999994
 51
329.9999999999995
  0
LINE
  5
100005D9
102
{ACAD_XDICTIONARY
360
100005DA
102
}
330
1F
100
AcDbEntity
  8
VISIBLE
100
AcDbLine
 10
167.5405989232415
 20
-177.35
 30
0.0
 11
172.1594010767585
 21
-177.35
 31
0.0
  0
ARC
  5
100005DD
102
{ACAD_XDICTIONARY
360
100005DE
102
}
330
1F
100
AcDbEntity
  8
VISIBLE
100
AcDbCircle
 10
167.5405989232415
 20
-174.35
 30
0.0
 40
3.0
100
AcDbArc
 50
209.9999999999993
 51
269.9999999999994
  0
LINE
  5
100005E3
102
{ACAD_XDICTIONARY
360
100005E4
102
}
330
1F
100
AcDbEntity
  8
VISIBLE
100
AcDbLine
 10
162.6331216351297
 20
-171.8499999999999
 30
0.0
 11
164.9425227118882
 21
-175.8499999999999
 31
0.0
  0
ARC
  5
100005E7
102
{ACAD_XDICTIONARY
360
100005E8
102
}
330
1F
100
AcDbEntity
  8
VISIBLE
100
AcDbCircle
 10
165.231197846483
 20
-170.3499999999999
 30
0.0
 40
3.0
100
AcDbArc
 50
149.9999999999993
 51
209.9999999999995
  0
LINE
  5
100005ED
102
{ACAD_XDICTIONARY
360
100005EE
102
}
330
1F
100
AcDbEntity
  8
VISIBLE
100
AcDbLine
 10
164.9425227118883
 20
-164.8499999999999
 30
0.0
 11
162.6331216351298
 21
-168.8499999999999
 31
0.0
  0
ARC
  5
100005F1
102
{ACAD_XDICTIONARY
360
100005F2
102
}
330
1F
100
AcDbEntity
  8
VISIBLE
100
AcDbCircle
 10
167.5405989232416
 20
-166.3499999999999
 30
0.0
 40
3.0
100
AcDbArc
 50
89.99999999999949
 51
149.9999999999995
  0
LINE
  5
100005F7
102
{ACAD_XDICTIONARY
360
100005F8
102
}
330
1F
100
AcDbEntity
  8
VISIBLE
100
AcDbLine
 10
172.1594010767586
 20
-163.35
 30
0.0
 11
167.5405989232416
 21
-163.3499999999999
 31
0.0
  0
ARC
  5
100005FB
102
{ACAD_XDICTIONARY
360
100005FC
102
}
330
1F
100
AcDbEntity
  8
VISIBLE
100
AcDbCircle
 10
172.1594010767586
 20
-166.35
 30
0.0
 40
3.0
100
AcDbArc
 50
29.99999999999956
 51
89.99999999999949
  0
LINE
  5
10000601
102
{ACAD_XDICTIONARY
360
10000602
102
}
330
1F
100
AcDbEntity
  8
VISIBLE
100
AcDbLine
 10
177.0668783648704
 20
-168.8500000000001
 30
0.0
 11
174.7574772881119
 21
-164.85
 31
0.0
  0
ARC
  5
10000605
102
{ACAD_XDICTIONARY
360
10000606
102
}
330
1F
100
AcDbEntity
  8
VISIBLE
100
AcDbCircle
 10
174.468802153517
 20
-170.35
 30
0.0
 40
3.0
100
AcDbArc
 50
329.9999999999998
 51
29.99999999999925
  0
LINE
  5
1000060B
102
{ACAD_XDICTIONARY
360
1000060C
102
}
330
1F
100
AcDbEntity
  8
VISIBLE
100
AcDbLine
 10
174.7574772881118
 20
-175.85
 30
0.0
 11
177.0668783648704
 21
-171.8500000000001
 31
0.0
  0
ARC
  5
1000060F
102
{ACAD_XDICTIONARY
360
10000610
102
}
330
1F
100
AcDbEntity
  8
VISIBLE
100
AcDbCircle
 10
172.1594010767585
 20
-174.35
 30
0.0
 40
3.0
100
AcDbArc
 50
269.9999999999994
 51
329.9999999999993
  0
LINE
  5
10000615
102
{ACAD_XDICTIONARY
360
10000616
102
}
330
1F
100
AcDbEntity
  8
VISIBLE
100
AcDbLine
 10
187.5405989232415
 20
-177.35
 30
0.0
 11
192.1594010767585
 21
-177.35
 31
0.0
  0
ARC
  5
10000619
102
{ACAD_XDICTIONARY
360
1000061A
102
}
330
1F
100
AcDbEntity
  8
VISIBLE
100
AcDbCircle
 10
187.5405989232415
 20
-174.35
 30
0.0
 40
3.0
100
AcDbArc
 50
209.9999999999995
 51
269.9999999999994
  0
LINE
  5
1000061F
102
{ACAD_XDICTIONARY
360
10000620
102
}
330
1F
100
AcDbEntity
  8
VISIBLE
100
AcDbLine
 10
182.6331216351297
 20
-171.8499999999999
 30
0.0
 11
184.9425227118882
 21
-175.8499999999999
 31
0.0
  0
ARC
  5
10000623
102
{ACAD_XDICTIONARY
360
10000624
102
}
330
1F
100
AcDbEntity
  8
VISIBLE
100
AcDbCircle
 10
185.2311978464831
 20
-170.3499999999999
 30
0.0
 40
3.0
100
AcDbArc
 50
149.9999999999995
 51
209.9999999999993
  0
LINE
  5
10000629
102
{ACAD_XDICTIONARY
360
1000062A
102
}
330
1F
100
AcDbEntity
  8
VISIBLE
100
AcDbLine
 10
184.9425227118883
 20
-164.8499999999999
 30
0.0
 11
182.6331216351298
 21
-168.8499999999999
 31
0.0
  0
ARC
  5
1000062D
102
{ACAD_XDICTIONARY
360
1000062E
102
}
330
1F
100
AcDbEntity
  8
VISIBLE
100
AcDbCircle
 10
187.5405989232416
 20
-166.3499999999999
 30
0.0
 40
3.0
100
AcDbArc
 50
89.99999999999949
 51
149.9999999999993
  0
LINE
  5
10000633
102
{ACAD_XDICTIONARY
360
10000634
102
}
330
1F
100
AcDbEntity
  8
VISIBLE
100
AcDbLine
 10
192.1594010767586
 20
-163.35
 30
0.0
 11
187.5405989232416
 21
-163.3499999999999
 31
0.0
  0
ARC
  5
10000637
102
{ACAD_XDICTIONARY
360
10000638
102
}
330
1F
100
AcDbEntity
  8
VISIBLE
100
AcDbCircle
 10
192.1594010767586
 20
-166.35
 30
0.0
 40
3.0
100
AcDbArc
 50
29.99999999999925
 51
89.99999999999949
  0
LINE
  5
1000063D
102
{ACAD_XDICTIONARY
360
1000063E
102
}
330
1F
100
AcDbEntity
  8
VISIBLE
100
AcDbLine
 10
197.0668783648704
 20
-168.8500000000001
 30
0.0
 11
194.7574772881119
 21
-164.85
 31
0.0
  0
ARC
  5
10000641
102
{ACAD_XDICTIONARY
360
10000642
102
}
330
1F
100
AcDbEntity
  8
VISIBLE
100
AcDbCircle
 10
194.4688021535171
 20
-170.35
 30
0.0
 40
3.0
100
AcDbArc
 50
329.9999999999995
 51
29.99999999999956
  0
LINE
  5
10000647
102
{ACAD_XDICTIONARY
360
10000648
102
}
330
1F
100
AcDbEntity
  8
VISIBLE
100
AcDbLine
 10
194.7574772881118
 20
-175.85
 30
0.0
 11
197.0668783648704
 21
-171.8500000000001
 31
0.0
  0
ARC
  5
1000064B
102
{ACAD_XDICTIONARY
360
1000064C
102
}
330
1F
100
AcDbEntity
  8
VISIBLE
100
AcDbCircle
 10
192.1594010767585
 20
-174.35
 30
0.0
 40
3.0
100
AcDbArc
 50
269.9999999999994
 51
329.9999999999995
  0
LINE
  5
10000651
102
{ACAD_XDICTIONARY
360
10000652
102
}
330
1F
100
AcDbEntity
  8
VISIBLE
100
AcDbLine
 10
107.5405989232415
 20
-157.35
 30
0.0
 11
112.1594010767585
 21
-157.35
 31
0.0
  0
ARC
  5
10000655
102
{ACAD_XDICTIONARY
360
10000656
102
}
330
1F
100
AcDbEntity
  8
VISIBLE
100
AcDbCircle
 10
107.5405989232415
 20
-154.35
 30
0.0
 40
3.0
100
AcDbArc
 50
209.9999999999994
 51
269.9999999999994
  0
LINE
  5
1000065B
102
{ACAD_XDICTIONARY
360
1000065C
102
}
330
1F
100
AcDbEntity
  8
VISIBLE
100
AcDbLine
 10
102.6331216351297
 20
-151.8499999999999
 30
0.0
 11
104.9425227118882
 21
-155.85
 31
0.0
  0
ARC
  5
1000065F
102
{ACAD_XDICTIONARY
360
10000660
102
}
330
1F
100
AcDbEntity
  8
VISIBLE
100
AcDbCircle
 10
105.231197846483
 20
-150.35
 30
0.0
 40
3.0
100
AcDbArc
 50
149.9999999999993
 51
209.9999999999995
  0
LINE
  5
10000665
102
{ACAD_XDICTIONARY
360
10000666
102
}
330
1F
100
AcDbEntity
  8
VISIBLE
100
AcDbLine
 10
104.9425227118883
 20
-144.8499999999999
 30
0.0
 11
102.6331216351298
 21
-148.8499999999999
 31
0.0
  0
ARC
  5
10000669
102
{ACAD_XDICTIONARY
360
1000066A
102
}
330
1F
100
AcDbEntity
  8
VISIBLE
100
AcDbCircle
 10
107.5405989232416
 20
-146.35
 30
0.0
 40
3.0
100
AcDbArc
 50
89.99999999999949
 51
149.9999999999988
  0
LINE
  5
1000066F
102
{ACAD_XDICTIONARY
360
10000670
102
}
330
1F
100
AcDbEntity
  8
VISIBLE
100
AcDbLine
 10
112.1594010767586
 20
-143.35
 30
0.0
 11
107.5405989232416
 21
-143.3499999999999
 31
0.0
  0
ARC
  5
10000673
102
{ACAD_XDICTIONARY
360
10000674
102
}
330
1F
100
AcDbEntity
  8
VISIBLE
100
AcDbCircle
 10
112.1594010767586
 20
-146.35
 30
0.0
 40
3.0
100
AcDbArc
 50
29.99999999999956
 51
89.99999999999949
  0
LINE
  5
10000679
102
{ACAD_XDICTIONARY
360
1000067A
102
}
330
1F
100
AcDbEntity
  8
VISIBLE
100
AcDbLine
 10
117.0668783648704
 20
-148.8500000000001
 30
0.0
 11
114.7574772881119
 21
-144.85
 31
0.0
  0
ARC
  5
1000067D
102
{ACAD_XDICTIONARY
360
1000067E
102
}
330
1F
100
AcDbEntity
  8
VISIBLE
100
AcDbCircle
 10
114.468802153517
 20
-150.3500000000001
 30
0.0
 40
3.0
100
AcDbArc
 50
329.9999999999995
 51
29.99999999999956
  0
LINE
  5
10000683
102
{ACAD_XDICTIONARY
360
10000684
102
}
330
1F
100
AcDbEntity
  8
VISIBLE
100
AcDbLine
 10
114.7574772881118
 20
-155.8500000000001
 30
0.0
 11
117.0668783648704
 21
-151.8500000000001
 31
0.0
  0
ARC
  5
10000687
102
{ACAD_XDICTIONARY
360
10000688
102
}
330
1F
100
AcDbEntity
  8
VISIBLE
100
AcDbCircle
 10
112.1594010767585
 20
-154.35
 30
0.0
 40
3.0
100
AcDbArc
 50
269.9999999999994
 51
329.9999999999994
  0
LINE
  5
1000068D
102
{ACAD_XDICTIONARY
360
1000068E
102
}
330
1F
100
AcDbEntity
  8
VISIBLE
100
AcDbLine
 10
127.5405989232415
 20
-157.35
 30
0.0
 11
132.1594010767585
 21
-157.35
 31
0.0
  0
ARC
  5
10000691
102
{ACAD_XDICTIONARY
360
10000692
102
}
330
1F
100
AcDbEntity
  8
VISIBLE
100
AcDbCircle
 10
127.5405989232415
 20
-154.35
 30
0.0
 40
3.0
100
AcDbArc
 50
209.9999999999993
 51
269.9999999999994
  0
LINE
  5
10000697
102
{ACAD_XDICTIONARY
360
10000698
102
}
330
1F
100
AcDbEntity
  8
VISIBLE
100
AcDbLine
 10
122.6331216351297
 20
-151.8499999999999
 30
0.0
 11
124.9425227118882
 21
-155.85
 31
0.0
  0
ARC
  5
1000069B
102
{ACAD_XDICTIONARY
360
1000069C
102
}
330
1F
100
AcDbEntity
  8
VISIBLE
100
AcDbCircle
 10
125.2311978464831
 20
-150.35
 30
0.0
 40
3.0
100
AcDbArc
 50
149.9999999999995
 51
209.9999999999993
  0
LINE
  5
100006A1
102
{ACAD_XDICTIONARY
360
100006A2
102
}
330
1F
100
AcDbEntity
  8
VISIBLE
100
AcDbLine
 10
124.9425227118883
 20
-144.8499999999999
 30
0.0
 11
122.6331216351298
 21
-148.8499999999999
 31
0.0
  0
ARC
  5
100006A5
102
{ACAD_XDICTIONARY
360
100006A6
102
}
330
1F
100
AcDbEntity
  8
VISIBLE
100
AcDbCircle
 10
127.5405989232416
 20
-146.35
 30
0.0
 40
3.0
100
AcDbArc
 50
89.99999999999949
 51
149.9999999999991
  0
LINE
  5
100006AB
102
{ACAD_XDICTIONARY
360
100006AC
102
}
330
1F
100
AcDbEntity
  8
VISIBLE
100
AcDbLine
 10
132.1594010767586
 20
-143.35
 30
0.0
 11
127.5405989232416
 21
-143.3499999999999
 31
0.0
  0
ARC
  5
100006AF
102
{ACAD_XDICTIONARY
360
100006B0
102
}
330
1F
100
AcDbEntity
  8
VISIBLE
100
AcDbCircle
 10
132.1594010767586
 20
-146.35
 30
0.0
 40
3.0
100
AcDbArc
 50
29.99999999999925
 51
89.99999999999949
  0
LINE
  5
100006B5
102
{ACAD_XDICTIONARY
360
100006B6
102
}
330
1F
100
AcDbEntity
  8
VISIBLE
100
AcDbLine
 10
137.0668783648704
 20
-148.8500000000001
 30
0.0
 11
134.7574772881119
 21
-144.85
 31
0.0
  0
ARC
  5
100006B9
102
{ACAD_XDICTIONARY
360
100006BA
102
}
330
1F
100
AcDbEntity
  8
VISIBLE
100
AcDbCircle
 10
134.4688021535171
 20
-150.3500000000001
 30
0.0
 40
3.0
100
AcDbArc
 50
329.9999999999995
 51
29.99999999999956
  0
LINE
  5
100006BF
102
{ACAD_XDICTIONARY
360
100006C0
102
}
330
1F
100
AcDbEntity
  8
VISIBLE
100
AcDbLine
 10
134.7574772881118
 20
-155.8500000000001
 30
0.0
 11
137.0668783648704
 21
-151.8500000000001
 31
0.0
  0
ARC
  5
100006C3
102
{ACAD_XDICTIONARY
360
100006C4
102
}
330
1F
100
AcDbEntity
  8
VISIBLE
100
AcDbCircle
 10
132.1594010767585
 20
-154.35
 30
0.0
 40
3.0
100
AcDbArc
 50
269.9999999999994
 51
329.9999999999995
  0
LINE
  5
100006C9
102
{ACAD_XDICTIONARY
360
100006CA
102
}
330
1F
100
AcDbEntity
  8
VISIBLE
100
AcDbLine
 10
147.5405989232415
 20
-157.35
 30
0.0
 11
152.1594010767585
 21
-157.35
 31
0.0
  0
ARC
  5
100006CD
102
{ACAD_XDICTIONARY
360
100006CE
102
}
330
1F
100
AcDbEntity
  8
VISIBLE
100
AcDbCircle
 10
147.5405989232415
 20
-154.35
 30
0.0
 40
3.0
100
AcDbArc
 50
209.9999999999995
 51
269.9999999999994
  0
LINE
  5
100006D3
102
{ACAD_XDICTIONARY
360
100006D4
102
}
330
1F
100
AcDbEntity
  8
VISIBLE
100
AcDbLine
 10
142.6331216351297
 20
-151.8499999999999
 30
0.0
 11
144.9425227118882
 21
-155.85
 31
0.0
  0
ARC
  5
100006D7
102
{ACAD_XDICTIONARY
360
100006D8
102
}
330
1F
100
AcDbEntity
  8
VISIBLE
100
AcDbCircle
 10
145.2311978464831
 20
-150.35
 30
0.0
 40
3.0
100
AcDbArc
 50
149.9999999999995
 51
209.9999999999993
  0
LINE
  5
100006DD
102
{ACAD_XDICTIONARY
360
100006DE
102
}
330
1F
100
AcDbEntity
  8
VISIBLE
100
AcDbLine
 10
144.9425227118883
 20
-144.8499999999999
 30
0.0
 11
142.6331216351298
 21
-148.8499999999999
 31
0.0
  0
ARC
  5
100006E1
102
{ACAD_XDICTIONARY
360
100006E2
102
}
330
1F
100
AcDbEntity
  8
VISIBLE
100
AcDbCircle
 10
147.5405989232416
 20
-146.35
 30
0.0
 40
3.0
100
AcDbArc
 50
89.99999999999949
 51
149.9999999999988
  0
LINE
  5
100006E7
102
{ACAD_XDICTIONARY
360
100006E8
102
}
330
1F
100
AcDbEntity
  8
VISIBLE
100
AcDbLine
 10
152.1594010767586
 20
-143.35
 30
0.0
 11
147.5405989232416
 21
-143.3499999999999
 31
0.0
  0
ARC
  5
100006EB
102
{ACAD_XDICTIONARY
360
100006EC
102
}
330
1F
100
AcDbEntity
  8
VISIBLE
100
AcDbCircle
 10
152.1594010767586
 20
-146.35
 30
0.0
 40
3.0
100
AcDbArc
 50
29.99999999999956
 51
89.99999999999949
  0
LINE
  5
100006F1
102
{ACAD_XDICTIONARY
360
100006F2
102
}
330
1F
100
AcDbEntity
  8
VISIBLE
100
AcDbLine
 10
157.0668783648704
 20
-148.8500000000001
 30
0.0
 11
154.7574772881119
 21
-144.85
 31
0.0
  0
ARC
  5
100006F5
102
{ACAD_XDICTIONARY
360
100006F6
102
}
330
1F
100
AcDbEntity
  8
VISIBLE
100
AcDbCircle
 10
154.4688021535171
 20
-150.3500000000001
 30
0.0
 40
3.0
100
AcDbArc
 50
329.9999999999995
 51
29.99999999999956
  0
LINE
  5
100006FB
102
{ACAD_XDICTIONARY
360
100006FC
102
}
330
1F
100
AcDbEntity
  8
VISIBLE
100
AcDbLine
 10
154.7574772881118
 20
-155.8500000000001
 30
0.0
 11
157.0668783648704
 21
-151.8500000000001
 31
0.0
  0
ARC
  5
100006FF
102
{ACAD_XDICTIONARY
360
10000700
102
}
330
1F
100
AcDbEntity
  8
VISIBLE
100
AcDbCircle
 10
152.1594010767585
 20
-154.35
 30
0.0
 40
3.0
100
AcDbArc
 50
269.9999999999994
 51
329.9999999999995
  0
LINE
  5
10000705
102
{ACAD_XDICTIONARY
360
10000706
102
}
330
1F
100
AcDbEntity
  8
VISIBLE
100
AcDbLine
 10
167.5405989232415
 20
-157.35
 30
0.0
 11
172.1594010767585
 21
-157.35
 31
0.0
  0
ARC
  5
10000709
102
{ACAD_XDICTIONARY
360
1000070A
102
}
330
1F
100
AcDbEntity
  8
VISIBLE
100
AcDbCircle
 10
167.5405989232415
 20
-154.35
 30
0.0
 40
3.0
100
AcDbArc
 50
209.9999999999993
 51
269.9999999999994
  0
LINE
  5
1000070F
102
{ACAD_XDICTIONARY
360
10000710
102
}
330
1F
100
AcDbEntity
  8
VISIBLE
100
AcDbLine
 10
162.6331216351297
 20
-151.8499999999999
 30
0.0
 11
164.9425227118882
 21
-155.85
 31
0.0
  0
ARC
  5
10000713
102
{ACAD_XDICTIONARY
360
10000714
102
}
330
1F
100
AcDbEntity
  8
VISIBLE
100
AcDbCircle
 10
165.231197846483
 20
-150.35
 30
0.0
 40
3.0
100
AcDbArc
 50
149.9999999999993
 51
209.9999999999995
  0
LINE
  5
10000719
102
{ACAD_XDICTIONARY
360
1000071A
102
}
330
1F
100
AcDbEntity
  8
VISIBLE
100
AcDbLine
 10
164.9425227118883
 20
-144.8499999999999
 30
0.0
 11
162.6331216351298
 21
-148.8499999999999
 31
0.0
  0
ARC
  5
1000071D
102
{ACAD_XDICTIONARY
360
1000071E
102
}
330
1F
100
AcDbEntity
  8
VISIBLE
100
AcDbCircle
 10
167.5405989232416
 20
-146.35
 30
0.0
 40
3.0
100
AcDbArc
 50
89.99999999999949
 51
149.9999999999991
  0
LINE
  5
10000723
102
{ACAD_XDICTIONARY
360
10000724
102
}
330
1F
100
AcDbEntity
  8
VISIBLE
100
AcDbLine
 10
172.1594010767586
 20
-143.35
 30
0.0
 11
167.5405989232416
 21
-143.3499999999999
 31
0.0
  0
ARC
  5
10000727
102
{ACAD_XDICTIONARY
360
10000728
102
}
330
1F
100
AcDbEntity
  8
VISIBLE
100
AcDbCircle
 10
172.1594010767586
 20
-146.35
 30
0.0
 40
3.0
100
AcDbArc
 50
29.99999999999956
 51
89.99999999999949
  0
LINE
  5
1000072D
102
{ACAD_XDICTIONARY
360
1000072E
102
}
330
1F
100
AcDbEntity
  8
VISIBLE
100
AcDbLine
 10
177.0668783648704
 20
-148.8500000000001
 30
0.0
 11
174.7574772881119
 21
-144.85
 31
0.0
  0
ARC
  5
10000731
102
{ACAD_XDICTIONARY
360
10000732
102
}
330
1F
100
AcDbEntity
  8
VISIBLE
100
AcDbCircle
 10
174.468802153517
 20
-150.3500000000001
 30
0.0
 40
3.0
100
AcDbArc
 50
329.9999999999998
 51
29.99999999999925
  0
LINE
  5
10000737
102
{ACAD_XDICTIONARY
360
10000738
102
}
330
1F
100
AcDbEntity
  8
VISIBLE
100
AcDbLine
 10
174.7574772881118
 20
-155.8500000000001
 30
0.0
 11
177.0668783648704
 21
-151.8500000000001
 31
0.0
  0
ARC
  5
1000073B
102
{ACAD_XDICTIONARY
360
1000073C
102
}
330
1F
100
AcDbEntity
  8
VISIBLE
100
AcDbCircle
 10
172.1594010767585
 20
-154.35
 30
0.0
 40
3.0
100
AcDbArc
 50
269.9999999999994
 51
329.9999999999993
  0
LINE
  5
10000741
102
{ACAD_XDICTIONARY
360
10000742
102
}
330
1F
100
AcDbEntity
  8
VISIBLE
100
AcDbLine
 10
187.5405989232415
 20
-157.35
 30
0.0
 11
192.1594010767585
 21
-157.35
 31
0.0
  0
ARC
  5
10000745
102
{ACAD_XDICTIONARY
360
10000746
102
}
330
1F
100
AcDbEntity
  8
VISIBLE
100
AcDbCircle
 10
187.5405989232415
 20
-154.35
 30
0.0
 40
3.0
100
AcDbArc
 50
209.9999999999995
 51
269.9999999999994
  0
LINE
  5
1000074B
102
{ACAD_XDICTIONARY
360
1000074C
102
}
330
1F
100
AcDbEntity
  8
VISIBLE
100
AcDbLine
 10
182.6331216351297
 20
-151.8499999999999
 30
0.0
 11
184.9425227118882
 21
-155.85
 31
0.0
  0
ARC
  5
1000074F
102
{ACAD_XDICTIONARY
360
10000750
102
}
330
1F
100
AcDbEntity
  8
VISIBLE
100
AcDbCircle
 10
185.2311978464831
 20
-150.35
 30
0.0
 40
3.0
100
AcDbArc
 50
149.9999999999995
 51
209.9999999999993
  0
LINE
  5
10000755
102
{ACAD_XDICTIONARY
360
10000756
102
}
330
1F
100
AcDbEntity
  8
VISIBLE
100
AcDbLine
 10
184.9425227118883
 20
-144.8499999999999
 30
0.0
 11
182.6331216351298
 21
-148.8499999999999
 31
0.0
  0
ARC
  5
10000759
102
{ACAD_XDICTIONARY
360
1000075A
102
}
330
1F
100
AcDbEntity
  8
VISIBLE
100
AcDbCircle
 10
187.5405989232416
 20
-146.35
 30
0.0
 40
3.0
100
AcDbArc
 50
89.99999999999949
 51
149.9999999999988
  0
LINE
  5
1000075F
102
{ACAD_XDICTIONARY
360
10000760
102
}
330
1F
100
AcDbEntity
  8
VISIBLE
100
AcDbLine
 10
192.1594010767586
 20
-143.35
 30
0.0
 11
187.5405989232416
 21
-143.3499999999999
 31
0.0
  0
ARC
  5
10000763
102
{ACAD_XDICTIONARY
360
10000764
102
}
330
1F
100
AcDbEntity
  8
VISIBLE
100
AcDbCircle
 10
192.1594010767586
 20
-146.35
 30
0.0
 40
3.0
100
AcDbArc
 50
29.99999999999925
 51
89.99999999999949
  0
LINE
  5
10000769
102
{ACAD_XDICTIONARY
360
1000076A
102
}
330
1F
100
AcDbEntity
  8
VISIBLE
100
AcDbLine
 10
197.0668783648704
 20
-148.8500000000001
 30
0.0
 11
194.7574772881119
 21
-144.85
 31
0.0
  0
ARC
  5
1000076D
102
{ACAD_XDICTIONARY
360
1000076E
102
}
330
1F
100
AcDbEntity
  8
VISIBLE
100
AcDbCircle
 10
194.4688021535171
 20
-150.3500000000001
 30
0.0
 40
3.0
100
AcDbArc
 50
329.9999999999995
 51
29.99999999999956
  0
LINE
  5
10000773
102
{ACAD_XDICTIONARY
360
10000774
102
}
330
1F
100
AcDbEntity
  8
VISIBLE
100
AcDbLine
 10
194.7574772881118
 20
-155.8500000000001
 30
0.0
 11
197.0668783648704
 21
-151.8500000000001
 31
0.0
  0
ARC
  5
10000777
102
{ACAD_XDICTIONARY
360
10000778
102
}
330
1F
100
AcDbEntity
  8
VISIBLE
100
AcDbCircle
 10
192.1594010767585
 20
-154.35
 30
0.0
 40
3.0
100
AcDbArc
 50
269.9999999999994
 51
329.9999999999995
  0
LINE
  5
1000077D
102
{ACAD_XDICTIONARY
360
1000077E
102
}
330
1F
100
AcDbEntity
  8
VISIBLE
100
AcDbLine
 10
149.1000000000001
 20
-139.8500000000001
 30
0.0
 11
150.6000000000001
 21
-139.8500000000002
 31
0.0
  0
ARC
  5
10000781
102
{ACAD_XDICTIONARY
360
10000782
102
}
330
1F
100
AcDbEntity
  8
VISIBLE
100
AcDbCircle
 10
149.1000000000001
 20
-138.3500000000002
 30
0.0
 40
1.500000000000001
100
AcDbArc
 50
90.0
 51
270.0
  0
LINE
  5
10000787
102
{ACAD_XDICTIONARY
360
10000788
102
}
330
1F
100
AcDbEntity
  8
VISIBLE
100
AcDbLine
 10
149.1000000000001
 20
-136.8500000000002
 30
0.0
 11
150.6000000000001
 21
-136.8500000000002
 31
0.0
  0
ARC
  5
1000078B
102
{ACAD_XDICTIONARY
360
1000078C
102
}
330
1F
100
AcDbEntity
  8
VISIBLE
100
AcDbCircle
 10
150.6000000000001
 20
-138.3500000000002
 30
0.0
 40
1.500000000000001
100
AcDbArc
 50
270.0
 51
90.0
  0
LINE
  5
10000791
102
{ACAD_XDICTIONARY
360
10000792
102
}
330
1F
100
AcDbEntity
  8
VISIBLE
100
AcDbLine
 10
118.8500000000001
 20
-124.25
 30
0.0
 11
118.8500000000001
 21
-122.75
 31
0.0
  0
ARC
  5
10000795
102
{ACAD_XDICTIONARY
360
10000796
102
}
330
1F
100
AcDbEntity
  8
VISIBLE
100
AcDbCircle
 10
117.3500000000001
 20
-124.25
 30
0.0
 40
1.500000000000001
100
AcDbArc
 50
180.0
 51
0.0
  0
LINE
  5
1000079B
102
{ACAD_XDICTIONARY
360
1000079C
102
}
330
1F
100
AcDbEntity
  8
VISIBLE
100
AcDbLine
 10
115.8500000000001
 20
-124.25
 30
0.0
 11
115.8500000000001
 21
-122.75
 31
0.0
  0
ARC
  5
1000079F
102
{ACAD_XDICTIONARY
360
100007A0
102
}
330
1F
100
AcDbEntity
  8
VISIBLE
100
AcDbCircle
 10
117.3500000000001
 20
-122.75
 30
0.0
 40
1.500000000000001
100
AcDbArc
 50
0.0
 51
180.0
  0
LINE
  5
100007A5
102
{ACAD_XDICTIONARY
360
100007A6
102
}
330
1F
100
AcDbEntity
  8
VISIBLE
100
AcDbLine
 10
93.85000000000004
 20
-137.3
 30
0.0
 11
93.85000000000004
 21
-135.8
 31
0.0
  0
ARC
  5
100007A9
102
{ACAD_XDICTIONARY
360
100007AA
102
}
330
1F
100
AcDbEntity
  8
VISIBLE
100
AcDbCircle
 10
92.35000000000002
 20
-137.3
 30
0.0
 40
1.500000000000001
100
AcDbArc
 50
180.0
 51
0.0
  0
LINE
  5
100007AF
102
{ACAD_XDICTIONARY
360
100007B0
102
}
330
1F
100
AcDbEntity
  8
VISIBLE
100
AcDbLine
 10
90.85000000000002
 20
-137.3
 30
0.0
 11
90.85000000000002
 21
-135.8
 31
0.0
  0
ARC
  5
100007B3
102
{ACAD_XDICTIONARY
360
100007B4
102
}
330
1F
100
AcDbEntity
  8
VISIBLE
100
AcDbCircle
 10
92.35000000000002
 20
-135.8
 30
0.0
 40
1.500000000000001
100
AcDbArc
 50
0.0
 51
180.0
  0
LINE
  5
100007B9
102
{ACAD_XDICTIONARY
360
100007BA
102
}
330
1F
100
AcDbEntity
  8
VISIBLE
100
AcDbLine
 10
91.10000000000002
 20
-175.1000000000001
 30
0.0
 11
91.10000000000002
 21
-173.6000000000001
 31
0.0
  0
ARC
  5
100007BD
102
{ACAD_XDICTIONARY
360
100007BE
102
}
330
1F
100
AcDbEntity
  8
VISIBLE
100
AcDbCircle
 10
89.60000000000002
 20
-175.1000000000001
 30
0.0
 40
1.500000000000001
100
AcDbArc
 50
180.0
 51
0.0
  0
LINE
  5
100007C3
102
{ACAD_XDICTIONARY
360
100007C4
102
}
330
1F
100
AcDbEntity
  8
VISIBLE
100
AcDbLine
 10
88.10000000000002
 20
-175.1000000000001
 30
0.0
 11
88.10000000000002
 21
-173.6000000000001
 31
0.0
  0
ARC
  5
100007C7
102
{ACAD_XDICTIONARY
360
100007C8
102
}
330
1F
100
AcDbEntity
  8
VISIBLE
100
AcDbCircle
 10
89.60000000000002
 20
-173.6000000000001
 30
0.0
 40
1.500000000000001
100
AcDbArc
 50
0.0
 51
180.0
  0
LINE
  5
100007CD
102
{ACAD_XDICTIONARY
360
100007CE
102
}
330
1F
100
AcDbEntity
  8
VISIBLE
100
AcDbLine
 10
149.1
 20
-238.85
 30
0.0
 11
150.6000000000001
 21
-238.85
 31
0.0
  0
ARC
  5
100007D1
102
{ACAD_XDICTIONARY
360
100007D2
102
}
330
1F
100
AcDbEntity
  8
VISIBLE
100
AcDbCircle
 10
149.1
 20
-237.35
 30
0.0
 40
1.500000000000001
100
AcDbArc
 50
90.0
 51
270.0
  0
LINE
  5
100007D7
102
{ACAD_XDICTIONARY
360
100007D8
102
}
330
1F
100
AcDbEntity
  8
VISIBLE
100
AcDbLine
 10
149.1
 20
-235.85
 30
0.0
 11
150.6000000000001
 21
-235.85
 31
0.0
  0
ARC
  5
100007DB
102
{ACAD_XDICTIONARY
360
100007DC
102
}
330
1F
100
AcDbEntity
  8
VISIBLE
100
AcDbCircle
 10
150.6000000000001
 20
-237.35
 30
0.0
 40
1.500000000000001
100
AcDbArc
 50
270.0
 51
90.0
  0
ARC
  5
100007E1
102
{ACAD_XDICTIONARY
360
100007E2
102
}
330
1F
100
AcDbEntity
  8
VISIBLE
100
AcDbCircle
 10
182.35
 20
-124.25
 30
0.0
 40
1.500000000000001
100
AcDbArc
 50
180.0
 51
0.0
  0
LINE
  5
100007E7
102
{ACAD_XDICTIONARY
360
100007E8
102
}
330
1F
100
AcDbEntity
  8
VISIBLE
100
AcDbLine
 10
180.85
 20
-124.25
 30
0.0
 11
180.85
 21
-122.75
 31
0.0
  0
ARC
  5
100007EB
102
{ACAD_XDICTIONARY
360
100007EC
102
}
330
1F
100
AcDbEntity
  8
VISIBLE
100
AcDbCircle
 10
182.35
 20
-122.75
 30
0.0
 40
1.500000000000001
100
AcDbArc
 50
0.0
 51
180.0
  0
LINE
  5
100007F1
102
{ACAD_XDICTIONARY
360
100007F2
102
}
330
1F
100
AcDbEntity
  8
VISIBLE
100
AcDbLine
 10
183.85
 20
-124.25
 30
0.0
 11
183.85
 21
-122.75
 31
0.0
  0
LINE
  5
100007F5
102
{ACAD_XDICTIONARY
360
100007F6
102
}
330
1F
100
AcDbEntity
  8
VISIBLE
100
AcDbLine
 10
208.85
 20
-137.3
 30
0.0
 11
208.85
 21
-135.8
 31
0.0
  0
ARC
  5
100007F9
102
{ACAD_XDICTIONARY
360
100007FA
102
}
330
1F
100
AcDbEntity
  8
VISIBLE
100
AcDbCircle
 10
207.35
 20
-137.3
 30
0.0
 40
1.500000000000001
100
AcDbArc
 50
180.0
 51
0.0
  0
LINE
  5
100007FF
102
{ACAD_XDICTIONARY
360
10000800
102
}
330
1F
100
AcDbEntity
  8
VISIBLE
100
AcDbLine
 10
205.85
 20
-137.3
 30
0.0
 11
205.85
 21
-135.8
 31
0.0
  0
ARC
  5
10000803
102
{ACAD_XDICTIONARY
360
10000804
102
}
330
1F
100
AcDbEntity
  8
VISIBLE
100
AcDbCircle
 10
207.35
 20
-135.8
 30
0.0
 40
1.500000000000001
100
AcDbArc
 50
0.0
 51
180.0
  0
ENDSEC
  0
SECTION
  2
OBJECTS
  0
DICTIONARY
  5
C
330
0
100
AcDbDictionary
  3
ACAD_GROUP
350
D
  3
ACAD_LAYOUT
350
1A
  3
ACAD_MATERIAL
350
43
  3
ACAD_MLEADERSTYLE
350
5B
  3
ACAD_MLINESTYLE
350
17
  3
ACAD_PLOTSETTINGS
350
19
  3
ACAD_SCALELIST
350
47
  3
ACAD_VISUALSTYLE
350
2A
  3
ACDBHEADERROUNDTRIPXREC
350
1000080B
  3
ACDBVARIABLEDICTIONARY
350
1000082C
  3
DWGPROPS
350
10000837
  3
ONSHAPE_DATA
350
10000001
  0
DICTIONARY
  5
10000838
330
8
100
AcDbDictionary
280
     1
  3
ACAD_XREC_ROUNDTRIP
360
10000839
  0
DICTIONARY
  5
10000809
330
1F
100
AcDbDictionary
280
     1
  3
ACAD_SORTENTS
360
1000080A
  0
DICTIONARY
  5
1000005A
330
10000059
100
AcDbDictionary
280
     1
  3
BTDETID
360
1000005B
  3
BTPARTID
360
1000005C
  0
DICTIONARY
  5
1000005E
330
1000005D
100
AcDbDictionary
280
     1
  3
BTDETID
360
1000005F
  3
BTPARTID
360
10000060
  0
DICTIONARY
  5
10000062
330
10000061
100
AcDbDictionary
280
     1
  3
BTDETID
360
10000063
  3
BTPARTID
360
10000064
  0
DICTIONARY
  5
10000066
330
10000065
100
AcDbDictionary
280
     1
  3
BTDETID
360
10000067
  3
BTPARTID
360
10000068
  0
DICTIONARY
  5
1000006A
330
10000069
100
AcDbDictionary
280
     1
  3
BTDETID
360
1000006B
  3
BTPARTID
360
1000006C
  0
DICTIONARY
  5
1000006E
330
1000006D
100
AcDbDictionary
280
     1
  3
BTDETID
360
1000006F
  3
BTPARTID
360
10000070
  0
DICTIONARY
  5
10000072
330
10000071
100
AcDbDictionary
280
     1
  3
BTARCONSURFACERADIUS
360
10000075
  3
BTDETID
360
10000073
  3
BTOWNERFACEID_
360
10000074
  3
BTPARTID
360
10000076
  0
DICTIONARY
  5
10000078
330
10000077
100
AcDbDictionary
280
     1
  3
BTDETID
360
10000079
  3
BTPARTID
360
1000007A
  0
DICTIONARY
  5
1000007C
330
1000007B
100
AcDbDictionary
280
     1
  3
BTARCONSURFACERADIUS
360
1000007F
  3
BTDETID
360
1000007D
  3
BTOWNERFACEID_
360
1000007E
  3
BTPARTID
360
10000080
  0
DICTIONARY
  5
10000082
330
10000081
100
AcDbDictionary
280
     1
  3
BTDETID
360
10000083
  3
BTPARTID
360
10000084
  0
DICTIONARY
  5
10000086
330
10000085
100
AcDbDictionary
280
     1
  3
BTARCONSURFACERADIUS
360
10000089
  3
BTDETID
360
10000087
  3
BTOWNERFACEID_
360
10000088
  3
BTPARTID
360
1000008A
  0
DICTIONARY
  5
1000008C
330
1000008B
100
AcDbDictionary
280
     1
  3
BTDETID
360
1000008D
  3
BTPARTID
360
1000008E
  0
DICTIONARY
  5
10000090
330
1000008F
100
AcDbDictionary
280
     1
  3
BTARCONSURFACERADIUS
360
10000093
  3
BTDETID
360
10000091
  3
BTOWNERFACEID_
360
10000092
  3
BTPARTID
360
10000094
  0
DICTIONARY
  5
10000096
330
10000095
100
AcDbDictionary
280
     1
  3
BTDETID
360
10000097
  3
BTPARTID
360
10000098
  0
DICTIONARY
  5
1000009A
330
10000099
100
AcDbDictionary
280
     1
  3
BTDETID
360
1000009B
  3
BTPARTID
360
1000009C
  0
DICTIONARY
  5
1000009E
330
1000009D
100
AcDbDictionary
280
     1
  3
BTDETID
360
1000009F
  3
BTPARTID
360
100000A0
  0
DICTIONARY
  5
100000A2
330
100000A1
100
AcDbDictionary
280
     1
  3
BTDETID
360
100000A3
  3
BTPARTID
360
100000A4
  0
DICTIONARY
  5
100000A6
330
100000A5
100
AcDbDictionary
280
     1
  3
BTDETID
360
100000A7
  3
BTPARTID
360
100000A8
  0
DICTIONARY
  5
100000AA
330
100000A9
100
AcDbDictionary
280
     1
  3
BTDETID
360
100000AB
  3
BTPARTID
360
100000AC
  0
DICTIONARY
  5
100000AE
330
100000AD
100
AcDbDictionary
280
     1
  3
BTDETID
360
100000AF
  3
BTPARTID
360
100000B0
  0
DICTIONARY
  5
100000B2
330
100000B1
100
AcDbDictionary
280
     1
  3
BTDETID
360
100000B3
  3
BTPARTID
360
100000B4
  0
DICTIONARY
  5
100000B6
330
100000B5
100
AcDbDictionary
280
     1
  3
BTDETID
360
100000B7
  3
BTPARTID
360
100000B8
  0
DICTIONARY
  5
100000BA
330
100000B9
100
AcDbDictionary
280
     1
  3
BTARCONSURFACERADIUS
360
100000BD
  3
BTDETID
360
100000BB
  3
BTOWNERFACEID_
360
100000BC
  3
BTPARTID
360
100000BE
  0
DICTIONARY
  5
100000C0
330
100000BF
100
AcDbDictionary
280
     1
  3
BTDETID
360
100000C1
  3
BTPARTID
360
100000C2
  0
DICTIONARY
  5
100000C4
330
100000C3
100
AcDbDictionary
280
     1
  3
BTARCONSURFACERADIUS
360
100000C7
  3
BTDETID
360
100000C5
  3
BTOWNERFACEID_
360
100000C6
  3
BTPARTID
360
100000C8
  0
DICTIONARY
  5
100000CA
330
100000C9
100
AcDbDictionary
280
     1
  3
BTDETID
360
100000CB
  3
BTPARTID
360
100000CC
  0
DICTIONARY
  5
100000CE
330
100000CD
100
AcDbDictionary
280
     1
  3
BTDETID
360
100000CF
  3
BTPARTID
360
100000D0
  0
DICTIONARY
  5
100000D2
330
100000D1
100
AcDbDictionary
280
     1
  3
BTARCONSURFACERADIUS
360
100000D5
  3
BTDETID
360
100000D3
  3
BTOWNERFACEID_
360
100000D4
  3
BTPARTID
360
100000D6
  0
DICTIONARY
  5
100000D8
330
100000D7
100
AcDbDictionary
280
     1
  3
BTDETID
360
100000D9
  3
BTPARTID
360
100000DA
  0
DICTIONARY
  5
100000DC
330
100000DB
100
AcDbDictionary
280
     1
  3
BTARCONSURFACERADIUS
360
100000DF
  3
BTDETID
360
100000DD
  3
BTOWNERFACEID_
360
100000DE
  3
BTPARTID
360
100000E0
  0
DICTIONARY
  5
100000E2
330
100000E1
100
AcDbDictionary
280
     1
  3
BTDETID
360
100000E3
  3
BTPARTID
360
100000E4
  0
DICTIONARY
  5
100000E6
330
100000E5
100
AcDbDictionary
280
     1
  3
BTARCONSURFACERADIUS
360
100000E9
  3
BTDETID
360
100000E7
  3
BTOWNERFACEID_
360
100000E8
  3
BTPARTID
360
100000EA
  0
DICTIONARY
  5
100000EC
330
100000EB
100
AcDbDictionary
280
     1
  3
BTDETID
360
100000ED
  3
BTPARTID
360
100000EE
  0
DICTIONARY
  5
100000F0
330
100000EF
100
AcDbDictionary
280
     1
  3
BTDETID
360
100000F1
  3
BTPARTID
360
100000F2
  0
DICTIONARY
  5
100000F4
330
100000F3
100
AcDbDictionary
280
     1
  3
BTDETID
360
100000F5
  3
BTPARTID
360
100000F6
  0
DICTIONARY
  5
100000F8
330
100000F7
100
AcDbDictionary
280
     1
  3
BTARCONSURFACERADIUS
360
100000FB
  3
BTDETID
360
100000F9
  3
BTOWNERFACEID_
360
100000FA
  3
BTPARTID
360
100000FC
  0
DICTIONARY
  5
100000FE
330
100000FD
100
AcDbDictionary
280
     1
  3
BTDETID
360
100000FF
  3
BTPARTID
360
10000100
  0
DICTIONARY
  5
10000102
330
10000101
100
AcDbDictionary
280
     1
  3
BTDETID
360
10000103
  3
BTPARTID
360
10000104
  0
DICTIONARY
  5
10000106
330
10000105
100
AcDbDictionary
280
     1
  3
BTDETID
360
10000107
  3
BTPARTID
360
10000108
  0
DICTIONARY
  5
1000010A
330
10000109
100
AcDbDictionary
280
     1
  3
BTARCONSURFACERADIUS
360
1000010D
  3
BTDETID
360
1000010B
  3
BTOWNERFACEID_
360
1000010C
  3
BTPARTID
360
1000010E
  0
DICTIONARY
  5
10000110
330
1000010F
100
AcDbDictionary
280
     1
  3
BTDETID
360
10000111
  3
BTPARTID
360
10000112
  0
DICTIONARY
  5
10000114
330
10000113
100
AcDbDictionary
280
     1
  3
BTARCONSURFACERADIUS
360
10000117
  3
BTDETID
360
10000115
  3
BTOWNERFACEID_
360
10000116
  3
BTPARTID
360
10000118
  0
DICTIONARY
  5
1000011A
330
10000119
100
AcDbDictionary
280
     1
  3
BTDETID
360
1000011B
  3
BTPARTID
360
1000011C
  0
DICTIONARY
  5
1000011E
330
1000011D
100
AcDbDictionary
280
     1
  3
BTDETID
360
1000011F
  3
BTPARTID
360
10000120
  0
DICTIONARY
  5
10000122
330
10000121
100
AcDbDictionary
280
     1
  3
BTDETID
360
10000123
  3
BTPARTID
360
10000124
  0
DICTIONARY
  5
10000126
330
10000125
100
AcDbDictionary
280
     1
  3
BTARCONSURFACERADIUS
360
10000129
  3
BTDETID
360
10000127
  3
BTOWNERFACEID_
360
10000128
  3
BTPARTID
360
1000012A
  0
DICTIONARY
  5
1000012C
330
1000012B
100
AcDbDictionary
280
     1
  3
BTDETID
360
1000012D
  3
BTPARTID
360
1000012E
  0
DICTIONARY
  5
10000130
330
1000012F
100
AcDbDictionary
280
     1
  3
BTDETID
360
10000131
  3
BTPARTID
360
10000132
  0
DICTIONARY
  5
10000134
330
10000133
100
AcDbDictionary
280
     1
  3
BTDETID
360
10000135
  3
BTPARTID
360
10000136
  0
DICTIONARY
  5
10000138
330
10000137
100
AcDbDictionary
280
     1
  3
BTARCONSURFACERADIUS
360
1000013B
  3
BTDETID
360
10000139
  3
BTOWNERFACEID_
360
1000013A
  3
BTPARTID
360
1000013C
  0
DICTIONARY
  5
1000013E
330
1000013D
100
AcDbDictionary
280
     1
  3
BTDETID
360
1000013F
  3
BTPARTID
360
10000140
  0
DICTIONARY
  5
10000142
330
10000141
100
AcDbDictionary
280
     1
  3
BTARCONSURFACERADIUS
360
10000145
  3
BTDETID
360
10000143
  3
BTOWNERFACEID_
360
10000144
  3
BTPARTID
360
10000146
  0
DICTIONARY
  5
10000148
330
10000147
100
AcDbDictionary
280
     1
  3
BTDETID
360
10000149
  3
BTPARTID
360
1000014A
  0
DICTIONARY
  5
1000014C
330
1000014B
100
AcDbDictionary
280
     1
  3
BTARCONSURFACERADIUS
360
1000014F
  3
BTDETID
360
1000014D
  3
BTOWNERFACEID_
360
1000014E
  3
BTPARTID
360
10000150
  0
DICTIONARY
  5
10000152
330
10000151
100
AcDbDictionary
280
     1
  3
BTDETID
360
10000153
  3
BTPARTID
360
10000154
  0
DICTIONARY
  5
10000156
330
10000155
100
AcDbDictionary
280
     1
  3
BTDETID
360
10000157
  3
BTPARTID
360
10000158
  0
DICTIONARY
  5
1000015A
330
10000159
100
AcDbDictionary
280
     1
  3
BTARCONSURFACERADIUS
360
1000015D
  3
BTDETID
360
1000015B
  3
BTOWNERFACEID_
360
1000015C
  3
BTPARTID
360
1000015E
  0
DICTIONARY
  5
10000160
330
1000015F
100
AcDbDictionary
280
     1
  3
BTDETID
360
10000161
  3
BTPARTID
360
10000162
  0
DICTIONARY
  5
10000164
330
10000163
100
AcDbDictionary
280
     1
  3
BTARCONSURFACERADIUS
360
10000167
  3
BTDETID
360
10000165
  3
BTOWNERFACEID_
360
10000166
  3
BTPARTID
360
10000168
  0
DICTIONARY
  5
1000016A
330
10000169
100
AcDbDictionary
280
     1
  3
BTDETID
360
1000016B
  3
BTPARTID
360
1000016C
  0
DICTIONARY
  5
1000016E
330
1000016D
100
AcDbDictionary
280
     1
  3
BTDETID
360
1000016F
  3
BTPARTID
360
10000170
  0
DICTIONARY
  5
10000172
330
10000171
100
AcDbDictionary
280
     1
  3
BTDETID
360
10000173
  3
BTPARTID
360
10000174
  0
DICTIONARY
  5
10000176
330
10000175
100
AcDbDictionary
280
     1
  3
BTARCONSURFACERADIUS
360
10000179
  3
BTDETID
360
10000177
  3
BTOWNERFACEID_
360
10000178
  3
BTPARTID
360
1000017A
  0
DICTIONARY
  5
1000017C
330
1000017B
100
AcDbDictionary
280
     1
  3
BTDETID
360
1000017D
  3
BTPARTID
360
1000017E
  0
DICTIONARY
  5
10000180
330
1000017F
100
AcDbDictionary
280
     1
  3
BTARCONSURFACERADIUS
360
10000183
  3
BTDETID
360
10000181
  3
BTOWNERFACEID_
360
10000182
  3
BTPARTID
360
10000184
  0
DICTIONARY
  5
10000186
330
10000185
100
AcDbDictionary
280
     1
  3
BTDETID
360
10000187
  3
BTPARTID
360
10000188
  0
DICTIONARY
  5
1000018A
330
10000189
100
AcDbDictionary
280
     1
  3
BTDETID
360
1000018B
  3
BTPARTID
360
1000018C
  0
DICTIONARY
  5
1000018E
330
1000018D
100
AcDbDictionary
280
     1
  3
BTDETID
360
1000018F
  3
BTPARTID
360
10000190
  0
DICTIONARY
  5
10000192
330
10000191
100
AcDbDictionary
280
     1
  3
BTARCONSURFACERADIUS
360
10000195
  3
BTDETID
360
10000193
  3
BTOWNERFACEID_
360
10000194
  3
BTPARTID
360
10000196
  0
DICTIONARY
  5
10000198
330
10000197
100
AcDbDictionary
280
     1
  3
BTDETID
360
10000199
  3
BTPARTID
360
1000019A
  0
DICTIONARY
  5
1000019C
330
1000019B
100
AcDbDictionary
280
     1
  3
BTARCONSURFACERADIUS
360
1000019F
  3
BTDETID
360
1000019D
  3
BTOWNERFACEID_
360
1000019E
  3
BTPARTID
360
100001A0
  0
DICTIONARY
  5
100001A2
330
100001A1
100
AcDbDictionary
280
     1
  3
BTDETID
360
100001A3
  3
BTPARTID
360
100001A4
  0
DICTIONARY
  5
100001A6
330
100001A5
100
AcDbDictionary
280
     1
  3
BTDETID
360
100001A7
  3
BTPARTID
360
100001A8
  0
DICTIONARY
  5
100001AA
330
100001A9
100
AcDbDictionary
280
     1
  3
BTDETID
360
100001AB
  3
BTPARTID
360
100001AC
  0
DICTIONARY
  5
100001AE
330
100001AD
100
AcDbDictionary
280
     1
  3
BTARCONSURFACERADIUS
360
100001B1
  3
BTDETID
360
100001AF
  3
BTOWNERFACEID_
360
100001B0
  3
BTPARTID
360
100001B2
  0
DICTIONARY
  5
100001B4
330
100001B3
100
AcDbDictionary
280
     1
  3
BTDETID
360
100001B5
  3
BTPARTID
360
100001B6
  0
DICTIONARY
  5
100001B8
330
100001B7
100
AcDbDictionary
280
     1
  3
BTARCONSURFACERADIUS
360
100001BB
  3
BTDETID
360
100001B9
  3
BTOWNERFACEID_
360
100001BA
  3
BTPARTID
360
100001BC
  0
DICTIONARY
  5
100001BE
330
100001BD
100
AcDbDictionary
280
     1
  3
BTDETID
360
100001BF
  3
BTPARTID
360
100001C0
  0
DICTIONARY
  5
100001C2
330
100001C1
100
AcDbDictionary
280
     1
  3
BTDETID
360
100001C3
  3
BTPARTID
360
100001C4
  0
DICTIONARY
  5
100001C6
330
100001C5
100
AcDbDictionary
280
     1
  3
BTDETID
360
100001C7
  3
BTPARTID
360
100001C8
  0
DICTIONARY
  5
100001CA
330
100001C9
100
AcDbDictionary
280
     1
  3
BTARCONSURFACERADIUS
360
100001CD
  3
BTDETID
360
100001CB
  3
BTOWNERFACEID_
360
100001CC
  3
BTPARTID
360
100001CE
  0
DICTIONARY
  5
100001D0
330
100001CF
100
AcDbDictionary
280
     1
  3
BTDETID
360
100001D1
  3
BTPARTID
360
100001D2
  0
DICTIONARY
  5
100001D4
330
100001D3
100
AcDbDictionary
280
     1
  3
BTARCONSURFACERADIUS
360
100001D7
  3
BTDETID
360
100001D5
  3
BTOWNERFACEID_
360
100001D6
  3
BTPARTID
360
100001D8
  0
DICTIONARY
  5
100001DA
330
100001D9
100
AcDbDictionary
280
     1
  3
BTDETID
360
100001DB
  3
BTPARTID
360
100001DC
  0
DICTIONARY
  5
100001DE
330
100001DD
100
AcDbDictionary
280
     1
  3
BTDETID
360
100001DF
  3
BTPARTID
360
100001E0
  0
DICTIONARY
  5
100001E2
330
100001E1
100
AcDbDictionary
280
     1
  3
BTARCONSURFACERADIUS
360
100001E5
  3
BTDETID
360
100001E3
  3
BTOWNERFACEID_
360
100001E4
  3
BTPARTID
360
100001E6
  0
DICTIONARY
  5
100001E8
330
100001E7
100
AcDbDictionary
280
     1
  3
BTDETID
360
100001E9
  3
BTPARTID
360
100001EA
  0
DICTIONARY
  5
100001EC
330
100001EB
100
AcDbDictionary
280
     1
  3
BTDETID
360
100001ED
  3
BTPARTID
360
100001EE
  0
DICTIONARY
  5
100001F0
330
100001EF
100
AcDbDictionary
280
     1
  3
BTARCONSURFACERADIUS
360
100001F3
  3
BTDETID
360
100001F1
  3
BTOWNERFACEID_
360
100001F2
  3
BTPARTID
360
100001F4
  0
DICTIONARY
  5
100001F6
330
100001F5
100
AcDbDictionary
280
     1
  3
BTDETID
360
100001F7
  3
BTPARTID
360
100001F8
  0
DICTIONARY
  5
100001FA
330
100001F9
100
AcDbDictionary
280
     1
  3
BTARCONSURFACERADIUS
360
100001FD
  3
BTDETID
360
100001FB
  3
BTOWNERFACEID_
360
100001FC
  3
BTPARTID
360
100001FE
  0
DICTIONARY
  5
10000200
330
100001FF
100
AcDbDictionary
280
     1
  3
BTDETID
360
10000201
  3
BTPARTID
360
10000202
  0
DICTIONARY
  5
10000204
330
10000203
100
AcDbDictionary
280
     1
  3
BTDETID
360
10000205
  3
BTPARTID
360
10000206
  0
DICTIONARY
  5
10000208
330
10000207
100
AcDbDictionary
280
     1
  3
BTDETID
360
10000209
  3
BTPARTID
360
1000020A
  0
DICTIONARY
  5
1000020C
330
1000020B
100
AcDbDictionary
280
     1
  3
BTARCONSURFACERADIUS
360
1000020F
  3
BTDETID
360
1000020D
  3
BTOWNERFACEID_
360
1000020E
  3
BTPARTID
360
10000210
  0
DICTIONARY
  5
10000212
330
10000211
100
AcDbDictionary
280
     1
  3
BTDETID
360
10000213
  3
BTPARTID
360
10000214
  0
DICTIONARY
  5
10000216
330
10000215
100
AcDbDictionary
280
     1
  3
BTARCONSURFACERADIUS
360
10000219
  3
BTDETID
360
10000217
  3
BTOWNERFACEID_
360
10000218
  3
BTPARTID
360
1000021A
  0
DICTIONARY
  5
1000021C
330
1000021B
100
AcDbDictionary
280
     1
  3
BTDETID
360
1000021D
  3
BTPARTID
360
1000021E
  0
DICTIONARY
  5
10000220
330
1000021F
100
AcDbDictionary
280
     1
  3
BTDETID
360
10000221
  3
BTPARTID
360
10000222
  0
DICTIONARY
  5
10000224
330
10000223
100
AcDbDictionary
280
     1
  3
BTDETID
360
10000225
  3
BTPARTID
360
10000226
  0
DICTIONARY
  5
10000228
330
10000227
100
AcDbDictionary
280
     1
  3
BTARCONSURFACERADIUS
360
1000022B
  3
BTDETID
360
10000229
  3
BTOWNERFACEID_
360
1000022A
  3
BTPARTID
360
1000022C
  0
DICTIONARY
  5
1000022E
330
1000022D
100
AcDbDictionary
280
     1
  3
BTDETID
360
1000022F
  3
BTPARTID
360
10000230
  0
DICTIONARY
  5
10000232
330
10000231
100
AcDbDictionary
280
     1
  3
BTARCONSURFACERADIUS
360
10000235
  3
BTDETID
360
10000233
  3
BTOWNERFACEID_
360
10000234
  3
BTPARTID
360
10000236
  0
DICTIONARY
  5
10000238
330
10000237
100
AcDbDictionary
280
     1
  3
BTDETID
360
10000239
  3
BTPARTID
360
1000023A
  0
DICTIONARY
  5
1000023C
330
1000023B
100
AcDbDictionary
280
     1
  3
BTDETID
360
1000023D
  3
BTPARTID
360
1000023E
  0
DICTIONARY
  5
10000240
330
1000023F
100
AcDbDictionary
280
     1
  3
BTDETID
360
10000241
  3
BTPARTID
360
10000242
  0
DICTIONARY
  5
10000244
330
10000243
100
AcDbDictionary
280
     1
  3
BTARCONSURFACERADIUS
360
10000247
  3
BTDETID
360
10000245
  3
BTOWNERFACEID_
360
10000246
  3
BTPARTID
360
10000248
  0
DICTIONARY
  5
1000024A
330
10000249
100
AcDbDictionary
280
     1
  3
BTDETID
360
1000024B
  3
BTPARTID
360
1000024C
  0
DICTIONARY
  5
1000024E
330
1000024D
100
AcDbDictionary
280
     1
  3
BTARCONSURFACERADIUS
360
10000251
  3
BTDETID
360
1000024F
  3
BTOWNERFACEID_
360
10000250
  3
BTPARTID
360
10000252
  0
DICTIONARY
  5
10000254
330
10000253
100
AcDbDictionary
280
     1
  3
BTDETID
360
10000255
  3
BTPARTID
360
10000256
  0
DICTIONARY
  5
10000258
330
10000257
100
AcDbDictionary
280
     1
  3
BTDETID
360
10000259
  3
BTPARTID
360
1000025A
  0
DICTIONARY
  5
1000025C
330
1000025B
100
AcDbDictionary
280
     1
  3
BTDETID
360
1000025D
  3
BTPARTID
360
1000025E
  0
DICTIONARY
  5
10000260
330
1000025F
100
AcDbDictionary
280
     1
  3
BTARCONSURFACERADIUS
360
10000263
  3
BTDETID
360
10000261
  3
BTOWNERFACEID_
360
10000262
  3
BTPARTID
360
10000264
  0
DICTIONARY
  5
10000266
330
10000265
100
AcDbDictionary
280
     1
  3
BTDETID
360
10000267
  3
BTPARTID
360
10000268
  0
DICTIONARY
  5
1000026A
330
10000269
100
AcDbDictionary
280
     1
  3
BTARCONSURFACERADIUS
360
1000026D
  3
BTDETID
360
1000026B
  3
BTOWNERFACEID_
360
1000026C
  3
BTPARTID
360
1000026E
  0
DICTIONARY
  5
10000270
330
1000026F
100
AcDbDictionary
280
     1
  3
BTDETID
360
10000271
  3
BTPARTID
360
10000272
  0
DICTIONARY
  5
10000274
330
10000273
100
AcDbDictionary
280
     1
  3
BTDETID
360
10000275
  3
BTPARTID
360
10000276
  0
DICTIONARY
  5
10000278
330
10000277
100
AcDbDictionary
280
     1
  3
BTARCONSURFACERADIUS
360
1000027B
  3
BTDETID
360
10000279
  3
BTOWNERFACEID_
360
1000027A
  3
BTPARTID
360
1000027C
  0
DICTIONARY
  5
1000027E
330
1000027D
100
AcDbDictionary
280
     1
  3
BTDETID
360
1000027F
  3
BTPARTID
360
10000280
  0
DICTIONARY
  5
10000282
330
10000281
100
AcDbDictionary
280
     1
  3
BTDETID
360
10000283
  3
BTPARTID
360
10000284
  0
DICTIONARY
  5
10000286
330
10000285
100
AcDbDictionary
280
     1
  3
BTARCONSURFACERADIUS
360
10000289
  3
BTDETID
360
10000287
  3
BTOWNERFACEID_
360
10000288
  3
BTPARTID
360
1000028A
  0
DICTIONARY
  5
1000028C
330
1000028B
100
AcDbDictionary
280
     1
  3
BTDETID
360
1000028D
  3
BTPARTID
360
1000028E
  0
DICTIONARY
  5
10000290
330
1000028F
100
AcDbDictionary
280
     1
  3
BTARCONSURFACERADIUS
360
10000293
  3
BTDETID
360
10000291
  3
BTOWNERFACEID_
360
10000292
  3
BTPARTID
360
10000294
  0
DICTIONARY
  5
10000296
330
10000295
100
AcDbDictionary
280
     1
  3
BTDETID
360
10000297
  3
BTPARTID
360
10000298
  0
DICTIONARY
  5
1000029A
330
10000299
100
AcDbDictionary
280
     1
  3
BTDETID
360
1000029B
  3
BTPARTID
360
1000029C
  0
DICTIONARY
  5
1000029E
330
1000029D
100
AcDbDictionary
280
     1
  3
BTDETID
360
1000029F
  3
BTPARTID
360
100002A0
  0
DICTIONARY
  5
100002A2
330
100002A1
100
AcDbDictionary
280
     1
  3
BTARCONSURFACERADIUS
360
100002A5
  3
BTDETID
360
100002A3
  3
BTOWNERFACEID_
360
100002A4
  3
BTPARTID
360
100002A6
  0
DICTIONARY
  5
100002A8
330
100002A7
100
AcDbDictionary
280
     1
  3
BTDETID
360
100002A9
  3
BTPARTID
360
100002AA
  0
DICTIONARY
  5
100002AC
330
100002AB
100
AcDbDictionary
280
     1
  3
BTARCONSURFACERADIUS
360
100002AF
  3
BTDETID
360
100002AD
  3
BTOWNERFACEID_
360
100002AE
  3
BTPARTID
360
100002B0
  0
DICTIONARY
  5
100002B2
330
100002B1
100
AcDbDictionary
280
     1
  3
BTDETID
360
100002B3
  3
BTPARTID
360
100002B4
  0
DICTIONARY
  5
100002B6
330
100002B5
100
AcDbDictionary
280
     1
  3
BTDETID
360
100002B7
  3
BTPARTID
360
100002B8
  0
DICTIONARY
  5
100002BA
330
100002B9
100
AcDbDictionary
280
     1
  3
BTDETID
360
100002BB
  3
BTPARTID
360
100002BC
  0
DICTIONARY
  5
100002BE
330
100002BD
100
AcDbDictionary
280
     1
  3
BTARCONSURFACERADIUS
360
100002C1
  3
BTDETID
360
100002BF
  3
BTOWNERFACEID_
360
100002C0
  3
BTPARTID
360
100002C2
  0
DICTIONARY
  5
100002C4
330
100002C3
100
AcDbDictionary
280
     1
  3
BTDETID
360
100002C5
  3
BTPARTID
360
100002C6
  0
DICTIONARY
  5
100002C8
330
100002C7
100
AcDbDictionary
280
     1
  3
BTARCONSURFACERADIUS
360
100002CB
  3
BTDETID
360
100002C9
  3
BTOWNERFACEID_
360
100002CA
  3
BTPARTID
360
100002CC
  0
DICTIONARY
  5
100002CE
330
100002CD
100
AcDbDictionary
280
     1
  3
BTDETID
360
100002CF
  3
BTPARTID
360
100002D0
  0
DICTIONARY
  5
100002D2
330
100002D1
100
AcDbDictionary
280
     1
  3
BTDETID
360
100002D3
  3
BTPARTID
360
100002D4
  0
DICTIONARY
  5
100002D6
330
100002D5
100
AcDbDictionary
280
     1
  3
BTDETID
360
100002D7
  3
BTPARTID
360
100002D8
  0
DICTIONARY
  5
100002DA
330
100002D9
100
AcDbDictionary
280
     1
  3
BTARCONSURFACERADIUS
360
100002DD
  3
BTDETID
360
100002DB
  3
BTOWNERFACEID_
360
100002DC
  3
BTPARTID
360
100002DE
  0
DICTIONARY
  5
100002E0
330
100002DF
100
AcDbDictionary
280
     1
  3
BTDETID
360
100002E1
  3
BTPARTID
360
100002E2
  0
DICTIONARY
  5
100002E4
330
100002E3
100
AcDbDictionary
280
     1
  3
BTARCONSURFACERADIUS
360
100002E7
  3
BTDETID
360
100002E5
  3
BTOWNERFACEID_
360
100002E6
  3
BTPARTID
360
100002E8
  0
DICTIONARY
  5
100002EA
330
100002E9
100
AcDbDictionary
280
     1
  3
BTDETID
360
100002EB
  3
BTPARTID
360
100002EC
  0
DICTIONARY
  5
100002EE
330
100002ED
100
AcDbDictionary
280
     1
  3
BTDETID
360
100002EF
  3
BTPARTID
360
100002F0
  0
DICTIONARY
  5
100002F2
330
100002F1
100
AcDbDictionary
280
     1
  3
BTDETID
360
100002F3
  3
BTPARTID
360
100002F4
  0
DICTIONARY
  5
100002F6
330
100002F5
100
AcDbDictionary
280
     1
  3
BTARCONSURFACERADIUS
360
100002F9
  3
BTDETID
360
100002F7
  3
BTOWNERFACEID_
360
100002F8
  3
BTPARTID
360
100002FA
  0
DICTIONARY
  5
100002FC
330
100002FB
100
AcDbDictionary
280
     1
  3
BTDETID
360
100002FD
  3
BTPARTID
360
100002FE
  0
DICTIONARY
  5
10000300
330
100002FF
100
AcDbDictionary
280
     1
  3
BTARCONSURFACERADIUS
360
10000303
  3
BTDETID
360
10000301
  3
BTOWNERFACEID_
360
10000302
  3
BTPARTID
360
10000304
  0
DICTIONARY
  5
10000306
330
10000305
100
AcDbDictionary
280
     1
  3
BTDETID
360
10000307
  3
BTPARTID
360
10000308
  0
DICTIONARY
  5
1000030A
330
10000309
100
AcDbDictionary
280
     1
  3
BTDETID
360
1000030B
  3
BTPARTID
360
1000030C
  0
DICTIONARY
  5
1000030E
330
1000030D
100
AcDbDictionary
280
     1
  3
BTARCONSURFACERADIUS
360
10000311
  3
BTDETID
360
1000030F
  3
BTOWNERFACEID_
360
10000310
  3
BTPARTID
360
10000312
  0
DICTIONARY
  5
10000314
330
10000313
100
AcDbDictionary
280
     1
  3
BTDETID
360
10000315
  3
BTPARTID
360
10000316
  0
DICTIONARY
  5
10000318
330
10000317
100
AcDbDictionary
280
     1
  3
BTARCONSURFACERADIUS
360
1000031B
  3
BTDETID
360
10000319
  3
BTOWNERFACEID_
360
1000031A
  3
BTPARTID
360
1000031C
  0
DICTIONARY
  5
1000031E
330
1000031D
100
AcDbDictionary
280
     1
  3
BTDETID
360
1000031F
  3
BTPARTID
360
10000320
  0
DICTIONARY
  5
10000322
330
10000321
100
AcDbDictionary
280
     1
  3
BTARCONSURFACERADIUS
360
10000325
  3
BTDETID
360
10000323
  3
BTOWNERFACEID_
360
10000324
  3
BTPARTID
360
10000326
  0
DICTIONARY
  5
10000328
330
10000327
100
AcDbDictionary
280
     1
  3
BTDETID
360
10000329
  3
BTPARTID
360
1000032A
  0
DICTIONARY
  5
1000032C
330
1000032B
100
AcDbDictionary
280
     1
  3
BTARCONSURFACERADIUS
360
1000032F
  3
BTDETID
360
1000032D
  3
BTOWNERFACEID_
360
1000032E
  3
BTPARTID
360
10000330
  0
DICTIONARY
  5
10000332
330
10000331
100
AcDbDictionary
280
     1
  3
BTDETID
360
10000333
  3
BTPARTID
360
10000334
  0
DICTIONARY
  5
10000336
330
10000335
100
AcDbDictionary
280
     1
  3
BTARCONSURFACERADIUS
360
10000339
  3
BTDETID
360
10000337
  3
BTOWNERFACEID_
360
10000338
  3
BTPARTID
360
1000033A
  0
DICTIONARY
  5
1000033C
330
1000033B
100
AcDbDictionary
280
     1
  3
BTDETID
360
1000033D
  3
BTPARTID
360
1000033E
  0
DICTIONARY
  5
10000340
330
1000033F
100
AcDbDictionary
280
     1
  3
BTARCONSURFACERADIUS
360
10000343
  3
BTDETID
360
10000341
  3
BTOWNERFACEID_
360
10000342
  3
BTPARTID
360
10000344
  0
DICTIONARY
  5
10000346
330
10000345
100
AcDbDictionary
280
     1
  3
BTDETID
360
10000347
  3
BTPARTID
360
10000348
  0
DICTIONARY
  5
1000034A
330
10000349
100
AcDbDictionary
280
     1
  3
BTARCONSURFACERADIUS
360
1000034D
  3
BTDETID
360
1000034B
  3
BTOWNERFACEID_
360
1000034C
  3
BTPARTID
360
1000034E
  0
DICTIONARY
  5
10000350
330
1000034F
100
AcDbDictionary
280
     1
  3
BTDETID
360
10000351
  3
BTPARTID
360
10000352
  0
DICTIONARY
  5
10000354
330
10000353
100
AcDbDictionary
280
     1
  3
BTARCONSURFACERADIUS
360
10000357
  3
BTDETID
360
10000355
  3
BTOWNERFACEID_
360
10000356
  3
BTPARTID
360
10000358
  0
DICTIONARY
  5
1000035A
330
10000359
100
AcDbDictionary
280
     1
  3
BTDETID
360
1000035B
  3
BTPARTID
360
1000035C
  0
DICTIONARY
  5
1000035E
330
1000035D
100
AcDbDictionary
280
     1
  3
BTARCONSURFACERADIUS
360
10000361
  3
BTDETID
360
1000035F
  3
BTOWNERFACEID_
360
10000360
  3
BTPARTID
360
10000362
  0
DICTIONARY
  5
10000364
330
10000363
100
AcDbDictionary
280
     1
  3
BTDETID
360
10000365
  3
BTPARTID
360
10000366
  0
DICTIONARY
  5
10000368
330
10000367
100
AcDbDictionary
280
     1
  3
BTARCONSURFACERADIUS
360
1000036B
  3
BTDETID
360
10000369
  3
BTOWNERFACEID_
360
1000036A
  3
BTPARTID
360
1000036C
  0
DICTIONARY
  5
1000036E
330
1000036D
100
AcDbDictionary
280
     1
  3
BTDETID
360
1000036F
  3
BTPARTID
360
10000370
  0
DICTIONARY
  5
10000372
330
10000371
100
AcDbDictionary
280
     1
  3
BTARCONSURFACERADIUS
360
10000375
  3
BTDETID
360
10000373
  3
BTOWNERFACEID_
360
10000374
  3
BTPARTID
360
10000376
  0
DICTIONARY
  5
10000378
330
10000377
100
AcDbDictionary
280
     1
  3
BTDETID
360
10000379
  3
BTPARTID
360
1000037A
  0
DICTIONARY
  5
1000037C
330
1000037B
100
AcDbDictionary
280
     1
  3
BTARCONSURFACERADIUS
360
1000037F
  3
BTDETID
360
1000037D
  3
BTOWNERFACEID_
360
1000037E
  3
BTPARTID
360
10000380
  0
DICTIONARY
  5
10000382
330
10000381
100
AcDbDictionary
280
     1
  3
BTDETID
360
10000383
  3
BTPARTID
360
10000384
  0
DICTIONARY
  5
10000386
330
10000385
100
AcDbDictionary
280
     1
  3
BTARCONSURFACERADIUS
360
10000389
  3
BTDETID
360
10000387
  3
BTOWNERFACEID_
360
10000388
  3
BTPARTID
360
1000038A
  0
DICTIONARY
  5
1000038C
330
1000038B
100
AcDbDictionary
280
     1
  3
BTDETID
360
1000038D
  3
BTPARTID
360
1000038E
  0
DICTIONARY
  5
10000390
330
1000038F
100
AcDbDictionary
280
     1
  3
BTARCONSURFACERADIUS
360
10000393
  3
BTDETID
360
10000391
  3
BTOWNERFACEID_
360
10000392
  3
BTPARTID
360
10000394
  0
DICTIONARY
  5
10000396
330
10000395
100
AcDbDictionary
280
     1
  3
BTDETID
360
10000397
  3
BTPARTID
360
10000398
  0
DICTIONARY
  5
1000039A
330
10000399
100
AcDbDictionary
280
     1
  3
BTARCONSURFACERADIUS
360
1000039D
  3
BTDETID
360
1000039B
  3
BTOWNERFACEID_
360
1000039C
  3
BTPARTID
360
1000039E
  0
DICTIONARY
  5
100003A0
330
1000039F
100
AcDbDictionary
280
     1
  3
BTDETID
360
100003A1
  3
BTPARTID
360
100003A2
  0
DICTIONARY
  5
100003A4
330
100003A3
100
AcDbDictionary
280
     1
  3
BTARCONSURFACERADIUS
360
100003A7
  3
BTDETID
360
100003A5
  3
BTOWNERFACEID_
360
100003A6
  3
BTPARTID
360
100003A8
  0
DICTIONARY
  5
100003AA
330
100003A9
100
AcDbDictionary
280
     1
  3
BTDETID
360
100003AB
  3
BTPARTID
360
100003AC
  0
DICTIONARY
  5
100003AE
330
100003AD
100
AcDbDictionary
280
     1
  3
BTARCONSURFACERADIUS
360
100003B1
  3
BTDETID
360
100003AF
  3
BTOWNERFACEID_
360
100003B0
  3
BTPARTID
360
100003B2
  0
DICTIONARY
  5
100003B4
330
100003B3
100
AcDbDictionary
280
     1
  3
BTDETID
360
100003B5
  3
BTPARTID
360
100003B6
  0
DICTIONARY
  5
100003B8
330
100003B7
100
AcDbDictionary
280
     1
  3
BTARCONSURFACERADIUS
360
100003BB
  3
BTDETID
360
100003B9
  3
BTOWNERFACEID_
360
100003BA
  3
BTPARTID
360
100003BC
  0
DICTIONARY
  5
100003BE
330
100003BD
100
AcDbDictionary
280
     1
  3
BTDETID
360
100003BF
  3
BTPARTID
360
100003C0
  0
DICTIONARY
  5
100003C2
330
100003C1
100
AcDbDictionary
280
     1
  3
BTARCONSURFACERADIUS
360
100003C5
  3
BTDETID
360
100003C3
  3
BTOWNERFACEID_
360
100003C4
  3
BTPARTID
360
100003C6
  0
DICTIONARY
  5
100003C8
330
100003C7
100
AcDbDictionary
280
     1
  3
BTDETID
360
100003C9
  3
BTPARTID
360
100003CA
  0
DICTIONARY
  5
100003CC
330
100003CB
100
AcDbDictionary
280
     1
  3
BTARCONSURFACERADIUS
360
100003CF
  3
BTDETID
360
100003CD
  3
BTOWNERFACEID_
360
100003CE
  3
BTPARTID
360
100003D0
  0
DICTIONARY
  5
100003D2
330
100003D1
100
AcDbDictionary
280
     1
  3
BTDETID
360
100003D3
  3
BTPARTID
360
100003D4
  0
DICTIONARY
  5
100003D6
330
100003D5
100
AcDbDictionary
280
     1
  3
BTARCONSURFACERADIUS
360
100003D9
  3
BTDETID
360
100003D7
  3
BTOWNERFACEID_
360
100003D8
  3
BTPARTID
360
100003DA
  0
DICTIONARY
  5
100003DC
330
100003DB
100
AcDbDictionary
280
     1
  3
BTDETID
360
100003DD
  3
BTPARTID
360
100003DE
  0
DICTIONARY
  5
100003E0
330
100003DF
100
AcDbDictionary
280
     1
  3
BTARCONSURFACERADIUS
360
100003E3
  3
BTDETID
360
100003E1
  3
BTOWNERFACEID_
360
100003E2
  3
BTPARTID
360
100003E4
  0
DICTIONARY
  5
100003E6
330
100003E5
100
AcDbDictionary
280
     1
  3
BTDETID
360
100003E7
  3
BTPARTID
360
100003E8
  0
DICTIONARY
  5
100003EA
330
100003E9
100
AcDbDictionary
280
     1
  3
BTARCONSURFACERADIUS
360
100003ED
  3
BTDETID
360
100003EB
  3
BTOWNERFACEID_
360
100003EC
  3
BTPARTID
360
100003EE
  0
DICTIONARY
  5
100003F0
330
100003EF
100
AcDbDictionary
280
     1
  3
BTDETID
360
100003F1
  3
BTPARTID
360
100003F2
  0
DICTIONARY
  5
100003F4
330
100003F3
100
AcDbDictionary
280
     1
  3
BTARCONSURFACERADIUS
360
100003F7
  3
BTDETID
360
100003F5
  3
BTOWNERFACEID_
360
100003F6
  3
BTPARTID
360
100003F8
  0
DICTIONARY
  5
100003FA
330
100003F9
100
AcDbDictionary
280
     1
  3
BTDETID
360
100003FB
  3
BTPARTID
360
100003FC
  0
DICTIONARY
  5
100003FE
330
100003FD
100
AcDbDictionary
280
     1
  3
BTARCONSURFACERADIUS
360
10000401
  3
BTDETID
360
100003FF
  3
BTOWNERFACEID_
360
10000400
  3
BTPARTID
360
10000402
  0
DICTIONARY
  5
10000404
330
10000403
100
AcDbDictionary
280
     1
  3
BTDETID
360
10000405
  3
BTPARTID
360
10000406
  0
DICTIONARY
  5
10000408
330
10000407
100
AcDbDictionary
280
     1
  3
BTARCONSURFACERADIUS
360
1000040B
  3
BTDETID
360
10000409
  3
BTOWNERFACEID_
360
1000040A
  3
BTPARTID
360
1000040C
  0
DICTIONARY
  5
1000040E
330
1000040D
100
AcDbDictionary
280
     1
  3
BTDETID
360
1000040F
  3
BTPARTID
360
10000410
  0
DICTIONARY
  5
10000412
330
10000411
100
AcDbDictionary
280
     1
  3
BTARCONSURFACERADIUS
360
10000415
  3
BTDETID
360
10000413
  3
BTOWNERFACEID_
360
10000414
  3
BTPARTID
360
10000416
  0
DICTIONARY
  5
10000418
330
10000417
100
AcDbDictionary
280
     1
  3
BTDETID
360
10000419
  3
BTPARTID
360
1000041A
  0
DICTIONARY
  5
1000041C
330
1000041B
100
AcDbDictionary
280
     1
  3
BTARCONSURFACERADIUS
360
1000041F
  3
BTDETID
360
1000041D
  3
BTOWNERFACEID_
360
1000041E
  3
BTPARTID
360
10000420
  0
DICTIONARY
  5
10000422
330
10000421
100
AcDbDictionary
280
     1
  3
BTDETID
360
10000423
  3
BTPARTID
360
10000424
  0
DICTIONARY
  5
10000426
330
10000425
100
AcDbDictionary
280
     1
  3
BTARCONSURFACERADIUS
360
10000429
  3
BTDETID
360
10000427
  3
BTOWNERFACEID_
360
10000428
  3
BTPARTID
360
1000042A
  0
DICTIONARY
  5
1000042C
330
1000042B
100
AcDbDictionary
280
     1
  3
BTDETID
360
1000042D
  3
BTPARTID
360
1000042E
  0
DICTIONARY
  5
10000430
330
1000042F
100
AcDbDictionary
280
     1
  3
BTARCONSURFACERADIUS
360
10000433
  3
BTDETID
360
10000431
  3
BTOWNERFACEID_
360
10000432
  3
BTPARTID
360
10000434
  0
DICTIONARY
  5
10000436
330
10000435
100
AcDbDictionary
280
     1
  3
BTDETID
360
10000437
  3
BTPARTID
360
10000438
  0
DICTIONARY
  5
1000043A
330
10000439
100
AcDbDictionary
280
     1
  3
BTARCONSURFACERADIUS
360
1000043D
  3
BTDETID
360
1000043B
  3
BTOWNERFACEID_
360
1000043C
  3
BTPARTID
360
1000043E
  0
DICTIONARY
  5
10000440
330
1000043F
100
AcDbDictionary
280
     1
  3
BTDETID
360
10000441
  3
BTPARTID
360
10000442
  0
DICTIONARY
  5
10000444
330
10000443
100
AcDbDictionary
280
     1
  3
BTARCONSURFACERADIUS
360
10000447
  3
BTDETID
360
10000445
  3
BTOWNERFACEID_
360
10000446
  3
BTPARTID
360
10000448
  0
DICTIONARY
  5
1000044A
330
10000449
100
AcDbDictionary
280
     1
  3
BTDETID
360
1000044B
  3
BTPARTID
360
1000044C
  0
DICTIONARY
  5
1000044E
330
1000044D
100
AcDbDictionary
280
     1
  3
BTARCONSURFACERADIUS
360
10000451
  3
BTDETID
360
1000044F
  3
BTOWNERFACEID_
360
10000450
  3
BTPARTID
360
10000452
  0
DICTIONARY
  5
10000454
330
10000453
100
AcDbDictionary
280
     1
  3
BTDETID
360
10000455
  3
BTPARTID
360
10000456
  0
DICTIONARY
  5
10000458
330
10000457
100
AcDbDictionary
280
     1
  3
BTARCONSURFACERADIUS
360
1000045B
  3
BTDETID
360
10000459
  3
BTOWNERFACEID_
360
1000045A
  3
BTPARTID
360
1000045C
  0
DICTIONARY
  5
1000045E
330
1000045D
100
AcDbDictionary
280
     1
  3
BTDETID
360
1000045F
  3
BTPARTID
360
10000460
  0
DICTIONARY
  5
10000462
330
10000461
100
AcDbDictionary
280
     1
  3
BTARCONSURFACERADIUS
360
10000465
  3
BTDETID
360
10000463
  3
BTOWNERFACEID_
360
10000464
  3
BTPARTID
360
10000466
  0
DICTIONARY
  5
10000468
330
10000467
100
AcDbDictionary
280
     1
  3
BTDETID
360
10000469
  3
BTPARTID
360
1000046A
  0
DICTIONARY
  5
1000046C
330
1000046B
100
AcDbDictionary
280
     1
  3
BTARCONSURFACERADIUS
360
1000046F
  3
BTDETID
360
1000046D
  3
BTOWNERFACEID_
360
1000046E
  3
BTPARTID
360
10000470
  0
DICTIONARY
  5
10000472
330
10000471
100
AcDbDictionary
280
     1
  3
BTDETID
360
10000473
  3
BTPARTID
360
10000474
  0
DICTIONARY
  5
10000476
330
10000475
100
AcDbDictionary
280
     1
  3
BTARCONSURFACERADIUS
360
10000479
  3
BTDETID
360
10000477
  3
BTOWNERFACEID_
360
10000478
  3
BTPARTID
360
1000047A
  0
DICTIONARY
  5
1000047C
330
1000047B
100
AcDbDictionary
280
     1
  3
BTDETID
360
1000047D
  3
BTPARTID
360
1000047E
  0
DICTIONARY
  5
10000480
330
1000047F
100
AcDbDictionary
280
     1
  3
BTARCONSURFACERADIUS
360
10000483
  3
BTDETID
360
10000481
  3
BTOWNERFACEID_
360
10000482
  3
BTPARTID
360
10000484
  0
DICTIONARY
  5
10000486
330
10000485
100
AcDbDictionary
280
     1
  3
BTDETID
360
10000487
  3
BTPARTID
360
10000488
  0
DICTIONARY
  5
1000048A
330
10000489
100
AcDbDictionary
280
     1
  3
BTARCONSURFACERADIUS
360
1000048D
  3
BTDETID
360
1000048B
  3
BTOWNERFACEID_
360
1000048C
  3
BTPARTID
360
1000048E
  0
DICTIONARY
  5
10000490
330
1000048F
100
AcDbDictionary
280
     1
  3
BTDETID
360
10000491
  3
BTPARTID
360
10000492
  0
DICTIONARY
  5
10000494
330
10000493
100
AcDbDictionary
280
     1
  3
BTARCONSURFACERADIUS
360
10000497
  3
BTDETID
360
10000495
  3
BTOWNERFACEID_
360
10000496
  3
BTPARTID
360
10000498
  0
DICTIONARY
  5
1000049A
330
10000499
100
AcDbDictionary
280
     1
  3
BTDETID
360
1000049B
  3
BTPARTID
360
1000049C
  0
DICTIONARY
  5
1000049E
330
1000049D
100
AcDbDictionary
280
     1
  3
BTARCONSURFACERADIUS
360
100004A1
  3
BTDETID
360
1000049F
  3
BTOWNERFACEID_
360
100004A0
  3
BTPARTID
360
100004A2
  0
DICTIONARY
  5
100004A4
330
100004A3
100
AcDbDictionary
280
     1
  3
BTDETID
360
100004A5
  3
BTPARTID
360
100004A6
  0
DICTIONARY
  5
100004A8
330
100004A7
100
AcDbDictionary
280
     1
  3
BTARCONSURFACERADIUS
360
100004AB
  3
BTDETID
360
100004A9
  3
BTOWNERFACEID_
360
100004AA
  3
BTPARTID
360
100004AC
  0
DICTIONARY
  5
100004AE
330
100004AD
100
AcDbDictionary
280
     1
  3
BTDETID
360
100004AF
  3
BTPARTID
360
100004B0
  0
DICTIONARY
  5
100004B2
330
100004B1
100
AcDbDictionary
280
     1
  3
BTARCONSURFACERADIUS
360
100004B5
  3
BTDETID
360
100004B3
  3
BTOWNERFACEID_
360
100004B4
  3
BTPARTID
360
100004B6
  0
DICTIONARY
  5
100004B8
330
100004B7
100
AcDbDictionary
280
     1
  3
BTDETID
360
100004B9
  3
BTPARTID
360
100004BA
  0
DICTIONARY
  5
100004BC
330
100004BB
100
AcDbDictionary
280
     1
  3
BTARCONSURFACERADIUS
360
100004BF
  3
BTDETID
360
100004BD
  3
BTOWNERFACEID_
360
100004BE
  3
BTPARTID
360
100004C0
  0
DICTIONARY
  5
100004C2
330
100004C1
100
AcDbDictionary
280
     1
  3
BTDETID
360
100004C3
  3
BTPARTID
360
100004C4
  0
DICTIONARY
  5
100004C6
330
100004C5
100
AcDbDictionary
280
     1
  3
BTARCONSURFACERADIUS
360
100004C9
  3
BTDETID
360
100004C7
  3
BTOWNERFACEID_
360
100004C8
  3
BTPARTID
360
100004CA
  0
DICTIONARY
  5
100004CC
330
100004CB
100
AcDbDictionary
280
     1
  3
BTDETID
360
100004CD
  3
BTPARTID
360
100004CE
  0
DICTIONARY
  5
100004D0
330
100004CF
100
AcDbDictionary
280
     1
  3
BTARCONSURFACERADIUS
360
100004D3
  3
BTDETID
360
100004D1
  3
BTOWNERFACEID_
360
100004D2
  3
BTPARTID
360
100004D4
  0
DICTIONARY
  5
100004D6
330
100004D5
100
AcDbDictionary
280
     1
  3
BTDETID
360
100004D7
  3
BTPARTID
360
100004D8
  0
DICTIONARY
  5
100004DA
330
100004D9
100
AcDbDictionary
280
     1
  3
BTARCONSURFACERADIUS
360
100004DD
  3
BTDETID
360
100004DB
  3
BTOWNERFACEID_
360
100004DC
  3
BTPARTID
360
100004DE
  0
DICTIONARY
  5
100004E0
330
100004DF
100
AcDbDictionary
280
     1
  3
BTDETID
360
100004E1
  3
BTPARTID
360
100004E2
  0
DICTIONARY
  5
100004E4
330
100004E3
100
AcDbDictionary
280
     1
  3
BTARCONSURFACERADIUS
360
100004E7
  3
BTDETID
360
100004E5
  3
BTOWNERFACEID_
360
100004E6
  3
BTPARTID
360
100004E8
  0
DICTIONARY
  5
100004EA
330
100004E9
100
AcDbDictionary
280
     1
  3
BTDETID
360
100004EB
  3
BTPARTID
360
100004EC
  0
DICTIONARY
  5
100004EE
330
100004ED
100
AcDbDictionary
280
     1
  3
BTARCONSURFACERADIUS
360
100004F1
  3
BTDETID
360
100004EF
  3
BTOWNERFACEID_
360
100004F0
  3
BTPARTID
360
100004F2
  0
DICTIONARY
  5
100004F4
330
100004F3
100
AcDbDictionary
280
     1
  3
BTDETID
360
100004F5
  3
BTPARTID
360
100004F6
  0
DICTIONARY
  5
100004F8
330
100004F7
100
AcDbDictionary
280
     1
  3
BTARCONSURFACERADIUS
360
100004FB
  3
BTDETID
360
100004F9
  3
BTOWNERFACEID_
360
100004FA
  3
BTPARTID
360
100004FC
  0
DICTIONARY
  5
100004FE
330
100004FD
100
AcDbDictionary
280
     1
  3
BTDETID
360
100004FF
  3
BTPARTID
360
10000500
  0
DICTIONARY
  5
10000502
330
10000501
100
AcDbDictionary
280
     1
  3
BTARCONSURFACERADIUS
360
10000505
  3
BTDETID
360
10000503
  3
BTOWNERFACEID_
360
10000504
  3
BTPARTID
360
10000506
  0
DICTIONARY
  5
10000508
330
10000507
100
AcDbDictionary
280
     1
  3
BTDETID
360
10000509
  3
BTPARTID
360
1000050A
  0
DICTIONARY
  5
1000050C
330
1000050B
100
AcDbDictionary
280
     1
  3
BTARCONSURFACERADIUS
360
1000050F
  3
BTDETID
360
1000050D
  3
BTOWNERFACEID_
360
1000050E
  3
BTPARTID
360
10000510
  0
DICTIONARY
  5
10000512
330
10000511
100
AcDbDictionary
280
     1
  3
BTDETID
360
10000513
  3
BTPARTID
360
10000514
  0
DICTIONARY
  5
10000516
330
10000515
100
AcDbDictionary
280
     1
  3
BTARCONSURFACERADIUS
360
10000519
  3
BTDETID
360
10000517
  3
BTOWNERFACEID_
360
10000518
  3
BTPARTID
360
1000051A
  0
DICTIONARY
  5
1000051C
330
1000051B
100
AcDbDictionary
280
     1
  3
BTDETID
360
1000051D
  3
BTPARTID
360
1000051E
  0
DICTIONARY
  5
10000520
330
1000051F
100
AcDbDictionary
280
     1
  3
BTARCONSURFACERADIUS
360
10000523
  3
BTDETID
360
10000521
  3
BTOWNERFACEID_
360
10000522
  3
BTPARTID
360
10000524
  0
DICTIONARY
  5
10000526
330
10000525
100
AcDbDictionary
280
     1
  3
BTDETID
360
10000527
  3
BTPARTID
360
10000528
  0
DICTIONARY
  5
1000052A
330
10000529
100
AcDbDictionary
280
     1
  3
BTARCONSURFACERADIUS
360
1000052D
  3
BTDETID
360
1000052B
  3
BTOWNERFACEID_
360
1000052C
  3
BTPARTID
360
1000052E
  0
DICTIONARY
  5
10000530
330
1000052F
100
AcDbDictionary
280
     1
  3
BTDETID
360
10000531
  3
BTPARTID
360
10000532
  0
DICTIONARY
  5
10000534
330
10000533
100
AcDbDictionary
280
     1
  3
BTARCONSURFACERADIUS
360
10000537
  3
BTDETID
360
10000535
  3
BTOWNERFACEID_
360
10000536
  3
BTPARTID
360
10000538
  0
DICTIONARY
  5
1000053A
330
10000539
100
AcDbDictionary
280
     1
  3
BTDETID
360
1000053B
  3
BTPARTID
360
1000053C
  0
DICTIONARY
  5
1000053E
330
1000053D
100
AcDbDictionary
280
     1
  3
BTARCONSURFACERADIUS
360
10000541
  3
BTDETID
360
1000053F
  3
BTOWNERFACEID_
360
10000540
  3
BTPARTID
360
10000542
  0
DICTIONARY
  5
10000544
330
10000543
100
AcDbDictionary
280
     1
  3
BTDETID
360
10000545
  3
BTPARTID
360
10000546
  0
DICTIONARY
  5
10000548
330
10000547
100
AcDbDictionary
280
     1
  3
BTARCONSURFACERADIUS
360
1000054B
  3
BTDETID
360
10000549
  3
BTOWNERFACEID_
360
1000054A
  3
BTPARTID
360
1000054C
  0
DICTIONARY
  5
1000054E
330
1000054D
100
AcDbDictionary
280
     1
  3
BTDETID
360
1000054F
  3
BTPARTID
360
10000550
  0
DICTIONARY
  5
10000552
330
10000551
100
AcDbDictionary
280
     1
  3
BTARCONSURFACERADIUS
360
10000555
  3
BTDETID
360
10000553
  3
BTOWNERFACEID_
360
10000554
  3
BTPARTID
360
10000556
  0
DICTIONARY
  5
10000558
330
10000557
100
AcDbDictionary
280
     1
  3
BTDETID
360
10000559
  3
BTPARTID
360
1000055A
  0
DICTIONARY
  5
1000055C
330
1000055B
100
AcDbDictionary
280
     1
  3
BTARCONSURFACERADIUS
360
1000055F
  3
BTDETID
360
1000055D
  3
BTOWNERFACEID_
360
1000055E
  3
BTPARTID
360
10000560
  0
DICTIONARY
  5
10000562
330
10000561
100
AcDbDictionary
280
     1
  3
BTDETID
360
10000563
  3
BTPARTID
360
10000564
  0
DICTIONARY
  5
10000566
330
10000565
100
AcDbDictionary
280
     1
  3
BTARCONSURFACERADIUS
360
10000569
  3
BTDETID
360
10000567
  3
BTOWNERFACEID_
360
10000568
  3
BTPARTID
360
1000056A
  0
DICTIONARY
  5
1000056C
330
1000056B
100
AcDbDictionary
280
     1
  3
BTDETID
360
1000056D
  3
BTPARTID
360
1000056E
  0
DICTIONARY
  5
10000570
330
1000056F
100
AcDbDictionary
280
     1
  3
BTARCONSURFACERADIUS
360
10000573
  3
BTDETID
360
10000571
  3
BTOWNERFACEID_
360
10000572
  3
BTPARTID
360
10000574
  0
DICTIONARY
  5
10000576
330
10000575
100
AcDbDictionary
280
     1
  3
BTDETID
360
10000577
  3
BTPARTID
360
10000578
  0
DICTIONARY
  5
1000057A
330
10000579
100
AcDbDictionary
280
     1
  3
BTARCONSURFACERADIUS
360
1000057D
  3
BTDETID
360
1000057B
  3
BTOWNERFACEID_
360
1000057C
  3
BTPARTID
360
1000057E
  0
DICTIONARY
  5
10000580
330
1000057F
100
AcDbDictionary
280
     1
  3
BTDETID
360
10000581
  3
BTPARTID
360
10000582
  0
DICTIONARY
  5
10000584
330
10000583
100
AcDbDictionary
280
     1
  3
BTARCONSURFACERADIUS
360
10000587
  3
BTDETID
360
10000585
  3
BTOWNERFACEID_
360
10000586
  3
BTPARTID
360
10000588
  0
DICTIONARY
  5
1000058A
330
10000589
100
AcDbDictionary
280
     1
  3
BTDETID
360
1000058B
  3
BTPARTID
360
1000058C
  0
DICTIONARY
  5
1000058E
330
1000058D
100
AcDbDictionary
280
     1
  3
BTARCONSURFACERADIUS
360
10000591
  3
BTDETID
360
1000058F
  3
BTOWNERFACEID_
360
10000590
  3
BTPARTID
360
10000592
  0
DICTIONARY
  5
10000594
330
10000593
100
AcDbDictionary
280
     1
  3
BTDETID
360
10000595
  3
BTPARTID
360
10000596
  0
DICTIONARY
  5
10000598
330
10000597
100
AcDbDictionary
280
     1
  3
BTARCONSURFACERADIUS
360
1000059B
  3
BTDETID
360
10000599
  3
BTOWNERFACEID_
360
1000059A
  3
BTPARTID
360
1000059C
  0
DICTIONARY
  5
1000059E
330
1000059D
100
AcDbDictionary
280
     1
  3
BTDETID
360
1000059F
  3
BTPARTID
360
100005A0
  0
DICTIONARY
  5
100005A2
330
100005A1
100
AcDbDictionary
280
     1
  3
BTARCONSURFACERADIUS
360
100005A5
  3
BTDETID
360
100005A3
  3
BTOWNERFACEID_
360
100005A4
  3
BTPARTID
360
100005A6
  0
DICTIONARY
  5
100005A8
330
100005A7
100
AcDbDictionary
280
     1
  3
BTDETID
360
100005A9
  3
BTPARTID
360
100005AA
  0
DICTIONARY
  5
100005AC
330
100005AB
100
AcDbDictionary
280
     1
  3
BTARCONSURFACERADIUS
360
100005AF
  3
BTDETID
360
100005AD
  3
BTOWNERFACEID_
360
100005AE
  3
BTPARTID
360
100005B0
  0
DICTIONARY
  5
100005B2
330
100005B1
100
AcDbDictionary
280
     1
  3
BTDETID
360
100005B3
  3
BTPARTID
360
100005B4
  0
DICTIONARY
  5
100005B6
330
100005B5
100
AcDbDictionary
280
     1
  3
BTARCONSURFACERADIUS
360
100005B9
  3
BTDETID
360
100005B7
  3
BTOWNERFACEID_
360
100005B8
  3
BTPARTID
360
100005BA
  0
DICTIONARY
  5
100005BC
330
100005BB
100
AcDbDictionary
280
     1
  3
BTDETID
360
100005BD
  3
BTPARTID
360
100005BE
  0
DICTIONARY
  5
100005C0
330
100005BF
100
AcDbDictionary
280
     1
  3
BTARCONSURFACERADIUS
360
100005C3
  3
BTDETID
360
100005C1
  3
BTOWNERFACEID_
360
100005C2
  3
BTPARTID
360
100005C4
  0
DICTIONARY
  5
100005C6
330
100005C5
100
AcDbDictionary
280
     1
  3
BTDETID
360
100005C7
  3
BTPARTID
360
100005C8
  0
DICTIONARY
  5
100005CA
330
100005C9
100
AcDbDictionary
280
     1
  3
BTARCONSURFACERADIUS
360
100005CD
  3
BTDETID
360
100005CB
  3
BTOWNERFACEID_
360
100005CC
  3
BTPARTID
360
100005CE
  0
DICTIONARY
  5
100005D0
330
100005CF
100
AcDbDictionary
280
     1
  3
BTDETID
360
100005D1
  3
BTPARTID
360
100005D2
  0
DICTIONARY
  5
100005D4
330
100005D3
100
AcDbDictionary
280
     1
  3
BTARCONSURFACERADIUS
360
100005D7
  3
BTDETID
360
100005D5
  3
BTOWNERFACEID_
360
100005D6
  3
BTPARTID
360
100005D8
  0
DICTIONARY
  5
100005DA
330
100005D9
100
AcDbDictionary
280
     1
  3
BTDETID
360
100005DB
  3
BTPARTID
360
100005DC
  0
DICTIONARY
  5
100005DE
330
100005DD
100
AcDbDictionary
280
     1
  3
BTARCONSURFACERADIUS
360
100005E1
  3
BTDETID
360
100005DF
  3
BTOWNERFACEID_
360
100005E0
  3
BTPARTID
360
100005E2
  0
DICTIONARY
  5
100005E4
330
100005E3
100
AcDbDictionary
280
     1
  3
BTDETID
360
100005E5
  3
BTPARTID
360
100005E6
  0
DICTIONARY
  5
100005E8
330
100005E7
100
AcDbDictionary
280
     1
  3
BTARCONSURFACERADIUS
360
100005EB
  3
BTDETID
360
100005E9
  3
BTOWNERFACEID_
360
100005EA
  3
BTPARTID
360
100005EC
  0
DICTIONARY
  5
100005EE
330
100005ED
100
AcDbDictionary
280
     1
  3
BTDETID
360
100005EF
  3
BTPARTID
360
100005F0
  0
DICTIONARY
  5
100005F2
330
100005F1
100
AcDbDictionary
280
     1
  3
BTARCONSURFACERADIUS
360
100005F5
  3
BTDETID
360
100005F3
  3
BTOWNERFACEID_
360
100005F4
  3
BTPARTID
360
100005F6
  0
DICTIONARY
  5
100005F8
330
100005F7
100
AcDbDictionary
280
     1
  3
BTDETID
360
100005F9
  3
BTPARTID
360
100005FA
  0
DICTIONARY
  5
100005FC
330
100005FB
100
AcDbDictionary
280
     1
  3
BTARCONSURFACERADIUS
360
100005FF
  3
BTDETID
360
100005FD
  3
BTOWNERFACEID_
360
100005FE
  3
BTPARTID
360
10000600
  0
DICTIONARY
  5
10000602
330
10000601
100
AcDbDictionary
280
     1
  3
BTDETID
360
10000603
  3
BTPARTID
360
10000604
  0
DICTIONARY
  5
10000606
330
10000605
100
AcDbDictionary
280
     1
  3
BTARCONSURFACERADIUS
360
10000609
  3
BTDETID
360
10000607
  3
BTOWNERFACEID_
360
10000608
  3
BTPARTID
360
1000060A
  0
DICTIONARY
  5
1000060C
330
1000060B
100
AcDbDictionary
280
     1
  3
BTDETID
360
1000060D
  3
BTPARTID
360
1000060E
  0
DICTIONARY
  5
10000610
330
1000060F
100
AcDbDictionary
280
     1
  3
BTARCONSURFACERADIUS
360
10000613
  3
BTDETID
360
10000611
  3
BTOWNERFACEID_
360
10000612
  3
BTPARTID
360
10000614
  0
DICTIONARY
  5
10000616
330
10000615
100
AcDbDictionary
280
     1
  3
BTDETID
360
10000617
  3
BTPARTID
360
10000618
  0
DICTIONARY
  5
1000061A
330
10000619
100
AcDbDictionary
280
     1
  3
BTARCONSURFACERADIUS
360
1000061D
  3
BTDETID
360
1000061B
  3
BTOWNERFACEID_
360
1000061C
  3
BTPARTID
360
1000061E
  0
DICTIONARY
  5
10000620
330
1000061F
100
AcDbDictionary
280
     1
  3
BTDETID
360
10000621
  3
BTPARTID
360
10000622
  0
DICTIONARY
  5
10000624
330
10000623
100
AcDbDictionary
280
     1
  3
BTARCONSURFACERADIUS
360
10000627
  3
BTDETID
360
10000625
  3
BTOWNERFACEID_
360
10000626
  3
BTPARTID
360
10000628
  0
DICTIONARY
  5
1000062A
330
10000629
100
AcDbDictionary
280
     1
  3
BTDETID
360
1000062B
  3
BTPARTID
360
1000062C
  0
DICTIONARY
  5
1000062E
330
1000062D
100
AcDbDictionary
280
     1
  3
BTARCONSURFACERADIUS
360
10000631
  3
BTDETID
360
1000062F
  3
BTOWNERFACEID_
360
10000630
  3
BTPARTID
360
10000632
  0
DICTIONARY
  5
10000634
330
10000633
100
AcDbDictionary
280
     1
  3
BTDETID
360
10000635
  3
BTPARTID
360
10000636
  0
DICTIONARY
  5
10000638
330
10000637
100
AcDbDictionary
280
     1
  3
BTARCONSURFACERADIUS
360
1000063B
  3
BTDETID
360
10000639
  3
BTOWNERFACEID_
360
1000063A
  3
BTPARTID
360
1000063C
  0
DICTIONARY
  5
1000063E
330
1000063D
100
AcDbDictionary
280
     1
  3
BTDETID
360
1000063F
  3
BTPARTID
360
10000640
  0
DICTIONARY
  5
10000642
330
10000641
100
AcDbDictionary
280
     1
  3
BTARCONSURFACERADIUS
360
10000645
  3
BTDETID
360
10000643
  3
BTOWNERFACEID_
360
10000644
  3
BTPARTID
360
10000646
  0
DICTIONARY
  5
10000648
330
10000647
100
AcDbDictionary
280
     1
  3
BTDETID
360
10000649
  3
BTPARTID
360
1000064A
  0
DICTIONARY
  5
1000064C
330
1000064B
100
AcDbDictionary
280
     1
  3
BTARCONSURFACERADIUS
360
1000064F
  3
BTDETID
360
1000064D
  3
BTOWNERFACEID_
360
1000064E
  3
BTPARTID
360
10000650
  0
DICTIONARY
  5
10000652
330
10000651
100
AcDbDictionary
280
     1
  3
BTDETID
360
10000653
  3
BTPARTID
360
10000654
  0
DICTIONARY
  5
10000656
330
10000655
100
AcDbDictionary
280
     1
  3
BTARCONSURFACERADIUS
360
10000659
  3
BTDETID
360
10000657
  3
BTOWNERFACEID_
360
10000658
  3
BTPARTID
360
1000065A
  0
DICTIONARY
  5
1000065C
330
1000065B
100
AcDbDictionary
280
     1
  3
BTDETID
360
1000065D
  3
BTPARTID
360
1000065E
  0
DICTIONARY
  5
10000660
330
1000065F
100
AcDbDictionary
280
     1
  3
BTARCONSURFACERADIUS
360
10000663
  3
BTDETID
360
10000661
  3
BTOWNERFACEID_
360
10000662
  3
BTPARTID
360
10000664
  0
DICTIONARY
  5
10000666
330
10000665
100
AcDbDictionary
280
     1
  3
BTDETID
360
10000667
  3
BTPARTID
360
10000668
  0
DICTIONARY
  5
1000066A
330
10000669
100
AcDbDictionary
280
     1
  3
BTARCONSURFACERADIUS
360
1000066D
  3
BTDETID
360
1000066B
  3
BTOWNERFACEID_
360
1000066C
  3
BTPARTID
360
1000066E
  0
DICTIONARY
  5
10000670
330
1000066F
100
AcDbDictionary
280
     1
  3
BTDETID
360
10000671
  3
BTPARTID
360
10000672
  0
DICTIONARY
  5
10000674
330
10000673
100
AcDbDictionary
280
     1
  3
BTARCONSURFACERADIUS
360
10000677
  3
BTDETID
360
10000675
  3
BTOWNERFACEID_
360
10000676
  3
BTPARTID
360
10000678
  0
DICTIONARY
  5
1000067A
330
10000679
100
AcDbDictionary
280
     1
  3
BTDETID
360
1000067B
  3
BTPARTID
360
1000067C
  0
DICTIONARY
  5
1000067E
330
1000067D
100
AcDbDictionary
280
     1
  3
BTARCONSURFACERADIUS
360
10000681
  3
BTDETID
360
1000067F
  3
BTOWNERFACEID_
360
10000680
  3
BTPARTID
360
10000682
  0
DICTIONARY
  5
10000684
330
10000683
100
AcDbDictionary
280
     1
  3
BTDETID
360
10000685
  3
BTPARTID
360
10000686
  0
DICTIONARY
  5
10000688
330
10000687
100
AcDbDictionary
280
     1
  3
BTARCONSURFACERADIUS
360
1000068B
  3
BTDETID
360
10000689
  3
BTOWNERFACEID_
360
1000068A
  3
BTPARTID
360
1000068C
  0
DICTIONARY
  5
1000068E
330
1000068D
100
AcDbDictionary
280
     1
  3
BTDETID
360
1000068F
  3
BTPARTID
360
10000690
  0
DICTIONARY
  5
10000692
330
10000691
100
AcDbDictionary
280
     1
  3
BTARCONSURFACERADIUS
360
10000695
  3
BTDETID
360
10000693
  3
BTOWNERFACEID_
360
10000694
  3
BTPARTID
360
10000696
  0
DICTIONARY
  5
10000698
330
10000697
100
AcDbDictionary
280
     1
  3
BTDETID
360
10000699
  3
BTPARTID
360
1000069A
  0
DICTIONARY
  5
1000069C
330
1000069B
100
AcDbDictionary
280
     1
  3
BTARCONSURFACERADIUS
360
1000069F
  3
BTDETID
360
1000069D
  3
BTOWNERFACEID_
360
1000069E
  3
BTPARTID
360
100006A0
  0
DICTIONARY
  5
100006A2
330
100006A1
100
AcDbDictionary
280
     1
  3
BTDETID
360
100006A3
  3
BTPARTID
360
100006A4
  0
DICTIONARY
  5
100006A6
330
100006A5
100
AcDbDictionary
280
     1
  3
BTARCONSURFACERADIUS
360
100006A9
  3
BTDETID
360
100006A7
  3
BTOWNERFACEID_
360
100006A8
  3
BTPARTID
360
100006AA
  0
DICTIONARY
  5
100006AC
330
100006AB
100
AcDbDictionary
280
     1
  3
BTDETID
360
100006AD
  3
BTPARTID
360
100006AE
  0
DICTIONARY
  5
100006B0
330
100006AF
100
AcDbDictionary
280
     1
  3
BTARCONSURFACERADIUS
360
100006B3
  3
BTDETID
360
100006B1
  3
BTOWNERFACEID_
360
100006B2
  3
BTPARTID
360
100006B4
  0
DICTIONARY
  5
100006B6
330
100006B5
100
AcDbDictionary
280
     1
  3
BTDETID
360
100006B7
  3
BTPARTID
360
100006B8
  0
DICTIONARY
  5
100006BA
330
100006B9
100
AcDbDictionary
280
     1
  3
BTARCONSURFACERADIUS
360
100006BD
  3
BTDETID
360
100006BB
  3
BTOWNERFACEID_
360
100006BC
  3
BTPARTID
360
100006BE
  0
DICTIONARY
  5
100006C0
330
100006BF
100
AcDbDictionary
280
     1
  3
BTDETID
360
100006C1
  3
BTPARTID
360
100006C2
  0
DICTIONARY
  5
100006C4
330
100006C3
100
AcDbDictionary
280
     1
  3
BTARCONSURFACERADIUS
360
100006C7
  3
BTDETID
360
100006C5
  3
BTOWNERFACEID_
360
100006C6
  3
BTPARTID
360
100006C8
  0
DICTIONARY
  5
100006CA
330
100006C9
100
AcDbDictionary
280
     1
  3
BTDETID
360
100006CB
  3
BTPARTID
360
100006CC
  0
DICTIONARY
  5
100006CE
330
100006CD
100
AcDbDictionary
280
     1
  3
BTARCONSURFACERADIUS
360
100006D1
  3
BTDETID
360
100006CF
  3
BTOWNERFACEID_
360
100006D0
  3
BTPARTID
360
100006D2
  0
DICTIONARY
  5
100006D4
330
100006D3
100
AcDbDictionary
280
     1
  3
BTDETID
360
100006D5
  3
BTPARTID
360
100006D6
  0
DICTIONARY
  5
100006D8
330
100006D7
100
AcDbDictionary
280
     1
  3
BTARCONSURFACERADIUS
360
100006DB
  3
BTDETID
360
100006D9
  3
BTOWNERFACEID_
360
100006DA
  3
BTPARTID
360
100006DC
  0
DICTIONARY
  5
100006DE
330
100006DD
100
AcDbDictionary
280
     1
  3
BTDETID
360
100006DF
  3
BTPARTID
360
100006E0
  0
DICTIONARY
  5
100006E2
330
100006E1
100
AcDbDictionary
280
     1
  3
BTARCONSURFACERADIUS
360
100006E5
  3
BTDETID
360
100006E3
  3
BTOWNERFACEID_
360
100006E4
  3
BTPARTID
360
100006E6
  0
DICTIONARY
  5
100006E8
330
100006E7
100
AcDbDictionary
280
     1
  3
BTDETID
360
100006E9
  3
BTPARTID
360
100006EA
  0
DICTIONARY
  5
100006EC
330
100006EB
100
AcDbDictionary
280
     1
  3
BTARCONSURFACERADIUS
360
100006EF
  3
BTDETID
360
100006ED
  3
BTOWNERFACEID_
360
100006EE
  3
BTPARTID
360
100006F0
  0
DICTIONARY
  5
100006F2
330
100006F1
100
AcDbDictionary
280
     1
  3
BTDETID
360
100006F3
  3
BTPARTID
360
100006F4
  0
DICTIONARY
  5
100006F6
330
100006F5
100
AcDbDictionary
280
     1
  3
BTARCONSURFACERADIUS
360
100006F9
  3
BTDETID
360
100006F7
  3
BTOWNERFACEID_
360
100006F8
  3
BTPARTID
360
100006FA
  0
DICTIONARY
  5
100006FC
330
100006FB
100
AcDbDictionary
280
     1
  3
BTDETID
360
100006FD
  3
BTPARTID
360
100006FE
  0
DICTIONARY
  5
10000700
330
100006FF
100
AcDbDictionary
280
     1
  3
BTARCONSURFACERADIUS
360
10000703
  3
BTDETID
360
10000701
  3
BTOWNERFACEID_
360
10000702
  3
BTPARTID
360
10000704
  0
DICTIONARY
  5
10000706
330
10000705
100
AcDbDictionary
280
     1
  3
BTDETID
360
10000707
  3
BTPARTID
360
10000708
  0
DICTIONARY
  5
1000070A
330
10000709
100
AcDbDictionary
280
     1
  3
BTARCONSURFACERADIUS
360
1000070D
  3
BTDETID
360
1000070B
  3
BTOWNERFACEID_
360
1000070C
  3
BTPARTID
360
1000070E
  0
DICTIONARY
  5
10000710
330
1000070F
100
AcDbDictionary
280
     1
  3
BTDETID
360
10000711
  3
BTPARTID
360
10000712
  0
DICTIONARY
  5
10000714
330
10000713
100
AcDbDictionary
280
     1
  3
BTARCONSURFACERADIUS
360
10000717
  3
BTDETID
360
10000715
  3
BTOWNERFACEID_
360
10000716
  3
BTPARTID
360
10000718
  0
DICTIONARY
  5
1000071A
330
10000719
100
AcDbDictionary
280
     1
  3
BTDETID
360
1000071B
  3
BTPARTID
360
1000071C
  0
DICTIONARY
  5
1000071E
330
1000071D
100
AcDbDictionary
280
     1
  3
BTARCONSURFACERADIUS
360
10000721
  3
BTDETID
360
1000071F
  3
BTOWNERFACEID_
360
10000720
  3
BTPARTID
360
10000722
  0
DICTIONARY
  5
10000724
330
10000723
100
AcDbDictionary
280
     1
  3
BTDETID
360
10000725
  3
BTPARTID
360
10000726
  0
DICTIONARY
  5
10000728
330
10000727
100
AcDbDictionary
280
     1
  3
BTARCONSURFACERADIUS
360
1000072B
  3
BTDETID
360
10000729
  3
BTOWNERFACEID_
360
1000072A
  3
BTPARTID
360
1000072C
  0
DICTIONARY
  5
1000072E
330
1000072D
100
AcDbDictionary
280
     1
  3
BTDETID
360
1000072F
  3
BTPARTID
360
10000730
  0
DICTIONARY
  5
10000732
330
10000731
100
AcDbDictionary
280
     1
  3
BTARCONSURFACERADIUS
360
10000735
  3
BTDETID
360
10000733
  3
BTOWNERFACEID_
360
10000734
  3
BTPARTID
360
10000736
  0
DICTIONARY
  5
10000738
330
10000737
100
AcDbDictionary
280
     1
  3
BTDETID
360
10000739
  3
BTPARTID
360
1000073A
  0
DICTIONARY
  5
1000073C
330
1000073B
100
AcDbDictionary
280
     1
  3
BTARCONSURFACERADIUS
360
1000073F
  3
BTDETID
360
1000073D
  3
BTOWNERFACEID_
360
1000073E
  3
BTPARTID
360
10000740
  0
DICTIONARY
  5
10000742
330
10000741
100
AcDbDictionary
280
     1
  3
BTDETID
360
10000743
  3
BTPARTID
360
10000744
  0
DICTIONARY
  5
10000746
330
10000745
100
AcDbDictionary
280
     1
  3
BTARCONSURFACERADIUS
360
10000749
  3
BTDETID
360
10000747
  3
BTOWNERFACEID_
360
10000748
  3
BTPARTID
360
1000074A
  0
DICTIONARY
  5
1000074C
330
1000074B
100
AcDbDictionary
280
     1
  3
BTDETID
360
1000074D
  3
BTPARTID
360
1000074E
  0
DICTIONARY
  5
10000750
330
1000074F
100
AcDbDictionary
280
     1
  3
BTARCONSURFACERADIUS
360
10000753
  3
BTDETID
360
10000751
  3
BTOWNERFACEID_
360
10000752
  3
BTPARTID
360
10000754
  0
DICTIONARY
  5
10000756
330
10000755
100
AcDbDictionary
280
     1
  3
BTDETID
360
10000757
  3
BTPARTID
360
10000758
  0
DICTIONARY
  5
1000075A
330
10000759
100
AcDbDictionary
280
     1
  3
BTARCONSURFACERADIUS
360
1000075D
  3
BTDETID
360
1000075B
  3
BTOWNERFACEID_
360
1000075C
  3
BTPARTID
360
1000075E
  0
DICTIONARY
  5
10000760
330
1000075F
100
AcDbDictionary
280
     1
  3
BTDETID
360
10000761
  3
BTPARTID
360
10000762
  0
DICTIONARY
  5
10000764
330
10000763
100
AcDbDictionary
280
     1
  3
BTARCONSURFACERADIUS
360
10000767
  3
BTDETID
360
10000765
  3
BTOWNERFACEID_
360
10000766
  3
BTPARTID
360
10000768
  0
DICTIONARY
  5
1000076A
330
10000769
100
AcDbDictionary
280
     1
  3
BTDETID
360
1000076B
  3
BTPARTID
360
1000076C
  0
DICTIONARY
  5
1000076E
330
1000076D
100
AcDbDictionary
280
     1
  3
BTARCONSURFACERADIUS
360
10000771
  3
BTDETID
360
1000076F
  3
BTOWNERFACEID_
360
10000770
  3
BTPARTID
360
10000772
  0
DICTIONARY
  5
10000774
330
10000773
100
AcDbDictionary
280
     1
  3
BTDETID
360
10000775
  3
BTPARTID
360
10000776
  0
DICTIONARY
  5
10000778
330
10000777
100
AcDbDictionary
280
     1
  3
BTARCONSURFACERADIUS
360
1000077B
  3
BTDETID
360
10000779
  3
BTOWNERFACEID_
360
1000077A
  3
BTPARTID
360
1000077C
  0
DICTIONARY
  5
1000077E
330
1000077D
100
AcDbDictionary
280
     1
  3
BTDETID
360
1000077F
  3
BTPARTID
360
10000780
  0
DICTIONARY
  5
10000782
330
10000781
100
AcDbDictionary
280
     1
  3
BTARCONSURFACERADIUS
360
10000785
  3
BTDETID
360
10000783
  3
BTOWNERFACEID_
360
10000784
  3
BTPARTID
360
10000786
  0
DICTIONARY
  5
10000788
330
10000787
100
AcDbDictionary
280
     1
  3
BTDETID
360
10000789
  3
BTPARTID
360
1000078A
  0
DICTIONARY
  5
1000078C
330
1000078B
100
AcDbDictionary
280
     1
  3
BTARCONSURFACERADIUS
360
1000078F
  3
BTDETID
360
1000078D
  3
BTOWNERFACEID_
360
1000078E
  3
BTPARTID
360
10000790
  0
DICTIONARY
  5
10000792
330
10000791
100
AcDbDictionary
280
     1
  3
BTDETID
360
10000793
  3
BTPARTID
360
10000794
  0
DICTIONARY
  5
10000796
330
10000795
100
AcDbDictionary
280
     1
  3
BTARCONSURFACERADIUS
360
10000799
  3
BTDETID
360
10000797
  3
BTOWNERFACEID_
360
10000798
  3
BTPARTID
360
1000079A
  0
DICTIONARY
  5
1000079C
330
1000079B
100
AcDbDictionary
280
     1
  3
BTDETID
360
1000079D
  3
BTPARTID
360
1000079E
  0
DICTIONARY
  5
100007A0
330
1000079F
100
AcDbDictionary
280
     1
  3
BTARCONSURFACERADIUS
360
100007A3
  3
BTDETID
360
100007A1
  3
BTOWNERFACEID_
360
100007A2
  3
BTPARTID
360
100007A4
  0
DICTIONARY
  5
100007A6
330
100007A5
100
AcDbDictionary
280
     1
  3
BTDETID
360
100007A7
  3
BTPARTID
360
100007A8
  0
DICTIONARY
  5
100007AA
330
100007A9
100
AcDbDictionary
280
     1
  3
BTARCONSURFACERADIUS
360
100007AD
  3
BTDETID
360
100007AB
  3
BTOWNERFACEID_
360
100007AC
  3
BTPARTID
360
100007AE
  0
DICTIONARY
  5
100007B0
330
100007AF
100
AcDbDictionary
280
     1
  3
BTDETID
360
100007B1
  3
BTPARTID
360
100007B2
  0
DICTIONARY
  5
100007B4
330
100007B3
100
AcDbDictionary
280
     1
  3
BTARCONSURFACERADIUS
360
100007B7
  3
BTDETID
360
100007B5
  3
BTOWNERFACEID_
360
100007B6
  3
BTPARTID
360
100007B8
  0
DICTIONARY
  5
100007BA
330
100007B9
100
AcDbDictionary
280
     1
  3
BTDETID
360
100007BB
  3
BTPARTID
360
100007BC
  0
DICTIONARY
  5
100007BE
330
100007BD
100
AcDbDictionary
280
     1
  3
BTARCONSURFACERADIUS
360
100007C1
  3
BTDETID
360
100007BF
  3
BTOWNERFACEID_
360
100007C0
  3
BTPARTID
360
100007C2
  0
DICTIONARY
  5
100007C4
330
100007C3
100
AcDbDictionary
280
     1
  3
BTDETID
360
100007C5
  3
BTPARTID
360
100007C6
  0
DICTIONARY
  5
100007C8
330
100007C7
100
AcDbDictionary
280
     1
  3
BTARCONSURFACERADIUS
360
100007CB
  3
BTDETID
360
100007C9
  3
BTOWNERFACEID_
360
100007CA
  3
BTPARTID
360
100007CC
  0
DICTIONARY
  5
100007CE
330
100007CD
100
AcDbDictionary
280
     1
  3
BTDETID
360
100007CF
  3
BTPARTID
360
100007D0
  0
DICTIONARY
  5
100007D2
330
100007D1
100
AcDbDictionary
280
     1
  3
BTARCONSURFACERADIUS
360
100007D5
  3
BTDETID
360
100007D3
  3
BTOWNERFACEID_
360
100007D4
  3
BTPARTID
360
100007D6
  0
DICTIONARY
  5
100007D8
330
100007D7
100
AcDbDictionary
280
     1
  3
BTDETID
360
100007D9
  3
BTPARTID
360
100007DA
  0
DICTIONARY
  5
100007DC
330
100007DB
100
AcDbDictionary
280
     1
  3
BTARCONSURFACERADIUS
360
100007DF
  3
BTDETID
360
100007DD
  3
BTOWNERFACEID_
360
100007DE
  3
BTPARTID
360
100007E0
  0
DICTIONARY
  5
100007E2
330
100007E1
100
AcDbDictionary
280
     1
  3
BTARCONSURFACERADIUS
360
100007E5
  3
BTDETID
360
100007E3
  3
BTOWNERFACEID_
360
100007E4
  3
BTPARTID
360
100007E6
  0
DICTIONARY
  5
100007E8
330
100007E7
100
AcDbDictionary
280
     1
  3
BTDETID
360
100007E9
  3
BTPARTID
360
100007EA
  0
DICTIONARY
  5
100007EC
330
100007EB
100
AcDbDictionary
280
     1
  3
BTARCONSURFACERADIUS
360
100007EF
  3
BTDETID
360
100007ED
  3
BTOWNERFACEID_
360
100007EE
  3
BTPARTID
360
100007F0
  0
DICTIONARY
  5
100007F2
330
100007F1
100
AcDbDictionary
280
     1
  3
BTDETID
360
100007F3
  3
BTPARTID
360
100007F4
  0
DICTIONARY
  5
100007F6
330
100007F5
100
AcDbDictionary
280
     1
  3
BTDETID
360
100007F7
  3
BTPARTID
360
100007F8
  0
DICTIONARY
  5
100007FA
330
100007F9
100
AcDbDictionary
280
     1
  3
BTARCONSURFACERADIUS
360
100007FD
  3
BTDETID
360
100007FB
  3
BTOWNERFACEID_
360
100007FC
  3
BTPARTID
360
100007FE
  0
DICTIONARY
  5
10000800
330
100007FF
100
AcDbDictionary
280
     1
  3
BTDETID
360
10000801
  3
BTPARTID
360
10000802
  0
DICTIONARY
  5
10000804
330
10000803
100
AcDbDictionary
280
     1
  3
BTARCONSURFACERADIUS
360
10000807
  3
BTDETID
360
10000805
  3
BTOWNERFACEID_
360
10000806
  3
BTPARTID
360
10000808
  0
DICTIONARY
  5
D
102
{ACAD_REACTORS
330
C
102
}
330
C
100
AcDbDictionary
  0
DICTIONARY
  5
1A
102
{ACAD_REACTORS
330
C
102
}
330
C
100
AcDbDictionary
  0
DICTIONARY
  5
43
102
{ACAD_REACTORS
330
C
102
}
330
C
100
AcDbDictionary
  3
BYBLOCK
350
45
  3
BYLAYER
350
44
  3
GLOBAL
350
46
  0
DICTIONARY
  5
5B
102
{ACAD_REACTORS
330
C
102
}
330
C
100
AcDbDictionary
  3
STANDARD
350
5C
  0
DICTIONARY
  5
17
102
{ACAD_REACTORS
330
C
102
}
330
C
100
AcDbDictionary
  3
STANDARD
350
18
  0
DICTIONARY
  5
19
102
{ACAD_REACTORS
330
C
102
}
330
C
100
AcDbDictionary
  0
DICTIONARY
  5
47
102
{ACAD_REACTORS
330
C
102
}
330
C
100
AcDbDictionary
  3
SCALE100_1
350
10000023
  3
SCALE10_1
350
1000001D
  3
SCALE12_1
350
1000001E
  3
SCALE16_1
350
1000001F
  3
SCALE1_1
350
10000006
  3
SCALE1_10
350
1000000D
  3
SCALE1_100
350
10000016
  3
SCALE1_12
350
1000000E
  3
SCALE1_16
350
1000000F
  3
SCALE1_2
350
10000007
  3
SCALE1_20
350
10000010
  3
SCALE1_25
350
10000011
  3
SCALE1_3
350
10000008
  3
SCALE1_32
350
10000012
  3
SCALE1_4
350
10000009
  3
SCALE1_40
350
10000013
  3
SCALE1_5
350
1000000A
  3
SCALE1_50
350
10000014
  3
SCALE1_6
350
1000000B
  3
SCALE1_8
350
1000000C
  3
SCALE1_80
350
10000015
  3
SCALE20_1
350
10000020
  3
SCALE2_1
350
10000017
  3
SCALE32_1
350
10000021
  3
SCALE3_1
350
10000018
  3
SCALE4_1
350
10000019
  3
SCALE50_1
350
10000022
  3
SCALE5_1
350
1000001A
  3
SCALE6_1
350
1000001B
  3
SCALE8_1
350
1000001C
  0
DICTIONARY
  5
2A
102
{ACAD_REACTORS
330
C
102
}
330
C
100
AcDbDictionary
  3
2DWIREFRAME
350
2F
  3
BASIC
350
32
  3
BRIGHTEN
350
36
  3
COLORCHANGE
350
3A
  3
CONCEPTUAL
350
34
  3
DIM
350
35
  3
EDGECOLOROFF
350
3D
  3
FACEPATTERN
350
39
  3
FLAT
350
2B
  3
FLATWITHEDGES
350
2C
  3
GOURAUD
350
2D
  3
GOURAUDWITHEDGES
350
2E
  3
HIDDEN
350
31
  3
JITTEROFF
350
3B
  3
LINEPATTERN
350
38
  3
OVERHANGOFF
350
3C
  3
REALISTIC
350
33
  3
SHADED
350
42
  3
SHADED_WITH_EDGES
350
41
  3
SHADES_OF_GRAY
350
3E
  3
SKETCHY
350
3F
  3
THICKEN
350
37
  3
WIREFRAME
350
30
  3
X-RAY
350
40
  0
DICTIONARY
  5
1000080B
102
{ACAD_REACTORS
330
C
102
}
330
C
100
AcDbDictionary
  3
CEPSNID
350
10000815
  3
CEPSNTYPE
350
10000814
  3
DIMSTYLEDATA
350
1000082B
  3
FINGERPRINTGUID
350
10000816
  3
HYPERLINKBASE
350
1000080E
  3
INSUNITS
350
10000813
  3
LAYOUTDICT
350
10000810
  3
LWETCUNION
350
10000812
  3
PLOTSETDICT
350
10000811
  3
PSVPSCALE
350
10000818
  3
PUCSBASE
350
1000081B
  3
PUCSORGBACK
350
10000821
  3
PUCSORGBOTTOM
350
1000081D
  3
PUCSORGFRONT
350
10000820
  3
PUCSORGLEFT
350
1000081E
  3
PUCSORGRIGHT
350
1000081F
  3
PUCSORGTOP
350
1000081C
  3
PUCSORTHOREF
350
10000819
  3
PUCSORTHOVIEW
350
1000081A
  3
STYLESHEET
350
1000080F
  3
TSTACKALIGN
350
1000080C
  3
TSTACKSIZE
350
1000080D
  3
UCSBASE
350
10000824
  3
UCSORGBACK
350
1000082A
  3
UCSORGBOTTOM
350
10000826
  3
UCSORGFRONT
350
10000829
  3
UCSORGLEFT
350
10000827
  3
UCSORGRIGHT
350
10000828
  3
UCSORGTOP
350
10000825
  3
UCSORTHOREF
350
10000822
  3
UCSORTHOVIEW
350
10000823
  3
VERSIONGUID
350
10000817
  0
DICTIONARY
  5
1000082C
102
{ACAD_REACTORS
330
C
102
}
330
C
100
AcDbDictionary
  3
CANNOSCALE
350
1000083A
  3
CENTEREXE
350
10000833
  3
CENTERLTYPEFILE
350
10000834
  3
CMLEADERSTYLE
350
1000082E
  3
CTABLESTYLE
350
1000082D
  3
DIMASSOC
350
10000835
  3
HIDETEXT
350
10000836
  3
MSLTSCALE
350
1000083B
  3
PSOLHEIGHT
350
10000830
  3
PSOLWIDTH
350
1000082F
  0
XRECORD
  5
10000837
102
{ACAD_REACTORS
330
C
102
}
330
C
100
AcDbXrecord
  1
DWGPROPS COOKIE
  2

  3

  4

  6
File was created by BTDwgCreate
  7

  8
onshape
  9

300
=
301
=
302
=
303
=
304
=
305
=
306
=
307
=
308
=
309
=
 40
0.0
 41
2461092.832105463
 42
2461092.832105591
  1

 90
        0
  0
DICTIONARY
  5
10000001
102
{ACAD_REACTORS
330
C
102
}
330
C
100
AcDbDictionary
280
     1
  3
DIM_UNITS
360
10000003
  3
DWGGEN_VERSION
360
10000002
  3
FIRST_ANGLE
360
10000005
  0
XRECORD
  5
10000839
102
{ACAD_REACTORS
330
10000838
102
}
330
10000838
100
AcDbXrecord
102
VTR_0.000_0.000_1.000_1.000_VISUALSTYLE
340
2F
102
VTR_0.000_0.000_1.000_1.000_GRIDDISPLAY
 70
     3
102
VTR_0.000_0.000_1.000_1.000_GRIDMAJOR
 70
     5
102
VTR_0.000_0.000_1.000_1.000_DEFAULTLIGHTING
280
     1
102
VTR_0.000_0.000_1.000_1.000_DEFAULTLIGHTINGTYPE
 70
     1
102
VTR_0.000_0.000_1.000_1.000_BRIGHTNESS
141
0.0
102
VTR_0.000_0.000_1.000_1.000_CONTRAST
142
0.0
  0
SORTENTSTABLE
  5
1000080A
102
{ACAD_REACTORS
330
10000809
102
}
330
10000809
100
AcDbSortentsTable
330
1F
  0
XRECORD
  5
1000005B
102
{ACAD_REACTORS
330
1000005A
102
}
330
1000005A
100
AcDbXrecord
1000
SNBZC
  0
XRECORD
  5
1000005C
102
{ACAD_REACTORS
330
1000005A
102
}
330
1000005A
100
AcDbXrecord
1000
JHH
  0
XRECORD
  5
1000005F
102
{ACAD_REACTORS
330
1000005E
102
}
330
1000005E
100
AcDbXrecord
1000
RNB5
  0
XRECORD
  5
10000060
102
{ACAD_REACTORS
330
1000005E
102
}
330
1000005E
100
AcDbXrecord
1000
JHH
  0
XRECORD
  5
10000063
102
{ACAD_REACTORS
330
10000062
102
}
330
10000062
100
AcDbXrecord
1000
RNB1
  0
XRECORD
  5
10000064
102
{ACAD_REACTORS
330
10000062
102
}
330
10000062
100
AcDbXrecord
1000
JHH
  0
XRECORD
  5
10000067
102
{ACAD_REACTORS
330
10000066
102
}
330
10000066
100
AcDbXrecord
1000
RNB9
  0
XRECORD
  5
10000068
102
{ACAD_REACTORS
330
10000066
102
}
330
10000066
100
AcDbXrecord
1000
JHH
  0
XRECORD
  5
1000006B
102
{ACAD_REACTORS
330
1000006A
102
}
330
1000006A
100
AcDbXrecord
1000
SNBdC
  0
XRECORD
  5
1000006C
102
{ACAD_REACTORS
330
1000006A
102
}
330
1000006A
100
AcDbXrecord
1000
JHH
  0
XRECORD
  5
1000006F
102
{ACAD_REACTORS
330
1000006E
102
}
330
1000006E
100
AcDbXrecord
1000
KnBC
  0
XRECORD
  5
10000070
102
{ACAD_REACTORS
330
1000006E
102
}
330
1000006E
100
AcDbXrecord
1000
JHH
  0
XRECORD
  5
10000075
102
{ACAD_REACTORS
330
10000072
102
}
330
10000072
100
AcDbXrecord
 40
3.0
  0
XRECORD
  5
10000073
102
{ACAD_REACTORS
330
10000072
102
}
330
10000072
100
AcDbXrecord
1000
Jnt
  0
XRECORD
  5
10000074
102
{ACAD_REACTORS
330
10000072
102
}
330
10000072
100
AcDbXrecord
1000
RNBy
  0
XRECORD
  5
10000076
102
{ACAD_REACTORS
330
10000072
102
}
330
10000072
100
AcDbXrecord
1000
JHH
  0
XRECORD
  5
10000079
102
{ACAD_REACTORS
330
10000078
102
}
330
10000078
100
AcDbXrecord
1000
Kn9B
  0
XRECORD
  5
1000007A
102
{ACAD_REACTORS
330
10000078
102
}
330
10000078
100
AcDbXrecord
1000
JHH
  0
XRECORD
  5
1000007F
102
{ACAD_REACTORS
330
1000007C
102
}
330
1000007C
100
AcDbXrecord
 40
3.0
  0
XRECORD
  5
1000007D
102
{ACAD_REACTORS
330
1000007C
102
}
330
1000007C
100
AcDbXrecord
1000
Jnd
  0
XRECORD
  5
1000007E
102
{ACAD_REACTORS
330
1000007C
102
}
330
1000007C
100
AcDbXrecord
1000
RNBy
  0
XRECORD
  5
10000080
102
{ACAD_REACTORS
330
1000007C
102
}
330
1000007C
100
AcDbXrecord
1000
JHH
  0
XRECORD
  5
10000083
102
{ACAD_REACTORS
330
10000082
102
}
330
10000082
100
AcDbXrecord
1000
Kn5B
  0
XRECORD
  5
10000084
102
{ACAD_REACTORS
330
10000082
102
}
330
10000082
100
AcDbXrecord
1000
JHH
  0
XRECORD
  5
10000089
102
{ACAD_REACTORS
330
10000086
102
}
330
10000086
100
AcDbXrecord
 40
3.0
  0
XRECORD
  5
10000087
102
{ACAD_REACTORS
330
10000086
102
}
330
10000086
100
AcDbXrecord
1000
JnN
  0
XRECORD
  5
10000088
102
{ACAD_REACTORS
330
10000086
102
}
330
10000086
100
AcDbXrecord
1000
RNBy
  0
XRECORD
  5
1000008A
102
{ACAD_REACTORS
330
10000086
102
}
330
10000086
100
AcDbXrecord
1000
JHH
  0
XRECORD
  5
1000008D
102
{ACAD_REACTORS
330
1000008C
102
}
330
1000008C
100
AcDbXrecord
1000
KnNC
  0
XRECORD
  5
1000008E
102
{ACAD_REACTORS
330
1000008C
102
}
330
1000008C
100
AcDbXrecord
1000
JHH
  0
XRECORD
  5
10000093
102
{ACAD_REACTORS
330
10000090
102
}
330
10000090
100
AcDbXrecord
 40
3.0
  0
XRECORD
  5
10000091
102
{ACAD_REACTORS
330
10000090
102
}
330
10000090
100
AcDbXrecord
1000
KndB
  0
XRECORD
  5
10000092
102
{ACAD_REACTORS
330
10000090
102
}
330
10000090
100
AcDbXrecord
1000
RNBy
  0
XRECORD
  5
10000094
102
{ACAD_REACTORS
330
10000090
102
}
330
10000090
100
AcDbXrecord
1000
JHH
  0
XRECORD
  5
10000097
102
{ACAD_REACTORS
330
10000096
102
}
330
10000096
100
AcDbXrecord
1000
KnJC
  0
XRECORD
  5
10000098
102
{ACAD_REACTORS
330
10000096
102
}
330
10000096
100
AcDbXrecord
1000
JHH
  0
XRECORD
  5
1000009B
102
{ACAD_REACTORS
330
1000009A
102
}
330
1000009A
100
AcDbXrecord
1000
SNBBB
  0
XRECORD
  5
1000009C
102
{ACAD_REACTORS
330
1000009A
102
}
330
1000009A
100
AcDbXrecord
1000
JHH
  0
XRECORD
  5
1000009F
102
{ACAD_REACTORS
330
1000009E
102
}
330
1000009E
100
AcDbXrecord
1000
SNBJB
  0
XRECORD
  5
100000A0
102
{ACAD_REACTORS
330
1000009E
102
}
330
1000009E
100
AcDbXrecord
1000
JHH
  0
XRECORD
  5
100000A3
102
{ACAD_REACTORS
330
100000A2
102
}
330
100000A2
100
AcDbXrecord
1000
SNBFB
  0
XRECORD
  5
100000A4
102
{ACAD_REACTORS
330
100000A2
102
}
330
100000A2
100
AcDbXrecord
1000
JHH
  0
XRECORD
  5
100000A7
102
{ACAD_REACTORS
330
100000A6
102
}
330
100000A6
100
AcDbXrecord
1000
SNBNB
  0
XRECORD
  5
100000A8
102
{ACAD_REACTORS
330
100000A6
102
}
330
100000A6
100
AcDbXrecord
1000
JHH
  0
XRECORD
  5
100000AB
102
{ACAD_REACTORS
330
100000AA
102
}
330
100000AA
100
AcDbXrecord
1000
SNBRB
  0
XRECORD
  5
100000AC
102
{ACAD_REACTORS
330
100000AA
102
}
330
100000AA
100
AcDbXrecord
1000
JHH
  0
XRECORD
  5
100000AF
102
{ACAD_REACTORS
330
100000AE
102
}
330
100000AE
100
AcDbXrecord
1000
SNBZB
  0
XRECORD
  5
100000B0
102
{ACAD_REACTORS
330
100000AE
102
}
330
100000AE
100
AcDbXrecord
1000
JHH
  0
XRECORD
  5
100000B3
102
{ACAD_REACTORS
330
100000B2
102
}
330
100000B2
100
AcDbXrecord
1000
SNBVB
  0
XRECORD
  5
100000B4
102
{ACAD_REACTORS
330
100000B2
102
}
330
100000B2
100
AcDbXrecord
1000
JHH
  0
XRECORD
  5
100000B7
102
{ACAD_REACTORS
330
100000B6
102
}
330
100000B6
100
AcDbXrecord
1000
SNBdB
  0
XRECORD
  5
100000B8
102
{ACAD_REACTORS
330
100000B6
102
}
330
100000B6
100
AcDbXrecord
1000
JHH
  0
XRECORD
  5
100000BD
102
{ACAD_REACTORS
330
100000BA
102
}
330
100000BA
100
AcDbXrecord
 40
1.500000000000001
  0
XRECORD
  5
100000BB
102
{ACAD_REACTORS
330
100000BA
102
}
330
100000BA
100
AcDbXrecord
1000
K19D
  0
XRECORD
  5
100000BC
102
{ACAD_REACTORS
330
100000BA
102
}
330
100000BA
100
AcDbXrecord
1000
RNBy
  0
XRECORD
  5
100000BE
102
{ACAD_REACTORS
330
100000BA
102
}
330
100000BA
100
AcDbXrecord
1000
JHH
  0
XRECORD
  5
100000C1
102
{ACAD_REACTORS
330
100000C0
102
}
330
100000C0
100
AcDbXrecord
1000
K1xD
  0
XRECORD
  5
100000C2
102
{ACAD_REACTORS
330
100000C0
102
}
330
100000C0
100
AcDbXrecord
1000
JHH
  0
XRECORD
  5
100000C7
102
{ACAD_REACTORS
330
100000C4
102
}
330
100000C4
100
AcDbXrecord
 40
1.500000000000001
  0
XRECORD
  5
100000C5
102
{ACAD_REACTORS
330
100000C4
102
}
330
100000C4
100
AcDbXrecord
1000
K11D
  0
XRECORD
  5
100000C6
102
{ACAD_REACTORS
330
100000C4
102
}
330
100000C4
100
AcDbXrecord
1000
RNBy
  0
XRECORD
  5
100000C8
102
{ACAD_REACTORS
330
100000C4
102
}
330
100000C4
100
AcDbXrecord
1000
JHH
  0
XRECORD
  5
100000CB
102
{ACAD_REACTORS
330
100000CA
102
}
330
100000CA
100
AcDbXrecord
1000
K15D
  0
XRECORD
  5
100000CC
102
{ACAD_REACTORS
330
100000CA
102
}
330
100000CA
100
AcDbXrecord
1000
JHH
  0
XRECORD
  5
100000CF
102
{ACAD_REACTORS
330
100000CE
102
}
330
100000CE
100
AcDbXrecord
1000
K7lQ
  0
XRECORD
  5
100000D0
102
{ACAD_REACTORS
330
100000CE
102
}
330
100000CE
100
AcDbXrecord
1000
JHH
  0
XRECORD
  5
100000D5
102
{ACAD_REACTORS
330
100000D2
102
}
330
100000D2
100
AcDbXrecord
 40
2.0
  0
XRECORD
  5
100000D3
102
{ACAD_REACTORS
330
100000D2
102
}
330
100000D2
100
AcDbXrecord
1000
K7NI
  0
XRECORD
  5
100000D4
102
{ACAD_REACTORS
330
100000D2
102
}
330
100000D2
100
AcDbXrecord
1000
RNBy
  0
XRECORD
  5
100000D6
102
{ACAD_REACTORS
330
100000D2
102
}
330
100000D2
100
AcDbXrecord
1000
JHH
  0
XRECORD
  5
100000D9
102
{ACAD_REACTORS
330
100000D8
102
}
330
100000D8
100
AcDbXrecord
1000
K7dS
  0
XRECORD
  5
100000DA
102
{ACAD_REACTORS
330
100000D8
102
}
330
100000D8
100
AcDbXrecord
1000
JHH
  0
XRECORD
  5
100000DF
102
{ACAD_REACTORS
330
100000DC
102
}
330
100000DC
100
AcDbXrecord
 40
2.0
  0
XRECORD
  5
100000DD
102
{ACAD_REACTORS
330
100000DC
102
}
330
100000DC
100
AcDbXrecord
1000
K71I
  0
XRECORD
  5
100000DE
102
{ACAD_REACTORS
330
100000DC
102
}
330
100000DC
100
AcDbXrecord
1000
RNBy
  0
XRECORD
  5
100000E0
102
{ACAD_REACTORS
330
100000DC
102
}
330
100000DC
100
AcDbXrecord
1000
JHH
  0
XRECORD
  5
100000E3
102
{ACAD_REACTORS
330
100000E2
102
}
330
100000E2
100
AcDbXrecord
1000
K75R
  0
XRECORD
  5
100000E4
102
{ACAD_REACTORS
330
100000E2
102
}
330
100000E2
100
AcDbXrecord
1000
JHH
  0
XRECORD
  5
100000E9
102
{ACAD_REACTORS
330
100000E6
102
}
330
100000E6
100
AcDbXrecord
 40
2.0
  0
XRECORD
  5
100000E7
102
{ACAD_REACTORS
330
100000E6
102
}
330
100000E6
100
AcDbXrecord
1000
K7NK
  0
XRECORD
  5
100000E8
102
{ACAD_REACTORS
330
100000E6
102
}
330
100000E6
100
AcDbXrecord
1000
RNBy
  0
XRECORD
  5
100000EA
102
{ACAD_REACTORS
330
100000E6
102
}
330
100000E6
100
AcDbXrecord
1000
JHH
  0
XRECORD
  5
100000ED
102
{ACAD_REACTORS
330
100000EC
102
}
330
100000EC
100
AcDbXrecord
1000
K7JS
  0
XRECORD
  5
100000EE
102
{ACAD_REACTORS
330
100000EC
102
}
330
100000EC
100
AcDbXrecord
1000
JHH
  0
XRECORD
  5
100000F1
102
{ACAD_REACTORS
330
100000F0
102
}
330
100000F0
100
AcDbXrecord
1000
KiRB
  0
XRECORD
  5
100000F2
102
{ACAD_REACTORS
330
100000F0
102
}
330
100000F0
100
AcDbXrecord
1000
JHH
  0
XRECORD
  5
100000F5
102
{ACAD_REACTORS
330
100000F4
102
}
330
100000F4
100
AcDbXrecord
1000
K7NS
  0
XRECORD
  5
100000F6
102
{ACAD_REACTORS
330
100000F4
102
}
330
100000F4
100
AcDbXrecord
1000
JHH
  0
XRECORD
  5
100000FB
102
{ACAD_REACTORS
330
100000F8
102
}
330
100000F8
100
AcDbXrecord
 40
2.0
  0
XRECORD
  5
100000F9
102
{ACAD_REACTORS
330
100000F8
102
}
330
100000F8
100
AcDbXrecord
1000
K7dK
  0
XRECORD
  5
100000FA
102
{ACAD_REACTORS
330
100000F8
102
}
330
100000F8
100
AcDbXrecord
1000
RNBy
  0
XRECORD
  5
100000FC
102
{ACAD_REACTORS
330
100000F8
102
}
330
100000F8
100
AcDbXrecord
1000
JHH
  0
XRECORD
  5
100000FF
102
{ACAD_REACTORS
330
100000FE
102
}
330
100000FE
100
AcDbXrecord
1000
K7xR
  0
XRECORD
  5
10000100
102
{ACAD_REACTORS
330
100000FE
102
}
330
100000FE
100
AcDbXrecord
1000
JHH
  0
XRECORD
  5
10000103
102
{ACAD_REACTORS
330
10000102
102
}
330
10000102
100
AcDbXrecord
1000
KHNm
  0
XRECORD
  5
10000104
102
{ACAD_REACTORS
330
10000102
102
}
330
10000102
100
AcDbXrecord
1000
JHH
  0
XRECORD
  5
10000107
102
{ACAD_REACTORS
330
10000106
102
}
330
10000106
100
AcDbXrecord
1000
K7FR
  0
XRECORD
  5
10000108
102
{ACAD_REACTORS
330
10000106
102
}
330
10000106
100
AcDbXrecord
1000
JHH
  0
XRECORD
  5
1000010D
102
{ACAD_REACTORS
330
1000010A
102
}
330
1000010A
100
AcDbXrecord
 40
2.0
  0
XRECORD
  5
1000010B
102
{ACAD_REACTORS
330
1000010A
102
}
330
1000010A
100
AcDbXrecord
1000
K7dJ
  0
XRECORD
  5
1000010C
102
{ACAD_REACTORS
330
1000010A
102
}
330
1000010A
100
AcDbXrecord
1000
RNBy
  0
XRECORD
  5
1000010E
102
{ACAD_REACTORS
330
1000010A
102
}
330
1000010A
100
AcDbXrecord
1000
JHH
  0
XRECORD
  5
10000111
102
{ACAD_REACTORS
330
10000110
102
}
330
10000110
100
AcDbXrecord
1000
K71R
  0
XRECORD
  5
10000112
102
{ACAD_REACTORS
330
10000110
102
}
330
10000110
100
AcDbXrecord
1000
JHH
  0
XRECORD
  5
10000117
102
{ACAD_REACTORS
330
10000114
102
}
330
10000114
100
AcDbXrecord
 40
2.0
  0
XRECORD
  5
10000115
102
{ACAD_REACTORS
330
10000114
102
}
330
10000114
100
AcDbXrecord
1000
K7RJ
  0
XRECORD
  5
10000116
102
{ACAD_REACTORS
330
10000114
102
}
330
10000114
100
AcDbXrecord
1000
RNBy
  0
XRECORD
  5
10000118
102
{ACAD_REACTORS
330
10000114
102
}
330
10000114
100
AcDbXrecord
1000
JHH
  0
XRECORD
  5
1000011B
102
{ACAD_REACTORS
330
1000011A
102
}
330
1000011A
100
AcDbXrecord
1000
K79Q
  0
XRECORD
  5
1000011C
102
{ACAD_REACTORS
330
1000011A
102
}
330
1000011A
100
AcDbXrecord
1000
JHH
  0
XRECORD
  5
1000011F
102
{ACAD_REACTORS
330
1000011E
102
}
330
1000011E
100
AcDbXrecord
1000
KHFm
  0
XRECORD
  5
10000120
102
{ACAD_REACTORS
330
1000011E
102
}
330
1000011E
100
AcDbXrecord
1000
JHH
  0
XRECORD
  5
10000123
102
{ACAD_REACTORS
330
10000122
102
}
330
10000122
100
AcDbXrecord
1000
K7tR
  0
XRECORD
  5
10000124
102
{ACAD_REACTORS
330
10000122
102
}
330
10000122
100
AcDbXrecord
1000
JHH
  0
XRECORD
  5
10000129
102
{ACAD_REACTORS
330
10000126
102
}
330
10000126
100
AcDbXrecord
 40
2.0
  0
XRECORD
  5
10000127
102
{ACAD_REACTORS
330
10000126
102
}
330
10000126
100
AcDbXrecord
1000
K7tJ
  0
XRECORD
  5
10000128
102
{ACAD_REACTORS
330
10000126
102
}
330
10000126
100
AcDbXrecord
1000
RNBy
  0
XRECORD
  5
1000012A
102
{ACAD_REACTORS
330
10000126
102
}
330
10000126
100
AcDbXrecord
1000
JHH
  0
XRECORD
  5
1000012D
102
{ACAD_REACTORS
330
1000012C
102
}
330
1000012C
100
AcDbXrecord
1000
K7BS
  0
XRECORD
  5
1000012E
102
{ACAD_REACTORS
330
1000012C
102
}
330
1000012C
100
AcDbXrecord
1000
JHH
  0
XRECORD
  5
10000131
102
{ACAD_REACTORS
330
10000130
102
}
330
10000130
100
AcDbXrecord
1000
KiBB
  0
XRECORD
  5
10000132
102
{ACAD_REACTORS
330
10000130
102
}
330
10000130
100
AcDbXrecord
1000
JHH
  0
XRECORD
  5
10000135
102
{ACAD_REACTORS
330
10000134
102
}
330
10000134
100
AcDbXrecord
1000
K7FS
  0
XRECORD
  5
10000136
102
{ACAD_REACTORS
330
10000134
102
}
330
10000134
100
AcDbXrecord
1000
JHH
  0
XRECORD
  5
1000013B
102
{ACAD_REACTORS
330
10000138
102
}
330
10000138
100
AcDbXrecord
 40
2.0
  0
XRECORD
  5
10000139
102
{ACAD_REACTORS
330
10000138
102
}
330
10000138
100
AcDbXrecord
1000
K79J
  0
XRECORD
  5
1000013A
102
{ACAD_REACTORS
330
10000138
102
}
330
10000138
100
AcDbXrecord
1000
RNBy
  0
XRECORD
  5
1000013C
102
{ACAD_REACTORS
330
10000138
102
}
330
10000138
100
AcDbXrecord
1000
JHH
  0
XRECORD
  5
1000013F
102
{ACAD_REACTORS
330
1000013E
102
}
330
1000013E
100
AcDbXrecord
1000
K79R
  0
XRECORD
  5
10000140
102
{ACAD_REACTORS
330
1000013E
102
}
330
1000013E
100
AcDbXrecord
1000
JHH
  0
XRECORD
  5
10000145
102
{ACAD_REACTORS
330
10000142
102
}
330
10000142
100
AcDbXrecord
 40
2.0
  0
XRECORD
  5
10000143
102
{ACAD_REACTORS
330
10000142
102
}
330
10000142
100
AcDbXrecord
1000
K7FJ
  0
XRECORD
  5
10000144
102
{ACAD_REACTORS
330
10000142
102
}
330
10000142
100
AcDbXrecord
1000
RNBy
  0
XRECORD
  5
10000146
102
{ACAD_REACTORS
330
10000142
102
}
330
10000142
100
AcDbXrecord
1000
JHH
  0
XRECORD
  5
10000149
102
{ACAD_REACTORS
330
10000148
102
}
330
10000148
100
AcDbXrecord
1000
K7ZS
  0
XRECORD
  5
1000014A
102
{ACAD_REACTORS
330
10000148
102
}
330
10000148
100
AcDbXrecord
1000
JHH
  0
XRECORD
  5
1000014F
102
{ACAD_REACTORS
330
1000014C
102
}
330
1000014C
100
AcDbXrecord
 40
2.0
  0
XRECORD
  5
1000014D
102
{ACAD_REACTORS
330
1000014C
102
}
330
1000014C
100
AcDbXrecord
1000
K7tH
  0
XRECORD
  5
1000014E
102
{ACAD_REACTORS
330
1000014C
102
}
330
1000014C
100
AcDbXrecord
1000
RNBy
  0
XRECORD
  5
10000150
102
{ACAD_REACTORS
330
1000014C
102
}
330
1000014C
100
AcDbXrecord
1000
JHH
  0
XRECORD
  5
10000153
102
{ACAD_REACTORS
330
10000152
102
}
330
10000152
100
AcDbXrecord
1000
K7NQ
  0
XRECORD
  5
10000154
102
{ACAD_REACTORS
330
10000152
102
}
330
10000152
100
AcDbXrecord
1000
JHH
  0
XRECORD
  5
10000157
102
{ACAD_REACTORS
330
10000156
102
}
330
10000156
100
AcDbXrecord
1000
K7VQ
  0
XRECORD
  5
10000158
102
{ACAD_REACTORS
330
10000156
102
}
330
10000156
100
AcDbXrecord
1000
JHH
  0
XRECORD
  5
1000015D
102
{ACAD_REACTORS
330
1000015A
102
}
330
1000015A
100
AcDbXrecord
 40
2.0
  0
XRECORD
  5
1000015B
102
{ACAD_REACTORS
330
1000015A
102
}
330
1000015A
100
AcDbXrecord
1000
K79H
  0
XRECORD
  5
1000015C
102
{ACAD_REACTORS
330
1000015A
102
}
330
1000015A
100
AcDbXrecord
1000
RNBy
  0
XRECORD
  5
1000015E
102
{ACAD_REACTORS
330
1000015A
102
}
330
1000015A
100
AcDbXrecord
1000
JHH
  0
XRECORD
  5
10000161
102
{ACAD_REACTORS
330
10000160
102
}
330
10000160
100
AcDbXrecord
1000
K7dQ
  0
XRECORD
  5
10000162
102
{ACAD_REACTORS
330
10000160
102
}
330
10000160
100
AcDbXrecord
1000
JHH
  0
XRECORD
  5
10000167
102
{ACAD_REACTORS
330
10000164
102
}
330
10000164
100
AcDbXrecord
 40
2.0
  0
XRECORD
  5
10000165
102
{ACAD_REACTORS
330
10000164
102
}
330
10000164
100
AcDbXrecord
1000
J7N
  0
XRECORD
  5
10000166
102
{ACAD_REACTORS
330
10000164
102
}
330
10000164
100
AcDbXrecord
1000
RNBy
  0
XRECORD
  5
10000168
102
{ACAD_REACTORS
330
10000164
102
}
330
10000164
100
AcDbXrecord
1000
JHH
  0
XRECORD
  5
1000016B
102
{ACAD_REACTORS
330
1000016A
102
}
330
1000016A
100
AcDbXrecord
1000
K7lK
  0
XRECORD
  5
1000016C
102
{ACAD_REACTORS
330
1000016A
102
}
330
1000016A
100
AcDbXrecord
1000
JHH
  0
XRECORD
  5
1000016F
102
{ACAD_REACTORS
330
1000016E
102
}
330
1000016E
100
AcDbXrecord
1000
KHNc
  0
XRECORD
  5
10000170
102
{ACAD_REACTORS
330
1000016E
102
}
330
1000016E
100
AcDbXrecord
1000
JHH
  0
XRECORD
  5
10000173
102
{ACAD_REACTORS
330
10000172
102
}
330
10000172
100
AcDbXrecord
1000
K7tK
  0
XRECORD
  5
10000174
102
{ACAD_REACTORS
330
10000172
102
}
330
10000172
100
AcDbXrecord
1000
JHH
  0
XRECORD
  5
10000179
102
{ACAD_REACTORS
330
10000176
102
}
330
10000176
100
AcDbXrecord
 40
2.0
  0
XRECORD
  5
10000177
102
{ACAD_REACTORS
330
10000176
102
}
330
10000176
100
AcDbXrecord
1000
J7d
  0
XRECORD
  5
10000178
102
{ACAD_REACTORS
330
10000176
102
}
330
10000176
100
AcDbXrecord
1000
RNBy
  0
XRECORD
  5
1000017A
102
{ACAD_REACTORS
330
10000176
102
}
330
10000176
100
AcDbXrecord
1000
JHH
  0
XRECORD
  5
1000017D
102
{ACAD_REACTORS
330
1000017C
102
}
330
1000017C
100
AcDbXrecord
1000
K71K
  0
XRECORD
  5
1000017E
102
{ACAD_REACTORS
330
1000017C
102
}
330
1000017C
100
AcDbXrecord
1000
JHH
  0
XRECORD
  5
10000183
102
{ACAD_REACTORS
330
10000180
102
}
330
10000180
100
AcDbXrecord
 40
2.0
  0
XRECORD
  5
10000181
102
{ACAD_REACTORS
330
10000180
102
}
330
10000180
100
AcDbXrecord
1000
J7t
  0
XRECORD
  5
10000182
102
{ACAD_REACTORS
330
10000180
102
}
330
10000180
100
AcDbXrecord
1000
RNBy
  0
XRECORD
  5
10000184
102
{ACAD_REACTORS
330
10000180
102
}
330
10000180
100
AcDbXrecord
1000
JHH
  0
XRECORD
  5
10000187
102
{ACAD_REACTORS
330
10000186
102
}
330
10000186
100
AcDbXrecord
1000
K79K
  0
XRECORD
  5
10000188
102
{ACAD_REACTORS
330
10000186
102
}
330
10000186
100
AcDbXrecord
1000
JHH
  0
XRECORD
  5
1000018B
102
{ACAD_REACTORS
330
1000018A
102
}
330
1000018A
100
AcDbXrecord
1000
KHtc
  0
XRECORD
  5
1000018C
102
{ACAD_REACTORS
330
1000018A
102
}
330
1000018A
100
AcDbXrecord
1000
JHH
  0
XRECORD
  5
1000018F
102
{ACAD_REACTORS
330
1000018E
102
}
330
1000018E
100
AcDbXrecord
1000
K7FL
  0
XRECORD
  5
10000190
102
{ACAD_REACTORS
330
1000018E
102
}
330
1000018E
100
AcDbXrecord
1000
JHH
  0
XRECORD
  5
10000195
102
{ACAD_REACTORS
330
10000192
102
}
330
10000192
100
AcDbXrecord
 40
2.0
  0
XRECORD
  5
10000193
102
{ACAD_REACTORS
330
10000192
102
}
330
10000192
100
AcDbXrecord
1000
J79
  0
XRECORD
  5
10000194
102
{ACAD_REACTORS
330
10000192
102
}
330
10000192
100
AcDbXrecord
1000
RNBy
  0
XRECORD
  5
10000196
102
{ACAD_REACTORS
330
10000192
102
}
330
10000192
100
AcDbXrecord
1000
JHH
  0
XRECORD
  5
10000199
102
{ACAD_REACTORS
330
10000198
102
}
330
10000198
100
AcDbXrecord
1000
K7NL
  0
XRECORD
  5
1000019A
102
{ACAD_REACTORS
330
10000198
102
}
330
10000198
100
AcDbXrecord
1000
JHH
  0
XRECORD
  5
1000019F
102
{ACAD_REACTORS
330
1000019C
102
}
330
1000019C
100
AcDbXrecord
 40
2.0
  0
XRECORD
  5
1000019D
102
{ACAD_REACTORS
330
1000019C
102
}
330
1000019C
100
AcDbXrecord
1000
K7NB
  0
XRECORD
  5
1000019E
102
{ACAD_REACTORS
330
1000019C
102
}
330
1000019C
100
AcDbXrecord
1000
RNBy
  0
XRECORD
  5
100001A0
102
{ACAD_REACTORS
330
1000019C
102
}
330
1000019C
100
AcDbXrecord
1000
JHH
  0
XRECORD
  5
100001A3
102
{ACAD_REACTORS
330
100001A2
102
}
330
100001A2
100
AcDbXrecord
1000
K7VL
  0
XRECORD
  5
100001A4
102
{ACAD_REACTORS
330
100001A2
102
}
330
100001A2
100
AcDbXrecord
1000
JHH
  0
XRECORD
  5
100001A7
102
{ACAD_REACTORS
330
100001A6
102
}
330
100001A6
100
AcDbXrecord
1000
KHNd
  0
XRECORD
  5
100001A8
102
{ACAD_REACTORS
330
100001A6
102
}
330
100001A6
100
AcDbXrecord
1000
JHH
  0
XRECORD
  5
100001AB
102
{ACAD_REACTORS
330
100001AA
102
}
330
100001AA
100
AcDbXrecord
1000
K7dL
  0
XRECORD
  5
100001AC
102
{ACAD_REACTORS
330
100001AA
102
}
330
100001AA
100
AcDbXrecord
1000
JHH
  0
XRECORD
  5
100001B1
102
{ACAD_REACTORS
330
100001AE
102
}
330
100001AE
100
AcDbXrecord
 40
2.0
  0
XRECORD
  5
100001AF
102
{ACAD_REACTORS
330
100001AE
102
}
330
100001AE
100
AcDbXrecord
1000
K7dB
  0
XRECORD
  5
100001B0
102
{ACAD_REACTORS
330
100001AE
102
}
330
100001AE
100
AcDbXrecord
1000
RNBy
  0
XRECORD
  5
100001B2
102
{ACAD_REACTORS
330
100001AE
102
}
330
100001AE
100
AcDbXrecord
1000
JHH
  0
XRECORD
  5
100001B5
102
{ACAD_REACTORS
330
100001B4
102
}
330
100001B4
100
AcDbXrecord
1000
K7lL
  0
XRECORD
  5
100001B6
102
{ACAD_REACTORS
330
100001B4
102
}
330
100001B4
100
AcDbXrecord
1000
JHH
  0
XRECORD
  5
100001BB
102
{ACAD_REACTORS
330
100001B8
102
}
330
100001B8
100
AcDbXrecord
 40
2.0
  0
XRECORD
  5
100001B9
102
{ACAD_REACTORS
330
100001B8
102
}
330
100001B8
100
AcDbXrecord
1000
K7tB
  0
XRECORD
  5
100001BA
102
{ACAD_REACTORS
330
100001B8
102
}
330
100001B8
100
AcDbXrecord
1000
RNBy
  0
XRECORD
  5
100001BC
102
{ACAD_REACTORS
330
100001B8
102
}
330
100001B8
100
AcDbXrecord
1000
JHH
  0
XRECORD
  5
100001BF
102
{ACAD_REACTORS
330
100001BE
102
}
330
100001BE
100
AcDbXrecord
1000
K7tL
  0
XRECORD
  5
100001C0
102
{ACAD_REACTORS
330
100001BE
102
}
330
100001BE
100
AcDbXrecord
1000
JHH
  0
XRECORD
  5
100001C3
102
{ACAD_REACTORS
330
100001C2
102
}
330
100001C2
100
AcDbXrecord
1000
KHtd
  0
XRECORD
  5
100001C4
102
{ACAD_REACTORS
330
100001C2
102
}
330
100001C2
100
AcDbXrecord
1000
JHH
  0
XRECORD
  5
100001C7
102
{ACAD_REACTORS
330
100001C6
102
}
330
100001C6
100
AcDbXrecord
1000
K71L
  0
XRECORD
  5
100001C8
102
{ACAD_REACTORS
330
100001C6
102
}
330
100001C6
100
AcDbXrecord
1000
JHH
  0
XRECORD
  5
100001CD
102
{ACAD_REACTORS
330
100001CA
102
}
330
100001CA
100
AcDbXrecord
 40
2.0
  0
XRECORD
  5
100001CB
102
{ACAD_REACTORS
330
100001CA
102
}
330
100001CA
100
AcDbXrecord
1000
K79B
  0
XRECORD
  5
100001CC
102
{ACAD_REACTORS
330
100001CA
102
}
330
100001CA
100
AcDbXrecord
1000
RNBy
  0
XRECORD
  5
100001CE
102
{ACAD_REACTORS
330
100001CA
102
}
330
100001CA
100
AcDbXrecord
1000
JHH
  0
XRECORD
  5
100001D1
102
{ACAD_REACTORS
330
100001D0
102
}
330
100001D0
100
AcDbXrecord
1000
K79L
  0
XRECORD
  5
100001D2
102
{ACAD_REACTORS
330
100001D0
102
}
330
100001D0
100
AcDbXrecord
1000
JHH
  0
XRECORD
  5
100001D7
102
{ACAD_REACTORS
330
100001D4
102
}
330
100001D4
100
AcDbXrecord
 40
2.0
  0
XRECORD
  5
100001D5
102
{ACAD_REACTORS
330
100001D4
102
}
330
100001D4
100
AcDbXrecord
1000
K7NC
  0
XRECORD
  5
100001D6
102
{ACAD_REACTORS
330
100001D4
102
}
330
100001D4
100
AcDbXrecord
1000
RNBy
  0
XRECORD
  5
100001D8
102
{ACAD_REACTORS
330
100001D4
102
}
330
100001D4
100
AcDbXrecord
1000
JHH
  0
XRECORD
  5
100001DB
102
{ACAD_REACTORS
330
100001DA
102
}
330
100001DA
100
AcDbXrecord
1000
K7FM
  0
XRECORD
  5
100001DC
102
{ACAD_REACTORS
330
100001DA
102
}
330
100001DA
100
AcDbXrecord
1000
JHH
  0
XRECORD
  5
100001DF
102
{ACAD_REACTORS
330
100001DE
102
}
330
100001DE
100
AcDbXrecord
1000
K79P
  0
XRECORD
  5
100001E0
102
{ACAD_REACTORS
330
100001DE
102
}
330
100001DE
100
AcDbXrecord
1000
JHH
  0
XRECORD
  5
100001E5
102
{ACAD_REACTORS
330
100001E2
102
}
330
100001E2
100
AcDbXrecord
 40
2.0
  0
XRECORD
  5
100001E3
102
{ACAD_REACTORS
330
100001E2
102
}
330
100001E2
100
AcDbXrecord
1000
K7dC
  0
XRECORD
  5
100001E4
102
{ACAD_REACTORS
330
100001E2
102
}
330
100001E2
100
AcDbXrecord
1000
RNBy
  0
XRECORD
  5
100001E6
102
{ACAD_REACTORS
330
100001E2
102
}
330
100001E2
100
AcDbXrecord
1000
JHH
  0
XRECORD
  5
100001E9
102
{ACAD_REACTORS
330
100001E8
102
}
330
100001E8
100
AcDbXrecord
1000
K7NM
  0
XRECORD
  5
100001EA
102
{ACAD_REACTORS
330
100001E8
102
}
330
100001E8
100
AcDbXrecord
1000
JHH
  0
XRECORD
  5
100001ED
102
{ACAD_REACTORS
330
100001EC
102
}
330
100001EC
100
AcDbXrecord
1000
K7VM
  0
XRECORD
  5
100001EE
102
{ACAD_REACTORS
330
100001EC
102
}
330
100001EC
100
AcDbXrecord
1000
JHH
  0
XRECORD
  5
100001F3
102
{ACAD_REACTORS
330
100001F0
102
}
330
100001F0
100
AcDbXrecord
 40
2.0
  0
XRECORD
  5
100001F1
102
{ACAD_REACTORS
330
100001F0
102
}
330
100001F0
100
AcDbXrecord
1000
K7tC
  0
XRECORD
  5
100001F2
102
{ACAD_REACTORS
330
100001F0
102
}
330
100001F0
100
AcDbXrecord
1000
RNBy
  0
XRECORD
  5
100001F4
102
{ACAD_REACTORS
330
100001F0
102
}
330
100001F0
100
AcDbXrecord
1000
JHH
  0
XRECORD
  5
100001F7
102
{ACAD_REACTORS
330
100001F6
102
}
330
100001F6
100
AcDbXrecord
1000
K7dM
  0
XRECORD
  5
100001F8
102
{ACAD_REACTORS
330
100001F6
102
}
330
100001F6
100
AcDbXrecord
1000
JHH
  0
XRECORD
  5
100001FD
102
{ACAD_REACTORS
330
100001FA
102
}
330
100001FA
100
AcDbXrecord
 40
2.0
  0
XRECORD
  5
100001FB
102
{ACAD_REACTORS
330
100001FA
102
}
330
100001FA
100
AcDbXrecord
1000
K79C
  0
XRECORD
  5
100001FC
102
{ACAD_REACTORS
330
100001FA
102
}
330
100001FA
100
AcDbXrecord
1000
RNBy
  0
XRECORD
  5
100001FE
102
{ACAD_REACTORS
330
100001FA
102
}
330
100001FA
100
AcDbXrecord
1000
JHH
  0
XRECORD
  5
10000201
102
{ACAD_REACTORS
330
10000200
102
}
330
10000200
100
AcDbXrecord
1000
K7lM
  0
XRECORD
  5
10000202
102
{ACAD_REACTORS
330
10000200
102
}
330
10000200
100
AcDbXrecord
1000
JHH
  0
XRECORD
  5
10000205
102
{ACAD_REACTORS
330
10000204
102
}
330
10000204
100
AcDbXrecord
1000
KHte
  0
XRECORD
  5
10000206
102
{ACAD_REACTORS
330
10000204
102
}
330
10000204
100
AcDbXrecord
1000
JHH
  0
XRECORD
  5
10000209
102
{ACAD_REACTORS
330
10000208
102
}
330
10000208
100
AcDbXrecord
1000
K7tM
  0
XRECORD
  5
1000020A
102
{ACAD_REACTORS
330
10000208
102
}
330
10000208
100
AcDbXrecord
1000
JHH
  0
XRECORD
  5
1000020F
102
{ACAD_REACTORS
330
1000020C
102
}
330
1000020C
100
AcDbXrecord
 40
2.0
  0
XRECORD
  5
1000020D
102
{ACAD_REACTORS
330
1000020C
102
}
330
1000020C
100
AcDbXrecord
1000
K7ND
  0
XRECORD
  5
1000020E
102
{ACAD_REACTORS
330
1000020C
102
}
330
1000020C
100
AcDbXrecord
1000
RNBy
  0
XRECORD
  5
10000210
102
{ACAD_REACTORS
330
1000020C
102
}
330
1000020C
100
AcDbXrecord
1000
JHH
  0
XRECORD
  5
10000213
102
{ACAD_REACTORS
330
10000212
102
}
330
10000212
100
AcDbXrecord
1000
K71M
  0
XRECORD
  5
10000214
102
{ACAD_REACTORS
330
10000212
102
}
330
10000212
100
AcDbXrecord
1000
JHH
  0
XRECORD
  5
10000219
102
{ACAD_REACTORS
330
10000216
102
}
330
10000216
100
AcDbXrecord
 40
2.0
  0
XRECORD
  5
10000217
102
{ACAD_REACTORS
330
10000216
102
}
330
10000216
100
AcDbXrecord
1000
K7dD
  0
XRECORD
  5
10000218
102
{ACAD_REACTORS
330
10000216
102
}
330
10000216
100
AcDbXrecord
1000
RNBy
  0
XRECORD
  5
1000021A
102
{ACAD_REACTORS
330
10000216
102
}
330
10000216
100
AcDbXrecord
1000
JHH
  0
XRECORD
  5
1000021D
102
{ACAD_REACTORS
330
1000021C
102
}
330
1000021C
100
AcDbXrecord
1000
K79M
  0
XRECORD
  5
1000021E
102
{ACAD_REACTORS
330
1000021C
102
}
330
1000021C
100
AcDbXrecord
1000
JHH
  0
XRECORD
  5
10000221
102
{ACAD_REACTORS
330
10000220
102
}
330
10000220
100
AcDbXrecord
1000
KHNf
  0
XRECORD
  5
10000222
102
{ACAD_REACTORS
330
10000220
102
}
330
10000220
100
AcDbXrecord
1000
JHH
  0
XRECORD
  5
10000225
102
{ACAD_REACTORS
330
10000224
102
}
330
10000224
100
AcDbXrecord
1000
K7FN
  0
XRECORD
  5
10000226
102
{ACAD_REACTORS
330
10000224
102
}
330
10000224
100
AcDbXrecord
1000
JHH
  0
XRECORD
  5
1000022B
102
{ACAD_REACTORS
330
10000228
102
}
330
10000228
100
AcDbXrecord
 40
2.0
  0
XRECORD
  5
10000229
102
{ACAD_REACTORS
330
10000228
102
}
330
10000228
100
AcDbXrecord
1000
K7tD
  0
XRECORD
  5
1000022A
102
{ACAD_REACTORS
330
10000228
102
}
330
10000228
100
AcDbXrecord
1000
RNBy
  0
XRECORD
  5
1000022C
102
{ACAD_REACTORS
330
10000228
102
}
330
10000228
100
AcDbXrecord
1000
JHH
  0
XRECORD
  5
1000022F
102
{ACAD_REACTORS
330
1000022E
102
}
330
1000022E
100
AcDbXrecord
1000
K7NN
  0
XRECORD
  5
10000230
102
{ACAD_REACTORS
330
1000022E
102
}
330
1000022E
100
AcDbXrecord
1000
JHH
  0
XRECORD
  5
10000235
102
{ACAD_REACTORS
330
10000232
102
}
330
10000232
100
AcDbXrecord
 40
2.0
  0
XRECORD
  5
10000233
102
{ACAD_REACTORS
330
10000232
102
}
330
10000232
100
AcDbXrecord
1000
K79D
  0
XRECORD
  5
10000234
102
{ACAD_REACTORS
330
10000232
102
}
330
10000232
100
AcDbXrecord
1000
RNBy
  0
XRECORD
  5
10000236
102
{ACAD_REACTORS
330
10000232
102
}
330
10000232
100
AcDbXrecord
1000
JHH
  0
XRECORD
  5
10000239
102
{ACAD_REACTORS
330
10000238
102
}
330
10000238
100
AcDbXrecord
1000
K7VN
  0
XRECORD
  5
1000023A
102
{ACAD_REACTORS
330
10000238
102
}
330
10000238
100
AcDbXrecord
1000
JHH
  0
XRECORD
  5
1000023D
102
{ACAD_REACTORS
330
1000023C
102
}
330
1000023C
100
AcDbXrecord
1000
KHtf
  0
XRECORD
  5
1000023E
102
{ACAD_REACTORS
330
1000023C
102
}
330
1000023C
100
AcDbXrecord
1000
JHH
  0
XRECORD
  5
10000241
102
{ACAD_REACTORS
330
10000240
102
}
330
10000240
100
AcDbXrecord
1000
K7dN
  0
XRECORD
  5
10000242
102
{ACAD_REACTORS
330
10000240
102
}
330
10000240
100
AcDbXrecord
1000
JHH
  0
XRECORD
  5
10000247
102
{ACAD_REACTORS
330
10000244
102
}
330
10000244
100
AcDbXrecord
 40
2.0
  0
XRECORD
  5
10000245
102
{ACAD_REACTORS
330
10000244
102
}
330
10000244
100
AcDbXrecord
1000
K7NE
  0
XRECORD
  5
10000246
102
{ACAD_REACTORS
330
10000244
102
}
330
10000244
100
AcDbXrecord
1000
RNBy
  0
XRECORD
  5
10000248
102
{ACAD_REACTORS
330
10000244
102
}
330
10000244
100
AcDbXrecord
1000
JHH
  0
XRECORD
  5
1000024B
102
{ACAD_REACTORS
330
1000024A
102
}
330
1000024A
100
AcDbXrecord
1000
K7lN
  0
XRECORD
  5
1000024C
102
{ACAD_REACTORS
330
1000024A
102
}
330
1000024A
100
AcDbXrecord
1000
JHH
  0
XRECORD
  5
10000251
102
{ACAD_REACTORS
330
1000024E
102
}
330
1000024E
100
AcDbXrecord
 40
2.0
  0
XRECORD
  5
1000024F
102
{ACAD_REACTORS
330
1000024E
102
}
330
1000024E
100
AcDbXrecord
1000
K7dE
  0
XRECORD
  5
10000250
102
{ACAD_REACTORS
330
1000024E
102
}
330
1000024E
100
AcDbXrecord
1000
RNBy
  0
XRECORD
  5
10000252
102
{ACAD_REACTORS
330
1000024E
102
}
330
1000024E
100
AcDbXrecord
1000
JHH
  0
XRECORD
  5
10000255
102
{ACAD_REACTORS
330
10000254
102
}
330
10000254
100
AcDbXrecord
1000
K7tN
  0
XRECORD
  5
10000256
102
{ACAD_REACTORS
330
10000254
102
}
330
10000254
100
AcDbXrecord
1000
JHH
  0
XRECORD
  5
10000259
102
{ACAD_REACTORS
330
10000258
102
}
330
10000258
100
AcDbXrecord
1000
KHNg
  0
XRECORD
  5
1000025A
102
{ACAD_REACTORS
330
10000258
102
}
330
10000258
100
AcDbXrecord
1000
JHH
  0
XRECORD
  5
1000025D
102
{ACAD_REACTORS
330
1000025C
102
}
330
1000025C
100
AcDbXrecord
1000
K71N
  0
XRECORD
  5
1000025E
102
{ACAD_REACTORS
330
1000025C
102
}
330
1000025C
100
AcDbXrecord
1000
JHH
  0
XRECORD
  5
10000263
102
{ACAD_REACTORS
330
10000260
102
}
330
10000260
100
AcDbXrecord
 40
2.0
  0
XRECORD
  5
10000261
102
{ACAD_REACTORS
330
10000260
102
}
330
10000260
100
AcDbXrecord
1000
K7tE
  0
XRECORD
  5
10000262
102
{ACAD_REACTORS
330
10000260
102
}
330
10000260
100
AcDbXrecord
1000
RNBy
  0
XRECORD
  5
10000264
102
{ACAD_REACTORS
330
10000260
102
}
330
10000260
100
AcDbXrecord
1000
JHH
  0
XRECORD
  5
10000267
102
{ACAD_REACTORS
330
10000266
102
}
330
10000266
100
AcDbXrecord
1000
K79N
  0
XRECORD
  5
10000268
102
{ACAD_REACTORS
330
10000266
102
}
330
10000266
100
AcDbXrecord
1000
JHH
  0
XRECORD
  5
1000026D
102
{ACAD_REACTORS
330
1000026A
102
}
330
1000026A
100
AcDbXrecord
 40
2.0
  0
XRECORD
  5
1000026B
102
{ACAD_REACTORS
330
1000026A
102
}
330
1000026A
100
AcDbXrecord
1000
K79E
  0
XRECORD
  5
1000026C
102
{ACAD_REACTORS
330
1000026A
102
}
330
1000026A
100
AcDbXrecord
1000
RNBy
  0
XRECORD
  5
1000026E
102
{ACAD_REACTORS
330
1000026A
102
}
330
1000026A
100
AcDbXrecord
1000
JHH
  0
XRECORD
  5
10000271
102
{ACAD_REACTORS
330
10000270
102
}
330
10000270
100
AcDbXrecord
1000
K7FO
  0
XRECORD
  5
10000272
102
{ACAD_REACTORS
330
10000270
102
}
330
10000270
100
AcDbXrecord
1000
JHH
  0
XRECORD
  5
10000275
102
{ACAD_REACTORS
330
10000274
102
}
330
10000274
100
AcDbXrecord
1000
K7NO
  0
XRECORD
  5
10000276
102
{ACAD_REACTORS
330
10000274
102
}
330
10000274
100
AcDbXrecord
1000
JHH
  0
XRECORD
  5
1000027B
102
{ACAD_REACTORS
330
10000278
102
}
330
10000278
100
AcDbXrecord
 40
2.0
  0
XRECORD
  5
10000279
102
{ACAD_REACTORS
330
10000278
102
}
330
10000278
100
AcDbXrecord
1000
K7NF
  0
XRECORD
  5
1000027A
102
{ACAD_REACTORS
330
10000278
102
}
330
10000278
100
AcDbXrecord
1000
RNBy
  0
XRECORD
  5
1000027C
102
{ACAD_REACTORS
330
10000278
102
}
330
10000278
100
AcDbXrecord
1000
JHH
  0
XRECORD
  5
1000027F
102
{ACAD_REACTORS
330
1000027E
102
}
330
1000027E
100
AcDbXrecord
1000
K7FQ
  0
XRECORD
  5
10000280
102
{ACAD_REACTORS
330
1000027E
102
}
330
1000027E
100
AcDbXrecord
1000
JHH
  0
XRECORD
  5
10000283
102
{ACAD_REACTORS
330
10000282
102
}
330
10000282
100
AcDbXrecord
1000
K7VO
  0
XRECORD
  5
10000284
102
{ACAD_REACTORS
330
10000282
102
}
330
10000282
100
AcDbXrecord
1000
JHH
  0
XRECORD
  5
10000289
102
{ACAD_REACTORS
330
10000286
102
}
330
10000286
100
AcDbXrecord
 40
2.0
  0
XRECORD
  5
10000287
102
{ACAD_REACTORS
330
10000286
102
}
330
10000286
100
AcDbXrecord
1000
K7dF
  0
XRECORD
  5
10000288
102
{ACAD_REACTORS
330
10000286
102
}
330
10000286
100
AcDbXrecord
1000
RNBy
  0
XRECORD
  5
1000028A
102
{ACAD_REACTORS
330
10000286
102
}
330
10000286
100
AcDbXrecord
1000
JHH
  0
XRECORD
  5
1000028D
102
{ACAD_REACTORS
330
1000028C
102
}
330
1000028C
100
AcDbXrecord
1000
K7dO
  0
XRECORD
  5
1000028E
102
{ACAD_REACTORS
330
1000028C
102
}
330
1000028C
100
AcDbXrecord
1000
JHH
  0
XRECORD
  5
10000293
102
{ACAD_REACTORS
330
10000290
102
}
330
10000290
100
AcDbXrecord
 40
2.0
  0
XRECORD
  5
10000291
102
{ACAD_REACTORS
330
10000290
102
}
330
10000290
100
AcDbXrecord
1000
K7tF
  0
XRECORD
  5
10000292
102
{ACAD_REACTORS
330
10000290
102
}
330
10000290
100
AcDbXrecord
1000
RNBy
  0
XRECORD
  5
10000294
102
{ACAD_REACTORS
330
10000290
102
}
330
10000290
100
AcDbXrecord
1000
JHH
  0
XRECORD
  5
10000297
102
{ACAD_REACTORS
330
10000296
102
}
330
10000296
100
AcDbXrecord
1000
K7lO
  0
XRECORD
  5
10000298
102
{ACAD_REACTORS
330
10000296
102
}
330
10000296
100
AcDbXrecord
1000
JHH
  0
XRECORD
  5
1000029B
102
{ACAD_REACTORS
330
1000029A
102
}
330
1000029A
100
AcDbXrecord
1000
KHNh
  0
XRECORD
  5
1000029C
102
{ACAD_REACTORS
330
1000029A
102
}
330
1000029A
100
AcDbXrecord
1000
JHH
  0
XRECORD
  5
1000029F
102
{ACAD_REACTORS
330
1000029E
102
}
330
1000029E
100
AcDbXrecord
1000
K7tO
  0
XRECORD
  5
100002A0
102
{ACAD_REACTORS
330
1000029E
102
}
330
1000029E
100
AcDbXrecord
1000
JHH
  0
XRECORD
  5
100002A5
102
{ACAD_REACTORS
330
100002A2
102
}
330
100002A2
100
AcDbXrecord
 40
2.0
  0
XRECORD
  5
100002A3
102
{ACAD_REACTORS
330
100002A2
102
}
330
100002A2
100
AcDbXrecord
1000
K79F
  0
XRECORD
  5
100002A4
102
{ACAD_REACTORS
330
100002A2
102
}
330
100002A2
100
AcDbXrecord
1000
RNBy
  0
XRECORD
  5
100002A6
102
{ACAD_REACTORS
330
100002A2
102
}
330
100002A2
100
AcDbXrecord
1000
JHH
  0
XRECORD
  5
100002A9
102
{ACAD_REACTORS
330
100002A8
102
}
330
100002A8
100
AcDbXrecord
1000
K71O
  0
XRECORD
  5
100002AA
102
{ACAD_REACTORS
330
100002A8
102
}
330
100002A8
100
AcDbXrecord
1000
JHH
  0
XRECORD
  5
100002AF
102
{ACAD_REACTORS
330
100002AC
102
}
330
100002AC
100
AcDbXrecord
 40
2.0
  0
XRECORD
  5
100002AD
102
{ACAD_REACTORS
330
100002AC
102
}
330
100002AC
100
AcDbXrecord
1000
K7NG
  0
XRECORD
  5
100002AE
102
{ACAD_REACTORS
330
100002AC
102
}
330
100002AC
100
AcDbXrecord
1000
RNBy
  0
XRECORD
  5
100002B0
102
{ACAD_REACTORS
330
100002AC
102
}
330
100002AC
100
AcDbXrecord
1000
JHH
  0
XRECORD
  5
100002B3
102
{ACAD_REACTORS
330
100002B2
102
}
330
100002B2
100
AcDbXrecord
1000
K79O
  0
XRECORD
  5
100002B4
102
{ACAD_REACTORS
330
100002B2
102
}
330
100002B2
100
AcDbXrecord
1000
JHH
  0
XRECORD
  5
100002B7
102
{ACAD_REACTORS
330
100002B6
102
}
330
100002B6
100
AcDbXrecord
1000
KHth
  0
XRECORD
  5
100002B8
102
{ACAD_REACTORS
330
100002B6
102
}
330
100002B6
100
AcDbXrecord
1000
JHH
  0
XRECORD
  5
100002BB
102
{ACAD_REACTORS
330
100002BA
102
}
330
100002BA
100
AcDbXrecord
1000
K7FP
  0
XRECORD
  5
100002BC
102
{ACAD_REACTORS
330
100002BA
102
}
330
100002BA
100
AcDbXrecord
1000
JHH
  0
XRECORD
  5
100002C1
102
{ACAD_REACTORS
330
100002BE
102
}
330
100002BE
100
AcDbXrecord
 40
2.0
  0
XRECORD
  5
100002BF
102
{ACAD_REACTORS
330
100002BE
102
}
330
100002BE
100
AcDbXrecord
1000
K7dG
  0
XRECORD
  5
100002C0
102
{ACAD_REACTORS
330
100002BE
102
}
330
100002BE
100
AcDbXrecord
1000
RNBy
  0
XRECORD
  5
100002C2
102
{ACAD_REACTORS
330
100002BE
102
}
330
100002BE
100
AcDbXrecord
1000
JHH
  0
XRECORD
  5
100002C5
102
{ACAD_REACTORS
330
100002C4
102
}
330
100002C4
100
AcDbXrecord
1000
K7NP
  0
XRECORD
  5
100002C6
102
{ACAD_REACTORS
330
100002C4
102
}
330
100002C4
100
AcDbXrecord
1000
JHH
  0
XRECORD
  5
100002CB
102
{ACAD_REACTORS
330
100002C8
102
}
330
100002C8
100
AcDbXrecord
 40
2.0
  0
XRECORD
  5
100002C9
102
{ACAD_REACTORS
330
100002C8
102
}
330
100002C8
100
AcDbXrecord
1000
K7tG
  0
XRECORD
  5
100002CA
102
{ACAD_REACTORS
330
100002C8
102
}
330
100002C8
100
AcDbXrecord
1000
RNBy
  0
XRECORD
  5
100002CC
102
{ACAD_REACTORS
330
100002C8
102
}
330
100002C8
100
AcDbXrecord
1000
JHH
  0
XRECORD
  5
100002CF
102
{ACAD_REACTORS
330
100002CE
102
}
330
100002CE
100
AcDbXrecord
1000
K7VP
  0
XRECORD
  5
100002D0
102
{ACAD_REACTORS
330
100002CE
102
}
330
100002CE
100
AcDbXrecord
1000
JHH
  0
XRECORD
  5
100002D3
102
{ACAD_REACTORS
330
100002D2
102
}
330
100002D2
100
AcDbXrecord
1000
KHNi
  0
XRECORD
  5
100002D4
102
{ACAD_REACTORS
330
100002D2
102
}
330
100002D2
100
AcDbXrecord
1000
JHH
  0
XRECORD
  5
100002D7
102
{ACAD_REACTORS
330
100002D6
102
}
330
100002D6
100
AcDbXrecord
1000
K7dP
  0
XRECORD
  5
100002D8
102
{ACAD_REACTORS
330
100002D6
102
}
330
100002D6
100
AcDbXrecord
1000
JHH
  0
XRECORD
  5
100002DD
102
{ACAD_REACTORS
330
100002DA
102
}
330
100002DA
100
AcDbXrecord
 40
2.0
  0
XRECORD
  5
100002DB
102
{ACAD_REACTORS
330
100002DA
102
}
330
100002DA
100
AcDbXrecord
1000
K79G
  0
XRECORD
  5
100002DC
102
{ACAD_REACTORS
330
100002DA
102
}
330
100002DA
100
AcDbXrecord
1000
RNBy
  0
XRECORD
  5
100002DE
102
{ACAD_REACTORS
330
100002DA
102
}
330
100002DA
100
AcDbXrecord
1000
JHH
  0
XRECORD
  5
100002E1
102
{ACAD_REACTORS
330
100002E0
102
}
330
100002E0
100
AcDbXrecord
1000
K7lP
  0
XRECORD
  5
100002E2
102
{ACAD_REACTORS
330
100002E0
102
}
330
100002E0
100
AcDbXrecord
1000
JHH
  0
XRECORD
  5
100002E7
102
{ACAD_REACTORS
330
100002E4
102
}
330
100002E4
100
AcDbXrecord
 40
2.0
  0
XRECORD
  5
100002E5
102
{ACAD_REACTORS
330
100002E4
102
}
330
100002E4
100
AcDbXrecord
1000
K7NH
  0
XRECORD
  5
100002E6
102
{ACAD_REACTORS
330
100002E4
102
}
330
100002E4
100
AcDbXrecord
1000
RNBy
  0
XRECORD
  5
100002E8
102
{ACAD_REACTORS
330
100002E4
102
}
330
100002E4
100
AcDbXrecord
1000
JHH
  0
XRECORD
  5
100002EB
102
{ACAD_REACTORS
330
100002EA
102
}
330
100002EA
100
AcDbXrecord
1000
K7tP
  0
XRECORD
  5
100002EC
102
{ACAD_REACTORS
330
100002EA
102
}
330
100002EA
100
AcDbXrecord
1000
JHH
  0
XRECORD
  5
100002EF
102
{ACAD_REACTORS
330
100002EE
102
}
330
100002EE
100
AcDbXrecord
1000
KHti
  0
XRECORD
  5
100002F0
102
{ACAD_REACTORS
330
100002EE
102
}
330
100002EE
100
AcDbXrecord
1000
JHH
  0
XRECORD
  5
100002F3
102
{ACAD_REACTORS
330
100002F2
102
}
330
100002F2
100
AcDbXrecord
1000
K71P
  0
XRECORD
  5
100002F4
102
{ACAD_REACTORS
330
100002F2
102
}
330
100002F2
100
AcDbXrecord
1000
JHH
  0
XRECORD
  5
100002F9
102
{ACAD_REACTORS
330
100002F6
102
}
330
100002F6
100
AcDbXrecord
 40
2.0
  0
XRECORD
  5
100002F7
102
{ACAD_REACTORS
330
100002F6
102
}
330
100002F6
100
AcDbXrecord
1000
K7dH
  0
XRECORD
  5
100002F8
102
{ACAD_REACTORS
330
100002F6
102
}
330
100002F6
100
AcDbXrecord
1000
RNBy
  0
XRECORD
  5
100002FA
102
{ACAD_REACTORS
330
100002F6
102
}
330
100002F6
100
AcDbXrecord
1000
JHH
  0
XRECORD
  5
100002FD
102
{ACAD_REACTORS
330
100002FC
102
}
330
100002FC
100
AcDbXrecord
1000
K71Q
  0
XRECORD
  5
100002FE
102
{ACAD_REACTORS
330
100002FC
102
}
330
100002FC
100
AcDbXrecord
1000
JHH
  0
XRECORD
  5
10000303
102
{ACAD_REACTORS
330
10000300
102
}
330
10000300
100
AcDbXrecord
 40
2.0
  0
XRECORD
  5
10000301
102
{ACAD_REACTORS
330
10000300
102
}
330
10000300
100
AcDbXrecord
1000
K7dI
  0
XRECORD
  5
10000302
102
{ACAD_REACTORS
330
10000300
102
}
330
10000300
100
AcDbXrecord
1000
RNBy
  0
XRECORD
  5
10000304
102
{ACAD_REACTORS
330
10000300
102
}
330
10000300
100
AcDbXrecord
1000
JHH
  0
XRECORD
  5
10000307
102
{ACAD_REACTORS
330
10000306
102
}
330
10000306
100
AcDbXrecord
1000
K7tQ
  0
XRECORD
  5
10000308
102
{ACAD_REACTORS
330
10000306
102
}
330
10000306
100
AcDbXrecord
1000
JHH
  0
XRECORD
  5
1000030B
102
{ACAD_REACTORS
330
1000030A
102
}
330
1000030A
100
AcDbXrecord
1000
Ko5B
  0
XRECORD
  5
1000030C
102
{ACAD_REACTORS
330
1000030A
102
}
330
1000030A
100
AcDbXrecord
1000
JHH
  0
XRECORD
  5
10000311
102
{ACAD_REACTORS
330
1000030E
102
}
330
1000030E
100
AcDbXrecord
 40
3.0
  0
XRECORD
  5
1000030F
102
{ACAD_REACTORS
330
1000030E
102
}
330
1000030E
100
AcDbXrecord
1000
JoN
  0
XRECORD
  5
10000310
102
{ACAD_REACTORS
330
1000030E
102
}
330
1000030E
100
AcDbXrecord
1000
RNBy
  0
XRECORD
  5
10000312
102
{ACAD_REACTORS
330
1000030E
102
}
330
1000030E
100
AcDbXrecord
1000
JHH
  0
XRECORD
  5
10000315
102
{ACAD_REACTORS
330
10000314
102
}
330
10000314
100
AcDbXrecord
1000
KoNC
  0
XRECORD
  5
10000316
102
{ACAD_REACTORS
330
10000314
102
}
330
10000314
100
AcDbXrecord
1000
JHH
  0
XRECORD
  5
1000031B
102
{ACAD_REACTORS
330
10000318
102
}
330
10000318
100
AcDbXrecord
 40
3.0
  0
XRECORD
  5
10000319
102
{ACAD_REACTORS
330
10000318
102
}
330
10000318
100
AcDbXrecord
1000
KodB
  0
XRECORD
  5
1000031A
102
{ACAD_REACTORS
330
10000318
102
}
330
10000318
100
AcDbXrecord
1000
RNBy
  0
XRECORD
  5
1000031C
102
{ACAD_REACTORS
330
10000318
102
}
330
10000318
100
AcDbXrecord
1000
JHH
  0
XRECORD
  5
1000031F
102
{ACAD_REACTORS
330
1000031E
102
}
330
1000031E
100
AcDbXrecord
1000
KoJC
  0
XRECORD
  5
10000320
102
{ACAD_REACTORS
330
1000031E
102
}
330
1000031E
100
AcDbXrecord
1000
JHH
  0
XRECORD
  5
10000325
102
{ACAD_REACTORS
330
10000322
102
}
330
10000322
100
AcDbXrecord
 40
3.0
  0
XRECORD
  5
10000323
102
{ACAD_REACTORS
330
10000322
102
}
330
10000322
100
AcDbXrecord
1000
KoNB
  0
XRECORD
  5
10000324
102
{ACAD_REACTORS
330
10000322
102
}
330
10000322
100
AcDbXrecord
1000
RNBy
  0
XRECORD
  5
10000326
102
{ACAD_REACTORS
330
10000322
102
}
330
10000322
100
AcDbXrecord
1000
JHH
  0
XRECORD
  5
10000329
102
{ACAD_REACTORS
330
10000328
102
}
330
10000328
100
AcDbXrecord
1000
KoFC
  0
XRECORD
  5
1000032A
102
{ACAD_REACTORS
330
10000328
102
}
330
10000328
100
AcDbXrecord
1000
JHH
  0
XRECORD
  5
1000032F
102
{ACAD_REACTORS
330
1000032C
102
}
330
1000032C
100
AcDbXrecord
 40
3.0
  0
XRECORD
  5
1000032D
102
{ACAD_REACTORS
330
1000032C
102
}
330
1000032C
100
AcDbXrecord
1000
Jo9
  0
XRECORD
  5
1000032E
102
{ACAD_REACTORS
330
1000032C
102
}
330
1000032C
100
AcDbXrecord
1000
RNBy
  0
XRECORD
  5
10000330
102
{ACAD_REACTORS
330
1000032C
102
}
330
1000032C
100
AcDbXrecord
1000
JHH
  0
XRECORD
  5
10000333
102
{ACAD_REACTORS
330
10000332
102
}
330
10000332
100
AcDbXrecord
1000
KoBC
  0
XRECORD
  5
10000334
102
{ACAD_REACTORS
330
10000332
102
}
330
10000332
100
AcDbXrecord
1000
JHH
  0
XRECORD
  5
10000339
102
{ACAD_REACTORS
330
10000336
102
}
330
10000336
100
AcDbXrecord
 40
3.0
  0
XRECORD
  5
10000337
102
{ACAD_REACTORS
330
10000336
102
}
330
10000336
100
AcDbXrecord
1000
Jot
  0
XRECORD
  5
10000338
102
{ACAD_REACTORS
330
10000336
102
}
330
10000336
100
AcDbXrecord
1000
RNBy
  0
XRECORD
  5
1000033A
102
{ACAD_REACTORS
330
10000336
102
}
330
10000336
100
AcDbXrecord
1000
JHH
  0
XRECORD
  5
1000033D
102
{ACAD_REACTORS
330
1000033C
102
}
330
1000033C
100
AcDbXrecord
1000
Ko9B
  0
XRECORD
  5
1000033E
102
{ACAD_REACTORS
330
1000033C
102
}
330
1000033C
100
AcDbXrecord
1000
JHH
  0
XRECORD
  5
10000343
102
{ACAD_REACTORS
330
10000340
102
}
330
10000340
100
AcDbXrecord
 40
3.0
  0
XRECORD
  5
10000341
102
{ACAD_REACTORS
330
10000340
102
}
330
10000340
100
AcDbXrecord
1000
Jod
  0
XRECORD
  5
10000342
102
{ACAD_REACTORS
330
10000340
102
}
330
10000340
100
AcDbXrecord
1000
RNBy
  0
XRECORD
  5
10000344
102
{ACAD_REACTORS
330
10000340
102
}
330
10000340
100
AcDbXrecord
1000
JHH
  0
XRECORD
  5
10000347
102
{ACAD_REACTORS
330
10000346
102
}
330
10000346
100
AcDbXrecord
1000
KoJE
  0
XRECORD
  5
10000348
102
{ACAD_REACTORS
330
10000346
102
}
330
10000346
100
AcDbXrecord
1000
JHH
  0
XRECORD
  5
1000034D
102
{ACAD_REACTORS
330
1000034A
102
}
330
1000034A
100
AcDbXrecord
 40
3.0
  0
XRECORD
  5
1000034B
102
{ACAD_REACTORS
330
1000034A
102
}
330
1000034A
100
AcDbXrecord
1000
KodC
  0
XRECORD
  5
1000034C
102
{ACAD_REACTORS
330
1000034A
102
}
330
1000034A
100
AcDbXrecord
1000
RNBy
  0
XRECORD
  5
1000034E
102
{ACAD_REACTORS
330
1000034A
102
}
330
1000034A
100
AcDbXrecord
1000
JHH
  0
XRECORD
  5
10000351
102
{ACAD_REACTORS
330
10000350
102
}
330
10000350
100
AcDbXrecord
1000
KodE
  0
XRECORD
  5
10000352
102
{ACAD_REACTORS
330
10000350
102
}
330
10000350
100
AcDbXrecord
1000
JHH
  0
XRECORD
  5
10000357
102
{ACAD_REACTORS
330
10000354
102
}
330
10000354
100
AcDbXrecord
 40
3.0
  0
XRECORD
  5
10000355
102
{ACAD_REACTORS
330
10000354
102
}
330
10000354
100
AcDbXrecord
1000
KotD
  0
XRECORD
  5
10000356
102
{ACAD_REACTORS
330
10000354
102
}
330
10000354
100
AcDbXrecord
1000
RNBy
  0
XRECORD
  5
10000358
102
{ACAD_REACTORS
330
10000354
102
}
330
10000354
100
AcDbXrecord
1000
JHH
  0
XRECORD
  5
1000035B
102
{ACAD_REACTORS
330
1000035A
102
}
330
1000035A
100
AcDbXrecord
1000
KoZE
  0
XRECORD
  5
1000035C
102
{ACAD_REACTORS
330
1000035A
102
}
330
1000035A
100
AcDbXrecord
1000
JHH
  0
XRECORD
  5
10000361
102
{ACAD_REACTORS
330
1000035E
102
}
330
1000035E
100
AcDbXrecord
 40
3.0
  0
XRECORD
  5
1000035F
102
{ACAD_REACTORS
330
1000035E
102
}
330
1000035E
100
AcDbXrecord
1000
KodD
  0
XRECORD
  5
10000360
102
{ACAD_REACTORS
330
1000035E
102
}
330
1000035E
100
AcDbXrecord
1000
RNBy
  0
XRECORD
  5
10000362
102
{ACAD_REACTORS
330
1000035E
102
}
330
1000035E
100
AcDbXrecord
1000
JHH
  0
XRECORD
  5
10000365
102
{ACAD_REACTORS
330
10000364
102
}
330
10000364
100
AcDbXrecord
1000
KoVE
  0
XRECORD
  5
10000366
102
{ACAD_REACTORS
330
10000364
102
}
330
10000364
100
AcDbXrecord
1000
JHH
  0
XRECORD
  5
1000036B
102
{ACAD_REACTORS
330
10000368
102
}
330
10000368
100
AcDbXrecord
 40
3.0
  0
XRECORD
  5
10000369
102
{ACAD_REACTORS
330
10000368
102
}
330
10000368
100
AcDbXrecord
1000
KoND
  0
XRECORD
  5
1000036A
102
{ACAD_REACTORS
330
10000368
102
}
330
10000368
100
AcDbXrecord
1000
RNBy
  0
XRECORD
  5
1000036C
102
{ACAD_REACTORS
330
10000368
102
}
330
10000368
100
AcDbXrecord
1000
JHH
  0
XRECORD
  5
1000036F
102
{ACAD_REACTORS
330
1000036E
102
}
330
1000036E
100
AcDbXrecord
1000
KoRE
  0
XRECORD
  5
10000370
102
{ACAD_REACTORS
330
1000036E
102
}
330
1000036E
100
AcDbXrecord
1000
JHH
  0
XRECORD
  5
10000375
102
{ACAD_REACTORS
330
10000372
102
}
330
10000372
100
AcDbXrecord
 40
3.0
  0
XRECORD
  5
10000373
102
{ACAD_REACTORS
330
10000372
102
}
330
10000372
100
AcDbXrecord
1000
Ko9C
  0
XRECORD
  5
10000374
102
{ACAD_REACTORS
330
10000372
102
}
330
10000372
100
AcDbXrecord
1000
RNBy
  0
XRECORD
  5
10000376
102
{ACAD_REACTORS
330
10000372
102
}
330
10000372
100
AcDbXrecord
1000
JHH
  0
XRECORD
  5
10000379
102
{ACAD_REACTORS
330
10000378
102
}
330
10000378
100
AcDbXrecord
1000
KoNE
  0
XRECORD
  5
1000037A
102
{ACAD_REACTORS
330
10000378
102
}
330
10000378
100
AcDbXrecord
1000
JHH
  0
XRECORD
  5
1000037F
102
{ACAD_REACTORS
330
1000037C
102
}
330
1000037C
100
AcDbXrecord
 40
3.0
  0
XRECORD
  5
1000037D
102
{ACAD_REACTORS
330
1000037C
102
}
330
1000037C
100
AcDbXrecord
1000
KotC
  0
XRECORD
  5
1000037E
102
{ACAD_REACTORS
330
1000037C
102
}
330
1000037C
100
AcDbXrecord
1000
RNBy
  0
XRECORD
  5
10000380
102
{ACAD_REACTORS
330
1000037C
102
}
330
1000037C
100
AcDbXrecord
1000
JHH
  0
XRECORD
  5
10000383
102
{ACAD_REACTORS
330
10000382
102
}
330
10000382
100
AcDbXrecord
1000
KoZG
  0
XRECORD
  5
10000384
102
{ACAD_REACTORS
330
10000382
102
}
330
10000382
100
AcDbXrecord
1000
JHH
  0
XRECORD
  5
10000389
102
{ACAD_REACTORS
330
10000386
102
}
330
10000386
100
AcDbXrecord
 40
3.0
  0
XRECORD
  5
10000387
102
{ACAD_REACTORS
330
10000386
102
}
330
10000386
100
AcDbXrecord
1000
KotE
  0
XRECORD
  5
10000388
102
{ACAD_REACTORS
330
10000386
102
}
330
10000386
100
AcDbXrecord
1000
RNBy
  0
XRECORD
  5
1000038A
102
{ACAD_REACTORS
330
10000386
102
}
330
10000386
100
AcDbXrecord
1000
JHH
  0
XRECORD
  5
1000038D
102
{ACAD_REACTORS
330
1000038C
102
}
330
1000038C
100
AcDbXrecord
1000
KotG
  0
XRECORD
  5
1000038E
102
{ACAD_REACTORS
330
1000038C
102
}
330
1000038C
100
AcDbXrecord
1000
JHH
  0
XRECORD
  5
10000393
102
{ACAD_REACTORS
330
10000390
102
}
330
10000390
100
AcDbXrecord
 40
3.0
  0
XRECORD
  5
10000391
102
{ACAD_REACTORS
330
10000390
102
}
330
10000390
100
AcDbXrecord
1000
Ko9F
  0
XRECORD
  5
10000392
102
{ACAD_REACTORS
330
10000390
102
}
330
10000390
100
AcDbXrecord
1000
RNBy
  0
XRECORD
  5
10000394
102
{ACAD_REACTORS
330
10000390
102
}
330
10000390
100
AcDbXrecord
1000
JHH
  0
XRECORD
  5
10000397
102
{ACAD_REACTORS
330
10000396
102
}
330
10000396
100
AcDbXrecord
1000
KopG
  0
XRECORD
  5
10000398
102
{ACAD_REACTORS
330
10000396
102
}
330
10000396
100
AcDbXrecord
1000
JHH
  0
XRECORD
  5
1000039D
102
{ACAD_REACTORS
330
1000039A
102
}
330
1000039A
100
AcDbXrecord
 40
3.0
  0
XRECORD
  5
1000039B
102
{ACAD_REACTORS
330
1000039A
102
}
330
1000039A
100
AcDbXrecord
1000
KotF
  0
XRECORD
  5
1000039C
102
{ACAD_REACTORS
330
1000039A
102
}
330
1000039A
100
AcDbXrecord
1000
RNBy
  0
XRECORD
  5
1000039E
102
{ACAD_REACTORS
330
1000039A
102
}
330
1000039A
100
AcDbXrecord
1000
JHH
  0
XRECORD
  5
100003A1
102
{ACAD_REACTORS
330
100003A0
102
}
330
100003A0
100
AcDbXrecord
1000
KolG
  0
XRECORD
  5
100003A2
102
{ACAD_REACTORS
330
100003A0
102
}
330
100003A0
100
AcDbXrecord
1000
JHH
  0
XRECORD
  5
100003A7
102
{ACAD_REACTORS
330
100003A4
102
}
330
100003A4
100
AcDbXrecord
 40
3.0
  0
XRECORD
  5
100003A5
102
{ACAD_REACTORS
330
100003A4
102
}
330
100003A4
100
AcDbXrecord
1000
KodF
  0
XRECORD
  5
100003A6
102
{ACAD_REACTORS
330
100003A4
102
}
330
100003A4
100
AcDbXrecord
1000
RNBy
  0
XRECORD
  5
100003A8
102
{ACAD_REACTORS
330
100003A4
102
}
330
100003A4
100
AcDbXrecord
1000
JHH
  0
XRECORD
  5
100003AB
102
{ACAD_REACTORS
330
100003AA
102
}
330
100003AA
100
AcDbXrecord
1000
KohG
  0
XRECORD
  5
100003AC
102
{ACAD_REACTORS
330
100003AA
102
}
330
100003AA
100
AcDbXrecord
1000
JHH
  0
XRECORD
  5
100003B1
102
{ACAD_REACTORS
330
100003AE
102
}
330
100003AE
100
AcDbXrecord
 40
3.0
  0
XRECORD
  5
100003AF
102
{ACAD_REACTORS
330
100003AE
102
}
330
100003AE
100
AcDbXrecord
1000
KoNF
  0
XRECORD
  5
100003B0
102
{ACAD_REACTORS
330
100003AE
102
}
330
100003AE
100
AcDbXrecord
1000
RNBy
  0
XRECORD
  5
100003B2
102
{ACAD_REACTORS
330
100003AE
102
}
330
100003AE
100
AcDbXrecord
1000
JHH
  0
XRECORD
  5
100003B5
102
{ACAD_REACTORS
330
100003B4
102
}
330
100003B4
100
AcDbXrecord
1000
KodG
  0
XRECORD
  5
100003B6
102
{ACAD_REACTORS
330
100003B4
102
}
330
100003B4
100
AcDbXrecord
1000
JHH
  0
XRECORD
  5
100003BB
102
{ACAD_REACTORS
330
100003B8
102
}
330
100003B8
100
AcDbXrecord
 40
3.0
  0
XRECORD
  5
100003B9
102
{ACAD_REACTORS
330
100003B8
102
}
330
100003B8
100
AcDbXrecord
1000
Ko9E
  0
XRECORD
  5
100003BA
102
{ACAD_REACTORS
330
100003B8
102
}
330
100003B8
100
AcDbXrecord
1000
RNBy
  0
XRECORD
  5
100003BC
102
{ACAD_REACTORS
330
100003B8
102
}
330
100003B8
100
AcDbXrecord
1000
JHH
  0
XRECORD
  5
100003BF
102
{ACAD_REACTORS
330
100003BE
102
}
330
100003BE
100
AcDbXrecord
1000
KopI
  0
XRECORD
  5
100003C0
102
{ACAD_REACTORS
330
100003BE
102
}
330
100003BE
100
AcDbXrecord
1000
JHH
  0
XRECORD
  5
100003C5
102
{ACAD_REACTORS
330
100003C2
102
}
330
100003C2
100
AcDbXrecord
 40
3.0
  0
XRECORD
  5
100003C3
102
{ACAD_REACTORS
330
100003C2
102
}
330
100003C2
100
AcDbXrecord
1000
Ko9G
  0
XRECORD
  5
100003C4
102
{ACAD_REACTORS
330
100003C2
102
}
330
100003C2
100
AcDbXrecord
1000
RNBy
  0
XRECORD
  5
100003C6
102
{ACAD_REACTORS
330
100003C2
102
}
330
100003C2
100
AcDbXrecord
1000
JHH
  0
XRECORD
  5
100003C9
102
{ACAD_REACTORS
330
100003C8
102
}
330
100003C8
100
AcDbXrecord
1000
Ko9I
  0
XRECORD
  5
100003CA
102
{ACAD_REACTORS
330
100003C8
102
}
330
100003C8
100
AcDbXrecord
1000
JHH
  0
XRECORD
  5
100003CF
102
{ACAD_REACTORS
330
100003CC
102
}
330
100003CC
100
AcDbXrecord
 40
3.0
  0
XRECORD
  5
100003CD
102
{ACAD_REACTORS
330
100003CC
102
}
330
100003CC
100
AcDbXrecord
1000
KoNI
  0
XRECORD
  5
100003CE
102
{ACAD_REACTORS
330
100003CC
102
}
330
100003CC
100
AcDbXrecord
1000
RNBy
  0
XRECORD
  5
100003D0
102
{ACAD_REACTORS
330
100003CC
102
}
330
100003CC
100
AcDbXrecord
1000
JHH
  0
XRECORD
  5
100003D3
102
{ACAD_REACTORS
330
100003D2
102
}
330
100003D2
100
AcDbXrecord
1000
Ko5I
  0
XRECORD
  5
100003D4
102
{ACAD_REACTORS
330
100003D2
102
}
330
100003D2
100
AcDbXrecord
1000
JHH
  0
XRECORD
  5
100003D9
102
{ACAD_REACTORS
330
100003D6
102
}
330
100003D6
100
AcDbXrecord
 40
3.0
  0
XRECORD
  5
100003D7
102
{ACAD_REACTORS
330
100003D6
102
}
330
100003D6
100
AcDbXrecord
1000
Ko9H
  0
XRECORD
  5
100003D8
102
{ACAD_REACTORS
330
100003D6
102
}
330
100003D6
100
AcDbXrecord
1000
RNBy
  0
XRECORD
  5
100003DA
102
{ACAD_REACTORS
330
100003D6
102
}
330
100003D6
100
AcDbXrecord
1000
JHH
  0
XRECORD
  5
100003DD
102
{ACAD_REACTORS
330
100003DC
102
}
330
100003DC
100
AcDbXrecord
1000
Ko1I
  0
XRECORD
  5
100003DE
102
{ACAD_REACTORS
330
100003DC
102
}
330
100003DC
100
AcDbXrecord
1000
JHH
  0
XRECORD
  5
100003E3
102
{ACAD_REACTORS
330
100003E0
102
}
330
100003E0
100
AcDbXrecord
 40
3.0
  0
XRECORD
  5
100003E1
102
{ACAD_REACTORS
330
100003E0
102
}
330
100003E0
100
AcDbXrecord
1000
KotH
  0
XRECORD
  5
100003E2
102
{ACAD_REACTORS
330
100003E0
102
}
330
100003E0
100
AcDbXrecord
1000
RNBy
  0
XRECORD
  5
100003E4
102
{ACAD_REACTORS
330
100003E0
102
}
330
100003E0
100
AcDbXrecord
1000
JHH
  0
XRECORD
  5
100003E7
102
{ACAD_REACTORS
330
100003E6
102
}
330
100003E6
100
AcDbXrecord
1000
KoxI
  0
XRECORD
  5
100003E8
102
{ACAD_REACTORS
330
100003E6
102
}
330
100003E6
100
AcDbXrecord
1000
JHH
  0
XRECORD
  5
100003ED
102
{ACAD_REACTORS
330
100003EA
102
}
330
100003EA
100
AcDbXrecord
 40
3.0
  0
XRECORD
  5
100003EB
102
{ACAD_REACTORS
330
100003EA
102
}
330
100003EA
100
AcDbXrecord
1000
KodH
  0
XRECORD
  5
100003EC
102
{ACAD_REACTORS
330
100003EA
102
}
330
100003EA
100
AcDbXrecord
1000
RNBy
  0
XRECORD
  5
100003EE
102
{ACAD_REACTORS
330
100003EA
102
}
330
100003EA
100
AcDbXrecord
1000
JHH
  0
XRECORD
  5
100003F1
102
{ACAD_REACTORS
330
100003F0
102
}
330
100003F0
100
AcDbXrecord
1000
KotI
  0
XRECORD
  5
100003F2
102
{ACAD_REACTORS
330
100003F0
102
}
330
100003F0
100
AcDbXrecord
1000
JHH
  0
XRECORD
  5
100003F7
102
{ACAD_REACTORS
330
100003F4
102
}
330
100003F4
100
AcDbXrecord
 40
3.0
  0
XRECORD
  5
100003F5
102
{ACAD_REACTORS
330
100003F4
102
}
330
100003F4
100
AcDbXrecord
1000
KoNH
  0
XRECORD
  5
100003F6
102
{ACAD_REACTORS
330
100003F4
102
}
330
100003F4
100
AcDbXrecord
1000
RNBy
  0
XRECORD
  5
100003F8
102
{ACAD_REACTORS
330
100003F4
102
}
330
100003F4
100
AcDbXrecord
1000
JHH
  0
XRECORD
  5
100003FB
102
{ACAD_REACTORS
330
100003FA
102
}
330
100003FA
100
AcDbXrecord
1000
Ko5K
  0
XRECORD
  5
100003FC
102
{ACAD_REACTORS
330
100003FA
102
}
330
100003FA
100
AcDbXrecord
1000
JHH
  0
XRECORD
  5
10000401
102
{ACAD_REACTORS
330
100003FE
102
}
330
100003FE
100
AcDbXrecord
 40
3.0
  0
XRECORD
  5
100003FF
102
{ACAD_REACTORS
330
100003FE
102
}
330
100003FE
100
AcDbXrecord
1000
KoNJ
  0
XRECORD
  5
10000400
102
{ACAD_REACTORS
330
100003FE
102
}
330
100003FE
100
AcDbXrecord
1000
RNBy
  0
XRECORD
  5
10000402
102
{ACAD_REACTORS
330
100003FE
102
}
330
100003FE
100
AcDbXrecord
1000
JHH
  0
XRECORD
  5
10000405
102
{ACAD_REACTORS
330
10000404
102
}
330
10000404
100
AcDbXrecord
1000
KoNL
  0
XRECORD
  5
10000406
102
{ACAD_REACTORS
330
10000404
102
}
330
10000404
100
AcDbXrecord
1000
JHH
  0
XRECORD
  5
1000040B
102
{ACAD_REACTORS
330
10000408
102
}
330
10000408
100
AcDbXrecord
 40
3.0
  0
XRECORD
  5
10000409
102
{ACAD_REACTORS
330
10000408
102
}
330
10000408
100
AcDbXrecord
1000
KodK
  0
XRECORD
  5
1000040A
102
{ACAD_REACTORS
330
10000408
102
}
330
10000408
100
AcDbXrecord
1000
RNBy
  0
XRECORD
  5
1000040C
102
{ACAD_REACTORS
330
10000408
102
}
330
10000408
100
AcDbXrecord
1000
JHH
  0
XRECORD
  5
1000040F
102
{ACAD_REACTORS
330
1000040E
102
}
330
1000040E
100
AcDbXrecord
1000
KoJL
  0
XRECORD
  5
10000410
102
{ACAD_REACTORS
330
1000040E
102
}
330
1000040E
100
AcDbXrecord
1000
JHH
  0
XRECORD
  5
10000415
102
{ACAD_REACTORS
330
10000412
102
}
330
10000412
100
AcDbXrecord
 40
3.0
  0
XRECORD
  5
10000413
102
{ACAD_REACTORS
330
10000412
102
}
330
10000412
100
AcDbXrecord
1000
KoNK
  0
XRECORD
  5
10000414
102
{ACAD_REACTORS
330
10000412
102
}
330
10000412
100
AcDbXrecord
1000
RNBy
  0
XRECORD
  5
10000416
102
{ACAD_REACTORS
330
10000412
102
}
330
10000412
100
AcDbXrecord
1000
JHH
  0
XRECORD
  5
10000419
102
{ACAD_REACTORS
330
10000418
102
}
330
10000418
100
AcDbXrecord
1000
KoFL
  0
XRECORD
  5
1000041A
102
{ACAD_REACTORS
330
10000418
102
}
330
10000418
100
AcDbXrecord
1000
JHH
  0
XRECORD
  5
1000041F
102
{ACAD_REACTORS
330
1000041C
102
}
330
1000041C
100
AcDbXrecord
 40
3.0
  0
XRECORD
  5
1000041D
102
{ACAD_REACTORS
330
1000041C
102
}
330
1000041C
100
AcDbXrecord
1000
Ko9J
  0
XRECORD
  5
1000041E
102
{ACAD_REACTORS
330
1000041C
102
}
330
1000041C
100
AcDbXrecord
1000
RNBy
  0
XRECORD
  5
10000420
102
{ACAD_REACTORS
330
1000041C
102
}
330
1000041C
100
AcDbXrecord
1000
JHH
  0
XRECORD
  5
10000423
102
{ACAD_REACTORS
330
10000422
102
}
330
10000422
100
AcDbXrecord
1000
KoBL
  0
XRECORD
  5
10000424
102
{ACAD_REACTORS
330
10000422
102
}
330
10000422
100
AcDbXrecord
1000
JHH
  0
XRECORD
  5
10000429
102
{ACAD_REACTORS
330
10000426
102
}
330
10000426
100
AcDbXrecord
 40
3.0
  0
XRECORD
  5
10000427
102
{ACAD_REACTORS
330
10000426
102
}
330
10000426
100
AcDbXrecord
1000
KotJ
  0
XRECORD
  5
10000428
102
{ACAD_REACTORS
330
10000426
102
}
330
10000426
100
AcDbXrecord
1000
RNBy
  0
XRECORD
  5
1000042A
102
{ACAD_REACTORS
330
10000426
102
}
330
10000426
100
AcDbXrecord
1000
JHH
  0
XRECORD
  5
1000042D
102
{ACAD_REACTORS
330
1000042C
102
}
330
1000042C
100
AcDbXrecord
1000
Ko9K
  0
XRECORD
  5
1000042E
102
{ACAD_REACTORS
330
1000042C
102
}
330
1000042C
100
AcDbXrecord
1000
JHH
  0
XRECORD
  5
10000433
102
{ACAD_REACTORS
330
10000430
102
}
330
10000430
100
AcDbXrecord
 40
3.0
  0
XRECORD
  5
10000431
102
{ACAD_REACTORS
330
10000430
102
}
330
10000430
100
AcDbXrecord
1000
KodJ
  0
XRECORD
  5
10000432
102
{ACAD_REACTORS
330
10000430
102
}
330
10000430
100
AcDbXrecord
1000
RNBy
  0
XRECORD
  5
10000434
102
{ACAD_REACTORS
330
10000430
102
}
330
10000430
100
AcDbXrecord
1000
JHH
  0
XRECORD
  5
10000437
102
{ACAD_REACTORS
330
10000436
102
}
330
10000436
100
AcDbXrecord
1000
KoJN
  0
XRECORD
  5
10000438
102
{ACAD_REACTORS
330
10000436
102
}
330
10000436
100
AcDbXrecord
1000
JHH
  0
XRECORD
  5
1000043D
102
{ACAD_REACTORS
330
1000043A
102
}
330
1000043A
100
AcDbXrecord
 40
3.0
  0
XRECORD
  5
1000043B
102
{ACAD_REACTORS
330
1000043A
102
}
330
1000043A
100
AcDbXrecord
1000
KodL
  0
XRECORD
  5
1000043C
102
{ACAD_REACTORS
330
1000043A
102
}
330
1000043A
100
AcDbXrecord
1000
RNBy
  0
XRECORD
  5
1000043E
102
{ACAD_REACTORS
330
1000043A
102
}
330
1000043A
100
AcDbXrecord
1000
JHH
  0
XRECORD
  5
10000441
102
{ACAD_REACTORS
330
10000440
102
}
330
10000440
100
AcDbXrecord
1000
KodN
  0
XRECORD
  5
10000442
102
{ACAD_REACTORS
330
10000440
102
}
330
10000440
100
AcDbXrecord
1000
JHH
  0
XRECORD
  5
10000447
102
{ACAD_REACTORS
330
10000444
102
}
330
10000444
100
AcDbXrecord
 40
3.0
  0
XRECORD
  5
10000445
102
{ACAD_REACTORS
330
10000444
102
}
330
10000444
100
AcDbXrecord
1000
KotM
  0
XRECORD
  5
10000446
102
{ACAD_REACTORS
330
10000444
102
}
330
10000444
100
AcDbXrecord
1000
RNBy
  0
XRECORD
  5
10000448
102
{ACAD_REACTORS
330
10000444
102
}
330
10000444
100
AcDbXrecord
1000
JHH
  0
XRECORD
  5
1000044B
102
{ACAD_REACTORS
330
1000044A
102
}
330
1000044A
100
AcDbXrecord
1000
KoZN
  0
XRECORD
  5
1000044C
102
{ACAD_REACTORS
330
1000044A
102
}
330
1000044A
100
AcDbXrecord
1000
JHH
  0
XRECORD
  5
10000451
102
{ACAD_REACTORS
330
1000044E
102
}
330
1000044E
100
AcDbXrecord
 40
3.0
  0
XRECORD
  5
1000044F
102
{ACAD_REACTORS
330
1000044E
102
}
330
1000044E
100
AcDbXrecord
1000
KodM
  0
XRECORD
  5
10000450
102
{ACAD_REACTORS
330
1000044E
102
}
330
1000044E
100
AcDbXrecord
1000
RNBy
  0
XRECORD
  5
10000452
102
{ACAD_REACTORS
330
1000044E
102
}
330
1000044E
100
AcDbXrecord
1000
JHH
  0
XRECORD
  5
10000455
102
{ACAD_REACTORS
330
10000454
102
}
330
10000454
100
AcDbXrecord
1000
KoVN
  0
XRECORD
  5
10000456
102
{ACAD_REACTORS
330
10000454
102
}
330
10000454
100
AcDbXrecord
1000
JHH
  0
XRECORD
  5
1000045B
102
{ACAD_REACTORS
330
10000458
102
}
330
10000458
100
AcDbXrecord
 40
3.0
  0
XRECORD
  5
10000459
102
{ACAD_REACTORS
330
10000458
102
}
330
10000458
100
AcDbXrecord
1000
KoNM
  0
XRECORD
  5
1000045A
102
{ACAD_REACTORS
330
10000458
102
}
330
10000458
100
AcDbXrecord
1000
RNBy
  0
XRECORD
  5
1000045C
102
{ACAD_REACTORS
330
10000458
102
}
330
10000458
100
AcDbXrecord
1000
JHH
  0
XRECORD
  5
1000045F
102
{ACAD_REACTORS
330
1000045E
102
}
330
1000045E
100
AcDbXrecord
1000
KoRN
  0
XRECORD
  5
10000460
102
{ACAD_REACTORS
330
1000045E
102
}
330
1000045E
100
AcDbXrecord
1000
JHH
  0
XRECORD
  5
10000465
102
{ACAD_REACTORS
330
10000462
102
}
330
10000462
100
AcDbXrecord
 40
3.0
  0
XRECORD
  5
10000463
102
{ACAD_REACTORS
330
10000462
102
}
330
10000462
100
AcDbXrecord
1000
Ko9L
  0
XRECORD
  5
10000464
102
{ACAD_REACTORS
330
10000462
102
}
330
10000462
100
AcDbXrecord
1000
RNBy
  0
XRECORD
  5
10000466
102
{ACAD_REACTORS
330
10000462
102
}
330
10000462
100
AcDbXrecord
1000
JHH
  0
XRECORD
  5
10000469
102
{ACAD_REACTORS
330
10000468
102
}
330
10000468
100
AcDbXrecord
1000
KoNN
  0
XRECORD
  5
1000046A
102
{ACAD_REACTORS
330
10000468
102
}
330
10000468
100
AcDbXrecord
1000
JHH
  0
XRECORD
  5
1000046F
102
{ACAD_REACTORS
330
1000046C
102
}
330
1000046C
100
AcDbXrecord
 40
3.0
  0
XRECORD
  5
1000046D
102
{ACAD_REACTORS
330
1000046C
102
}
330
1000046C
100
AcDbXrecord
1000
KotL
  0
XRECORD
  5
1000046E
102
{ACAD_REACTORS
330
1000046C
102
}
330
1000046C
100
AcDbXrecord
1000
RNBy
  0
XRECORD
  5
10000470
102
{ACAD_REACTORS
330
1000046C
102
}
330
1000046C
100
AcDbXrecord
1000
JHH
  0
XRECORD
  5
10000473
102
{ACAD_REACTORS
330
10000472
102
}
330
10000472
100
AcDbXrecord
1000
KoZP
  0
XRECORD
  5
10000474
102
{ACAD_REACTORS
330
10000472
102
}
330
10000472
100
AcDbXrecord
1000
JHH
  0
XRECORD
  5
10000479
102
{ACAD_REACTORS
330
10000476
102
}
330
10000476
100
AcDbXrecord
 40
3.0
  0
XRECORD
  5
10000477
102
{ACAD_REACTORS
330
10000476
102
}
330
10000476
100
AcDbXrecord
1000
KotN
  0
XRECORD
  5
10000478
102
{ACAD_REACTORS
330
10000476
102
}
330
10000476
100
AcDbXrecord
1000
RNBy
  0
XRECORD
  5
1000047A
102
{ACAD_REACTORS
330
10000476
102
}
330
10000476
100
AcDbXrecord
1000
JHH
  0
XRECORD
  5
1000047D
102
{ACAD_REACTORS
330
1000047C
102
}
330
1000047C
100
AcDbXrecord
1000
KotP
  0
XRECORD
  5
1000047E
102
{ACAD_REACTORS
330
1000047C
102
}
330
1000047C
100
AcDbXrecord
1000
JHH
  0
XRECORD
  5
10000483
102
{ACAD_REACTORS
330
10000480
102
}
330
10000480
100
AcDbXrecord
 40
3.0
  0
XRECORD
  5
10000481
102
{ACAD_REACTORS
330
10000480
102
}
330
10000480
100
AcDbXrecord
1000
Ko9O
  0
XRECORD
  5
10000482
102
{ACAD_REACTORS
330
10000480
102
}
330
10000480
100
AcDbXrecord
1000
RNBy
  0
XRECORD
  5
10000484
102
{ACAD_REACTORS
330
10000480
102
}
330
10000480
100
AcDbXrecord
1000
JHH
  0
XRECORD
  5
10000487
102
{ACAD_REACTORS
330
10000486
102
}
330
10000486
100
AcDbXrecord
1000
KopP
  0
XRECORD
  5
10000488
102
{ACAD_REACTORS
330
10000486
102
}
330
10000486
100
AcDbXrecord
1000
JHH
  0
XRECORD
  5
1000048D
102
{ACAD_REACTORS
330
1000048A
102
}
330
1000048A
100
AcDbXrecord
 40
3.0
  0
XRECORD
  5
1000048B
102
{ACAD_REACTORS
330
1000048A
102
}
330
1000048A
100
AcDbXrecord
1000
KotO
  0
XRECORD
  5
1000048C
102
{ACAD_REACTORS
330
1000048A
102
}
330
1000048A
100
AcDbXrecord
1000
RNBy
  0
XRECORD
  5
1000048E
102
{ACAD_REACTORS
330
1000048A
102
}
330
1000048A
100
AcDbXrecord
1000
JHH
  0
XRECORD
  5
10000491
102
{ACAD_REACTORS
330
10000490
102
}
330
10000490
100
AcDbXrecord
1000
KolP
  0
XRECORD
  5
10000492
102
{ACAD_REACTORS
330
10000490
102
}
330
10000490
100
AcDbXrecord
1000
JHH
  0
XRECORD
  5
10000497
102
{ACAD_REACTORS
330
10000494
102
}
330
10000494
100
AcDbXrecord
 40
3.0
  0
XRECORD
  5
10000495
102
{ACAD_REACTORS
330
10000494
102
}
330
10000494
100
AcDbXrecord
1000
KodO
  0
XRECORD
  5
10000496
102
{ACAD_REACTORS
330
10000494
102
}
330
10000494
100
AcDbXrecord
1000
RNBy
  0
XRECORD
  5
10000498
102
{ACAD_REACTORS
330
10000494
102
}
330
10000494
100
AcDbXrecord
1000
JHH
  0
XRECORD
  5
1000049B
102
{ACAD_REACTORS
330
1000049A
102
}
330
1000049A
100
AcDbXrecord
1000
KohP
  0
XRECORD
  5
1000049C
102
{ACAD_REACTORS
330
1000049A
102
}
330
1000049A
100
AcDbXrecord
1000
JHH
  0
XRECORD
  5
100004A1
102
{ACAD_REACTORS
330
1000049E
102
}
330
1000049E
100
AcDbXrecord
 40
3.0
  0
XRECORD
  5
1000049F
102
{ACAD_REACTORS
330
1000049E
102
}
330
1000049E
100
AcDbXrecord
1000
KoNO
  0
XRECORD
  5
100004A0
102
{ACAD_REACTORS
330
1000049E
102
}
330
1000049E
100
AcDbXrecord
1000
RNBy
  0
XRECORD
  5
100004A2
102
{ACAD_REACTORS
330
1000049E
102
}
330
1000049E
100
AcDbXrecord
1000
JHH
  0
XRECORD
  5
100004A5
102
{ACAD_REACTORS
330
100004A4
102
}
330
100004A4
100
AcDbXrecord
1000
KodP
  0
XRECORD
  5
100004A6
102
{ACAD_REACTORS
330
100004A4
102
}
330
100004A4
100
AcDbXrecord
1000
JHH
  0
XRECORD
  5
100004AB
102
{ACAD_REACTORS
330
100004A8
102
}
330
100004A8
100
AcDbXrecord
 40
3.0
  0
XRECORD
  5
100004A9
102
{ACAD_REACTORS
330
100004A8
102
}
330
100004A8
100
AcDbXrecord
1000
Ko9N
  0
XRECORD
  5
100004AA
102
{ACAD_REACTORS
330
100004A8
102
}
330
100004A8
100
AcDbXrecord
1000
RNBy
  0
XRECORD
  5
100004AC
102
{ACAD_REACTORS
330
100004A8
102
}
330
100004A8
100
AcDbXrecord
1000
JHH
  0
XRECORD
  5
100004AF
102
{ACAD_REACTORS
330
100004AE
102
}
330
100004AE
100
AcDbXrecord
1000
KopR
  0
XRECORD
  5
100004B0
102
{ACAD_REACTORS
330
100004AE
102
}
330
100004AE
100
AcDbXrecord
1000
JHH
  0
XRECORD
  5
100004B5
102
{ACAD_REACTORS
330
100004B2
102
}
330
100004B2
100
AcDbXrecord
 40
3.0
  0
XRECORD
  5
100004B3
102
{ACAD_REACTORS
330
100004B2
102
}
330
100004B2
100
AcDbXrecord
1000
Ko9P
  0
XRECORD
  5
100004B4
102
{ACAD_REACTORS
330
100004B2
102
}
330
100004B2
100
AcDbXrecord
1000
RNBy
  0
XRECORD
  5
100004B6
102
{ACAD_REACTORS
330
100004B2
102
}
330
100004B2
100
AcDbXrecord
1000
JHH
  0
XRECORD
  5
100004B9
102
{ACAD_REACTORS
330
100004B8
102
}
330
100004B8
100
AcDbXrecord
1000
Ko9R
  0
XRECORD
  5
100004BA
102
{ACAD_REACTORS
330
100004B8
102
}
330
100004B8
100
AcDbXrecord
1000
JHH
  0
XRECORD
  5
100004BF
102
{ACAD_REACTORS
330
100004BC
102
}
330
100004BC
100
AcDbXrecord
 40
3.0
  0
XRECORD
  5
100004BD
102
{ACAD_REACTORS
330
100004BC
102
}
330
100004BC
100
AcDbXrecord
1000
KoNR
  0
XRECORD
  5
100004BE
102
{ACAD_REACTORS
330
100004BC
102
}
330
100004BC
100
AcDbXrecord
1000
RNBy
  0
XRECORD
  5
100004C0
102
{ACAD_REACTORS
330
100004BC
102
}
330
100004BC
100
AcDbXrecord
1000
JHH
  0
XRECORD
  5
100004C3
102
{ACAD_REACTORS
330
100004C2
102
}
330
100004C2
100
AcDbXrecord
1000
Ko5R
  0
XRECORD
  5
100004C4
102
{ACAD_REACTORS
330
100004C2
102
}
330
100004C2
100
AcDbXrecord
1000
JHH
  0
XRECORD
  5
100004C9
102
{ACAD_REACTORS
330
100004C6
102
}
330
100004C6
100
AcDbXrecord
 40
3.0
  0
XRECORD
  5
100004C7
102
{ACAD_REACTORS
330
100004C6
102
}
330
100004C6
100
AcDbXrecord
1000
Ko9Q
  0
XRECORD
  5
100004C8
102
{ACAD_REACTORS
330
100004C6
102
}
330
100004C6
100
AcDbXrecord
1000
RNBy
  0
XRECORD
  5
100004CA
102
{ACAD_REACTORS
330
100004C6
102
}
330
100004C6
100
AcDbXrecord
1000
JHH
  0
XRECORD
  5
100004CD
102
{ACAD_REACTORS
330
100004CC
102
}
330
100004CC
100
AcDbXrecord
1000
Ko1R
  0
XRECORD
  5
100004CE
102
{ACAD_REACTORS
330
100004CC
102
}
330
100004CC
100
AcDbXrecord
1000
JHH
  0
XRECORD
  5
100004D3
102
{ACAD_REACTORS
330
100004D0
102
}
330
100004D0
100
AcDbXrecord
 40
3.0
  0
XRECORD
  5
100004D1
102
{ACAD_REACTORS
330
100004D0
102
}
330
100004D0
100
AcDbXrecord
1000
KotQ
  0
XRECORD
  5
100004D2
102
{ACAD_REACTORS
330
100004D0
102
}
330
100004D0
100
AcDbXrecord
1000
RNBy
  0
XRECORD
  5
100004D4
102
{ACAD_REACTORS
330
100004D0
102
}
330
100004D0
100
AcDbXrecord
1000
JHH
  0
XRECORD
  5
100004D7
102
{ACAD_REACTORS
330
100004D6
102
}
330
100004D6
100
AcDbXrecord
1000
KoxR
  0
XRECORD
  5
100004D8
102
{ACAD_REACTORS
330
100004D6
102
}
330
100004D6
100
AcDbXrecord
1000
JHH
  0
XRECORD
  5
100004DD
102
{ACAD_REACTORS
330
100004DA
102
}
330
100004DA
100
AcDbXrecord
 40
3.0
  0
XRECORD
  5
100004DB
102
{ACAD_REACTORS
330
100004DA
102
}
330
100004DA
100
AcDbXrecord
1000
KodQ
  0
XRECORD
  5
100004DC
102
{ACAD_REACTORS
330
100004DA
102
}
330
100004DA
100
AcDbXrecord
1000
RNBy
  0
XRECORD
  5
100004DE
102
{ACAD_REACTORS
330
100004DA
102
}
330
100004DA
100
AcDbXrecord
1000
JHH
  0
XRECORD
  5
100004E1
102
{ACAD_REACTORS
330
100004E0
102
}
330
100004E0
100
AcDbXrecord
1000
KotR
  0
XRECORD
  5
100004E2
102
{ACAD_REACTORS
330
100004E0
102
}
330
100004E0
100
AcDbXrecord
1000
JHH
  0
XRECORD
  5
100004E7
102
{ACAD_REACTORS
330
100004E4
102
}
330
100004E4
100
AcDbXrecord
 40
3.0
  0
XRECORD
  5
100004E5
102
{ACAD_REACTORS
330
100004E4
102
}
330
100004E4
100
AcDbXrecord
1000
KoNQ
  0
XRECORD
  5
100004E6
102
{ACAD_REACTORS
330
100004E4
102
}
330
100004E4
100
AcDbXrecord
1000
RNBy
  0
XRECORD
  5
100004E8
102
{ACAD_REACTORS
330
100004E4
102
}
330
100004E4
100
AcDbXrecord
1000
JHH
  0
XRECORD
  5
100004EB
102
{ACAD_REACTORS
330
100004EA
102
}
330
100004EA
100
AcDbXrecord
1000
Ko5T
  0
XRECORD
  5
100004EC
102
{ACAD_REACTORS
330
100004EA
102
}
330
100004EA
100
AcDbXrecord
1000
JHH
  0
XRECORD
  5
100004F1
102
{ACAD_REACTORS
330
100004EE
102
}
330
100004EE
100
AcDbXrecord
 40
3.0
  0
XRECORD
  5
100004EF
102
{ACAD_REACTORS
330
100004EE
102
}
330
100004EE
100
AcDbXrecord
1000
KoNS
  0
XRECORD
  5
100004F0
102
{ACAD_REACTORS
330
100004EE
102
}
330
100004EE
100
AcDbXrecord
1000
RNBy
  0
XRECORD
  5
100004F2
102
{ACAD_REACTORS
330
100004EE
102
}
330
100004EE
100
AcDbXrecord
1000
JHH
  0
XRECORD
  5
100004F5
102
{ACAD_REACTORS
330
100004F4
102
}
330
100004F4
100
AcDbXrecord
1000
KoNU
  0
XRECORD
  5
100004F6
102
{ACAD_REACTORS
330
100004F4
102
}
330
100004F4
100
AcDbXrecord
1000
JHH
  0
XRECORD
  5
100004FB
102
{ACAD_REACTORS
330
100004F8
102
}
330
100004F8
100
AcDbXrecord
 40
3.0
  0
XRECORD
  5
100004F9
102
{ACAD_REACTORS
330
100004F8
102
}
330
100004F8
100
AcDbXrecord
1000
KodT
  0
XRECORD
  5
100004FA
102
{ACAD_REACTORS
330
100004F8
102
}
330
100004F8
100
AcDbXrecord
1000
RNBy
  0
XRECORD
  5
100004FC
102
{ACAD_REACTORS
330
100004F8
102
}
330
100004F8
100
AcDbXrecord
1000
JHH
  0
XRECORD
  5
100004FF
102
{ACAD_REACTORS
330
100004FE
102
}
330
100004FE
100
AcDbXrecord
1000
KoJU
  0
XRECORD
  5
10000500
102
{ACAD_REACTORS
330
100004FE
102
}
330
100004FE
100
AcDbXrecord
1000
JHH
  0
XRECORD
  5
10000505
102
{ACAD_REACTORS
330
10000502
102
}
330
10000502
100
AcDbXrecord
 40
3.0
  0
XRECORD
  5
10000503
102
{ACAD_REACTORS
330
10000502
102
}
330
10000502
100
AcDbXrecord
1000
KoNT
  0
XRECORD
  5
10000504
102
{ACAD_REACTORS
330
10000502
102
}
330
10000502
100
AcDbXrecord
1000
RNBy
  0
XRECORD
  5
10000506
102
{ACAD_REACTORS
330
10000502
102
}
330
10000502
100
AcDbXrecord
1000
JHH
  0
XRECORD
  5
10000509
102
{ACAD_REACTORS
330
10000508
102
}
330
10000508
100
AcDbXrecord
1000
KoFU
  0
XRECORD
  5
1000050A
102
{ACAD_REACTORS
330
10000508
102
}
330
10000508
100
AcDbXrecord
1000
JHH
  0
XRECORD
  5
1000050F
102
{ACAD_REACTORS
330
1000050C
102
}
330
1000050C
100
AcDbXrecord
 40
3.0
  0
XRECORD
  5
1000050D
102
{ACAD_REACTORS
330
1000050C
102
}
330
1000050C
100
AcDbXrecord
1000
Ko9S
  0
XRECORD
  5
1000050E
102
{ACAD_REACTORS
330
1000050C
102
}
330
1000050C
100
AcDbXrecord
1000
RNBy
  0
XRECORD
  5
10000510
102
{ACAD_REACTORS
330
1000050C
102
}
330
1000050C
100
AcDbXrecord
1000
JHH
  0
XRECORD
  5
10000513
102
{ACAD_REACTORS
330
10000512
102
}
330
10000512
100
AcDbXrecord
1000
KoBU
  0
XRECORD
  5
10000514
102
{ACAD_REACTORS
330
10000512
102
}
330
10000512
100
AcDbXrecord
1000
JHH
  0
XRECORD
  5
10000519
102
{ACAD_REACTORS
330
10000516
102
}
330
10000516
100
AcDbXrecord
 40
3.0
  0
XRECORD
  5
10000517
102
{ACAD_REACTORS
330
10000516
102
}
330
10000516
100
AcDbXrecord
1000
KotS
  0
XRECORD
  5
10000518
102
{ACAD_REACTORS
330
10000516
102
}
330
10000516
100
AcDbXrecord
1000
RNBy
  0
XRECORD
  5
1000051A
102
{ACAD_REACTORS
330
10000516
102
}
330
10000516
100
AcDbXrecord
1000
JHH
  0
XRECORD
  5
1000051D
102
{ACAD_REACTORS
330
1000051C
102
}
330
1000051C
100
AcDbXrecord
1000
Ko9T
  0
XRECORD
  5
1000051E
102
{ACAD_REACTORS
330
1000051C
102
}
330
1000051C
100
AcDbXrecord
1000
JHH
  0
XRECORD
  5
10000523
102
{ACAD_REACTORS
330
10000520
102
}
330
10000520
100
AcDbXrecord
 40
3.0
  0
XRECORD
  5
10000521
102
{ACAD_REACTORS
330
10000520
102
}
330
10000520
100
AcDbXrecord
1000
KodS
  0
XRECORD
  5
10000522
102
{ACAD_REACTORS
330
10000520
102
}
330
10000520
100
AcDbXrecord
1000
RNBy
  0
XRECORD
  5
10000524
102
{ACAD_REACTORS
330
10000520
102
}
330
10000520
100
AcDbXrecord
1000
JHH
  0
XRECORD
  5
10000527
102
{ACAD_REACTORS
330
10000526
102
}
330
10000526
100
AcDbXrecord
1000
KoJW
  0
XRECORD
  5
10000528
102
{ACAD_REACTORS
330
10000526
102
}
330
10000526
100
AcDbXrecord
1000
JHH
  0
XRECORD
  5
1000052D
102
{ACAD_REACTORS
330
1000052A
102
}
330
1000052A
100
AcDbXrecord
 40
3.0
  0
XRECORD
  5
1000052B
102
{ACAD_REACTORS
330
1000052A
102
}
330
1000052A
100
AcDbXrecord
1000
KodU
  0
XRECORD
  5
1000052C
102
{ACAD_REACTORS
330
1000052A
102
}
330
1000052A
100
AcDbXrecord
1000
RNBy
  0
XRECORD
  5
1000052E
102
{ACAD_REACTORS
330
1000052A
102
}
330
1000052A
100
AcDbXrecord
1000
JHH
  0
XRECORD
  5
10000531
102
{ACAD_REACTORS
330
10000530
102
}
330
10000530
100
AcDbXrecord
1000
KodW
  0
XRECORD
  5
10000532
102
{ACAD_REACTORS
330
10000530
102
}
330
10000530
100
AcDbXrecord
1000
JHH
  0
XRECORD
  5
10000537
102
{ACAD_REACTORS
330
10000534
102
}
330
10000534
100
AcDbXrecord
 40
3.0
  0
XRECORD
  5
10000535
102
{ACAD_REACTORS
330
10000534
102
}
330
10000534
100
AcDbXrecord
1000
KotV
  0
XRECORD
  5
10000536
102
{ACAD_REACTORS
330
10000534
102
}
330
10000534
100
AcDbXrecord
1000
RNBy
  0
XRECORD
  5
10000538
102
{ACAD_REACTORS
330
10000534
102
}
330
10000534
100
AcDbXrecord
1000
JHH
  0
XRECORD
  5
1000053B
102
{ACAD_REACTORS
330
1000053A
102
}
330
1000053A
100
AcDbXrecord
1000
KoZW
  0
XRECORD
  5
1000053C
102
{ACAD_REACTORS
330
1000053A
102
}
330
1000053A
100
AcDbXrecord
1000
JHH
  0
XRECORD
  5
10000541
102
{ACAD_REACTORS
330
1000053E
102
}
330
1000053E
100
AcDbXrecord
 40
3.0
  0
XRECORD
  5
1000053F
102
{ACAD_REACTORS
330
1000053E
102
}
330
1000053E
100
AcDbXrecord
1000
KodV
  0
XRECORD
  5
10000540
102
{ACAD_REACTORS
330
1000053E
102
}
330
1000053E
100
AcDbXrecord
1000
RNBy
  0
XRECORD
  5
10000542
102
{ACAD_REACTORS
330
1000053E
102
}
330
1000053E
100
AcDbXrecord
1000
JHH
  0
XRECORD
  5
10000545
102
{ACAD_REACTORS
330
10000544
102
}
330
10000544
100
AcDbXrecord
1000
KoVW
  0
XRECORD
  5
10000546
102
{ACAD_REACTORS
330
10000544
102
}
330
10000544
100
AcDbXrecord
1000
JHH
  0
XRECORD
  5
1000054B
102
{ACAD_REACTORS
330
10000548
102
}
330
10000548
100
AcDbXrecord
 40
3.0
  0
XRECORD
  5
10000549
102
{ACAD_REACTORS
330
10000548
102
}
330
10000548
100
AcDbXrecord
1000
KoNV
  0
XRECORD
  5
1000054A
102
{ACAD_REACTORS
330
10000548
102
}
330
10000548
100
AcDbXrecord
1000
RNBy
  0
XRECORD
  5
1000054C
102
{ACAD_REACTORS
330
10000548
102
}
330
10000548
100
AcDbXrecord
1000
JHH
  0
XRECORD
  5
1000054F
102
{ACAD_REACTORS
330
1000054E
102
}
330
1000054E
100
AcDbXrecord
1000
KoRW
  0
XRECORD
  5
10000550
102
{ACAD_REACTORS
330
1000054E
102
}
330
1000054E
100
AcDbXrecord
1000
JHH
  0
XRECORD
  5
10000555
102
{ACAD_REACTORS
330
10000552
102
}
330
10000552
100
AcDbXrecord
 40
3.0
  0
XRECORD
  5
10000553
102
{ACAD_REACTORS
330
10000552
102
}
330
10000552
100
AcDbXrecord
1000
Ko9U
  0
XRECORD
  5
10000554
102
{ACAD_REACTORS
330
10000552
102
}
330
10000552
100
AcDbXrecord
1000
RNBy
  0
XRECORD
  5
10000556
102
{ACAD_REACTORS
330
10000552
102
}
330
10000552
100
AcDbXrecord
1000
JHH
  0
XRECORD
  5
10000559
102
{ACAD_REACTORS
330
10000558
102
}
330
10000558
100
AcDbXrecord
1000
KoNW
  0
XRECORD
  5
1000055A
102
{ACAD_REACTORS
330
10000558
102
}
330
10000558
100
AcDbXrecord
1000
JHH
  0
XRECORD
  5
1000055F
102
{ACAD_REACTORS
330
1000055C
102
}
330
1000055C
100
AcDbXrecord
 40
3.0
  0
XRECORD
  5
1000055D
102
{ACAD_REACTORS
330
1000055C
102
}
330
1000055C
100
AcDbXrecord
1000
KotU
  0
XRECORD
  5
1000055E
102
{ACAD_REACTORS
330
1000055C
102
}
330
1000055C
100
AcDbXrecord
1000
RNBy
  0
XRECORD
  5
10000560
102
{ACAD_REACTORS
330
1000055C
102
}
330
1000055C
100
AcDbXrecord
1000
JHH
  0
XRECORD
  5
10000563
102
{ACAD_REACTORS
330
10000562
102
}
330
10000562
100
AcDbXrecord
1000
KoZY
  0
XRECORD
  5
10000564
102
{ACAD_REACTORS
330
10000562
102
}
330
10000562
100
AcDbXrecord
1000
JHH
  0
XRECORD
  5
10000569
102
{ACAD_REACTORS
330
10000566
102
}
330
10000566
100
AcDbXrecord
 40
3.0
  0
XRECORD
  5
10000567
102
{ACAD_REACTORS
330
10000566
102
}
330
10000566
100
AcDbXrecord
1000
KotW
  0
XRECORD
  5
10000568
102
{ACAD_REACTORS
330
10000566
102
}
330
10000566
100
AcDbXrecord
1000
RNBy
  0
XRECORD
  5
1000056A
102
{ACAD_REACTORS
330
10000566
102
}
330
10000566
100
AcDbXrecord
1000
JHH
  0
XRECORD
  5
1000056D
102
{ACAD_REACTORS
330
1000056C
102
}
330
1000056C
100
AcDbXrecord
1000
KotY
  0
XRECORD
  5
1000056E
102
{ACAD_REACTORS
330
1000056C
102
}
330
1000056C
100
AcDbXrecord
1000
JHH
  0
XRECORD
  5
10000573
102
{ACAD_REACTORS
330
10000570
102
}
330
10000570
100
AcDbXrecord
 40
3.0
  0
XRECORD
  5
10000571
102
{ACAD_REACTORS
330
10000570
102
}
330
10000570
100
AcDbXrecord
1000
Ko9X
  0
XRECORD
  5
10000572
102
{ACAD_REACTORS
330
10000570
102
}
330
10000570
100
AcDbXrecord
1000
RNBy
  0
XRECORD
  5
10000574
102
{ACAD_REACTORS
330
10000570
102
}
330
10000570
100
AcDbXrecord
1000
JHH
  0
XRECORD
  5
10000577
102
{ACAD_REACTORS
330
10000576
102
}
330
10000576
100
AcDbXrecord
1000
KopY
  0
XRECORD
  5
10000578
102
{ACAD_REACTORS
330
10000576
102
}
330
10000576
100
AcDbXrecord
1000
JHH
  0
XRECORD
  5
1000057D
102
{ACAD_REACTORS
330
1000057A
102
}
330
1000057A
100
AcDbXrecord
 40
3.0
  0
XRECORD
  5
1000057B
102
{ACAD_REACTORS
330
1000057A
102
}
330
1000057A
100
AcDbXrecord
1000
KotX
  0
XRECORD
  5
1000057C
102
{ACAD_REACTORS
330
1000057A
102
}
330
1000057A
100
AcDbXrecord
1000
RNBy
  0
XRECORD
  5
1000057E
102
{ACAD_REACTORS
330
1000057A
102
}
330
1000057A
100
AcDbXrecord
1000
JHH
  0
XRECORD
  5
10000581
102
{ACAD_REACTORS
330
10000580
102
}
330
10000580
100
AcDbXrecord
1000
KolY
  0
XRECORD
  5
10000582
102
{ACAD_REACTORS
330
10000580
102
}
330
10000580
100
AcDbXrecord
1000
JHH
  0
XRECORD
  5
10000587
102
{ACAD_REACTORS
330
10000584
102
}
330
10000584
100
AcDbXrecord
 40
3.0
  0
XRECORD
  5
10000585
102
{ACAD_REACTORS
330
10000584
102
}
330
10000584
100
AcDbXrecord
1000
KodX
  0
XRECORD
  5
10000586
102
{ACAD_REACTORS
330
10000584
102
}
330
10000584
100
AcDbXrecord
1000
RNBy
  0
XRECORD
  5
10000588
102
{ACAD_REACTORS
330
10000584
102
}
330
10000584
100
AcDbXrecord
1000
JHH
  0
XRECORD
  5
1000058B
102
{ACAD_REACTORS
330
1000058A
102
}
330
1000058A
100
AcDbXrecord
1000
KohY
  0
XRECORD
  5
1000058C
102
{ACAD_REACTORS
330
1000058A
102
}
330
1000058A
100
AcDbXrecord
1000
JHH
  0
XRECORD
  5
10000591
102
{ACAD_REACTORS
330
1000058E
102
}
330
1000058E
100
AcDbXrecord
 40
3.0
  0
XRECORD
  5
1000058F
102
{ACAD_REACTORS
330
1000058E
102
}
330
1000058E
100
AcDbXrecord
1000
KoNX
  0
XRECORD
  5
10000590
102
{ACAD_REACTORS
330
1000058E
102
}
330
1000058E
100
AcDbXrecord
1000
RNBy
  0
XRECORD
  5
10000592
102
{ACAD_REACTORS
330
1000058E
102
}
330
1000058E
100
AcDbXrecord
1000
JHH
  0
XRECORD
  5
10000595
102
{ACAD_REACTORS
330
10000594
102
}
330
10000594
100
AcDbXrecord
1000
KodY
  0
XRECORD
  5
10000596
102
{ACAD_REACTORS
330
10000594
102
}
330
10000594
100
AcDbXrecord
1000
JHH
  0
XRECORD
  5
1000059B
102
{ACAD_REACTORS
330
10000598
102
}
330
10000598
100
AcDbXrecord
 40
3.0
  0
XRECORD
  5
10000599
102
{ACAD_REACTORS
330
10000598
102
}
330
10000598
100
AcDbXrecord
1000
Ko9W
  0
XRECORD
  5
1000059A
102
{ACAD_REACTORS
330
10000598
102
}
330
10000598
100
AcDbXrecord
1000
RNBy
  0
XRECORD
  5
1000059C
102
{ACAD_REACTORS
330
10000598
102
}
330
10000598
100
AcDbXrecord
1000
JHH
  0
XRECORD
  5
1000059F
102
{ACAD_REACTORS
330
1000059E
102
}
330
1000059E
100
AcDbXrecord
1000
Kopa
  0
XRECORD
  5
100005A0
102
{ACAD_REACTORS
330
1000059E
102
}
330
1000059E
100
AcDbXrecord
1000
JHH
  0
XRECORD
  5
100005A5
102
{ACAD_REACTORS
330
100005A2
102
}
330
100005A2
100
AcDbXrecord
 40
3.0
  0
XRECORD
  5
100005A3
102
{ACAD_REACTORS
330
100005A2
102
}
330
100005A2
100
AcDbXrecord
1000
Ko9Y
  0
XRECORD
  5
100005A4
102
{ACAD_REACTORS
330
100005A2
102
}
330
100005A2
100
AcDbXrecord
1000
RNBy
  0
XRECORD
  5
100005A6
102
{ACAD_REACTORS
330
100005A2
102
}
330
100005A2
100
AcDbXrecord
1000
JHH
  0
XRECORD
  5
100005A9
102
{ACAD_REACTORS
330
100005A8
102
}
330
100005A8
100
AcDbXrecord
1000
Ko9a
  0
XRECORD
  5
100005AA
102
{ACAD_REACTORS
330
100005A8
102
}
330
100005A8
100
AcDbXrecord
1000
JHH
  0
XRECORD
  5
100005AF
102
{ACAD_REACTORS
330
100005AC
102
}
330
100005AC
100
AcDbXrecord
 40
3.0
  0
XRECORD
  5
100005AD
102
{ACAD_REACTORS
330
100005AC
102
}
330
100005AC
100
AcDbXrecord
1000
KoNa
  0
XRECORD
  5
100005AE
102
{ACAD_REACTORS
330
100005AC
102
}
330
100005AC
100
AcDbXrecord
1000
RNBy
  0
XRECORD
  5
100005B0
102
{ACAD_REACTORS
330
100005AC
102
}
330
100005AC
100
AcDbXrecord
1000
JHH
  0
XRECORD
  5
100005B3
102
{ACAD_REACTORS
330
100005B2
102
}
330
100005B2
100
AcDbXrecord
1000
Ko5a
  0
XRECORD
  5
100005B4
102
{ACAD_REACTORS
330
100005B2
102
}
330
100005B2
100
AcDbXrecord
1000
JHH
  0
XRECORD
  5
100005B9
102
{ACAD_REACTORS
330
100005B6
102
}
330
100005B6
100
AcDbXrecord
 40
3.0
  0
XRECORD
  5
100005B7
102
{ACAD_REACTORS
330
100005B6
102
}
330
100005B6
100
AcDbXrecord
1000
Ko9Z
  0
XRECORD
  5
100005B8
102
{ACAD_REACTORS
330
100005B6
102
}
330
100005B6
100
AcDbXrecord
1000
RNBy
  0
XRECORD
  5
100005BA
102
{ACAD_REACTORS
330
100005B6
102
}
330
100005B6
100
AcDbXrecord
1000
JHH
  0
XRECORD
  5
100005BD
102
{ACAD_REACTORS
330
100005BC
102
}
330
100005BC
100
AcDbXrecord
1000
Ko1a
  0
XRECORD
  5
100005BE
102
{ACAD_REACTORS
330
100005BC
102
}
330
100005BC
100
AcDbXrecord
1000
JHH
  0
XRECORD
  5
100005C3
102
{ACAD_REACTORS
330
100005C0
102
}
330
100005C0
100
AcDbXrecord
 40
3.0
  0
XRECORD
  5
100005C1
102
{ACAD_REACTORS
330
100005C0
102
}
330
100005C0
100
AcDbXrecord
1000
KotZ
  0
XRECORD
  5
100005C2
102
{ACAD_REACTORS
330
100005C0
102
}
330
100005C0
100
AcDbXrecord
1000
RNBy
  0
XRECORD
  5
100005C4
102
{ACAD_REACTORS
330
100005C0
102
}
330
100005C0
100
AcDbXrecord
1000
JHH
  0
XRECORD
  5
100005C7
102
{ACAD_REACTORS
330
100005C6
102
}
330
100005C6
100
AcDbXrecord
1000
Koxa
  0
XRECORD
  5
100005C8
102
{ACAD_REACTORS
330
100005C6
102
}
330
100005C6
100
AcDbXrecord
1000
JHH
  0
XRECORD
  5
100005CD
102
{ACAD_REACTORS
330
100005CA
102
}
330
100005CA
100
AcDbXrecord
 40
3.0
  0
XRECORD
  5
100005CB
102
{ACAD_REACTORS
330
100005CA
102
}
330
100005CA
100
AcDbXrecord
1000
KodZ
  0
XRECORD
  5
100005CC
102
{ACAD_REACTORS
330
100005CA
102
}
330
100005CA
100
AcDbXrecord
1000
RNBy
  0
XRECORD
  5
100005CE
102
{ACAD_REACTORS
330
100005CA
102
}
330
100005CA
100
AcDbXrecord
1000
JHH
  0
XRECORD
  5
100005D1
102
{ACAD_REACTORS
330
100005D0
102
}
330
100005D0
100
AcDbXrecord
1000
Kota
  0
XRECORD
  5
100005D2
102
{ACAD_REACTORS
330
100005D0
102
}
330
100005D0
100
AcDbXrecord
1000
JHH
  0
XRECORD
  5
100005D7
102
{ACAD_REACTORS
330
100005D4
102
}
330
100005D4
100
AcDbXrecord
 40
3.0
  0
XRECORD
  5
100005D5
102
{ACAD_REACTORS
330
100005D4
102
}
330
100005D4
100
AcDbXrecord
1000
KoNZ
  0
XRECORD
  5
100005D6
102
{ACAD_REACTORS
330
100005D4
102
}
330
100005D4
100
AcDbXrecord
1000
RNBy
  0
XRECORD
  5
100005D8
102
{ACAD_REACTORS
330
100005D4
102
}
330
100005D4
100
AcDbXrecord
1000
JHH
  0
XRECORD
  5
100005DB
102
{ACAD_REACTORS
330
100005DA
102
}
330
100005DA
100
AcDbXrecord
1000
Ko5c
  0
XRECORD
  5
100005DC
102
{ACAD_REACTORS
330
100005DA
102
}
330
100005DA
100
AcDbXrecord
1000
JHH
  0
XRECORD
  5
100005E1
102
{ACAD_REACTORS
330
100005DE
102
}
330
100005DE
100
AcDbXrecord
 40
3.0
  0
XRECORD
  5
100005DF
102
{ACAD_REACTORS
330
100005DE
102
}
330
100005DE
100
AcDbXrecord
1000
KoNb
  0
XRECORD
  5
100005E0
102
{ACAD_REACTORS
330
100005DE
102
}
330
100005DE
100
AcDbXrecord
1000
RNBy
  0
XRECORD
  5
100005E2
102
{ACAD_REACTORS
330
100005DE
102
}
330
100005DE
100
AcDbXrecord
1000
JHH
  0
XRECORD
  5
100005E5
102
{ACAD_REACTORS
330
100005E4
102
}
330
100005E4
100
AcDbXrecord
1000
KoNd
  0
XRECORD
  5
100005E6
102
{ACAD_REACTORS
330
100005E4
102
}
330
100005E4
100
AcDbXrecord
1000
JHH
  0
XRECORD
  5
100005EB
102
{ACAD_REACTORS
330
100005E8
102
}
330
100005E8
100
AcDbXrecord
 40
3.0
  0
XRECORD
  5
100005E9
102
{ACAD_REACTORS
330
100005E8
102
}
330
100005E8
100
AcDbXrecord
1000
Kodc
  0
XRECORD
  5
100005EA
102
{ACAD_REACTORS
330
100005E8
102
}
330
100005E8
100
AcDbXrecord
1000
RNBy
  0
XRECORD
  5
100005EC
102
{ACAD_REACTORS
330
100005E8
102
}
330
100005E8
100
AcDbXrecord
1000
JHH
  0
XRECORD
  5
100005EF
102
{ACAD_REACTORS
330
100005EE
102
}
330
100005EE
100
AcDbXrecord
1000
KoJd
  0
XRECORD
  5
100005F0
102
{ACAD_REACTORS
330
100005EE
102
}
330
100005EE
100
AcDbXrecord
1000
JHH
  0
XRECORD
  5
100005F5
102
{ACAD_REACTORS
330
100005F2
102
}
330
100005F2
100
AcDbXrecord
 40
3.0
  0
XRECORD
  5
100005F3
102
{ACAD_REACTORS
330
100005F2
102
}
330
100005F2
100
AcDbXrecord
1000
KoNc
  0
XRECORD
  5
100005F4
102
{ACAD_REACTORS
330
100005F2
102
}
330
100005F2
100
AcDbXrecord
1000
RNBy
  0
XRECORD
  5
100005F6
102
{ACAD_REACTORS
330
100005F2
102
}
330
100005F2
100
AcDbXrecord
1000
JHH
  0
XRECORD
  5
100005F9
102
{ACAD_REACTORS
330
100005F8
102
}
330
100005F8
100
AcDbXrecord
1000
KoFd
  0
XRECORD
  5
100005FA
102
{ACAD_REACTORS
330
100005F8
102
}
330
100005F8
100
AcDbXrecord
1000
JHH
  0
XRECORD
  5
100005FF
102
{ACAD_REACTORS
330
100005FC
102
}
330
100005FC
100
AcDbXrecord
 40
3.0
  0
XRECORD
  5
100005FD
102
{ACAD_REACTORS
330
100005FC
102
}
330
100005FC
100
AcDbXrecord
1000
Ko9b
  0
XRECORD
  5
100005FE
102
{ACAD_REACTORS
330
100005FC
102
}
330
100005FC
100
AcDbXrecord
1000
RNBy
  0
XRECORD
  5
10000600
102
{ACAD_REACTORS
330
100005FC
102
}
330
100005FC
100
AcDbXrecord
1000
JHH
  0
XRECORD
  5
10000603
102
{ACAD_REACTORS
330
10000602
102
}
330
10000602
100
AcDbXrecord
1000
KoBd
  0
XRECORD
  5
10000604
102
{ACAD_REACTORS
330
10000602
102
}
330
10000602
100
AcDbXrecord
1000
JHH
  0
XRECORD
  5
10000609
102
{ACAD_REACTORS
330
10000606
102
}
330
10000606
100
AcDbXrecord
 40
3.0
  0
XRECORD
  5
10000607
102
{ACAD_REACTORS
330
10000606
102
}
330
10000606
100
AcDbXrecord
1000
Kotb
  0
XRECORD
  5
10000608
102
{ACAD_REACTORS
330
10000606
102
}
330
10000606
100
AcDbXrecord
1000
RNBy
  0
XRECORD
  5
1000060A
102
{ACAD_REACTORS
330
10000606
102
}
330
10000606
100
AcDbXrecord
1000
JHH
  0
XRECORD
  5
1000060D
102
{ACAD_REACTORS
330
1000060C
102
}
330
1000060C
100
AcDbXrecord
1000
Ko9c
  0
XRECORD
  5
1000060E
102
{ACAD_REACTORS
330
1000060C
102
}
330
1000060C
100
AcDbXrecord
1000
JHH
  0
XRECORD
  5
10000613
102
{ACAD_REACTORS
330
10000610
102
}
330
10000610
100
AcDbXrecord
 40
3.0
  0
XRECORD
  5
10000611
102
{ACAD_REACTORS
330
10000610
102
}
330
10000610
100
AcDbXrecord
1000
Kodb
  0
XRECORD
  5
10000612
102
{ACAD_REACTORS
330
10000610
102
}
330
10000610
100
AcDbXrecord
1000
RNBy
  0
XRECORD
  5
10000614
102
{ACAD_REACTORS
330
10000610
102
}
330
10000610
100
AcDbXrecord
1000
JHH
  0
XRECORD
  5
10000617
102
{ACAD_REACTORS
330
10000616
102
}
330
10000616
100
AcDbXrecord
1000
KoJf
  0
XRECORD
  5
10000618
102
{ACAD_REACTORS
330
10000616
102
}
330
10000616
100
AcDbXrecord
1000
JHH
  0
XRECORD
  5
1000061D
102
{ACAD_REACTORS
330
1000061A
102
}
330
1000061A
100
AcDbXrecord
 40
3.0
  0
XRECORD
  5
1000061B
102
{ACAD_REACTORS
330
1000061A
102
}
330
1000061A
100
AcDbXrecord
1000
Kodd
  0
XRECORD
  5
1000061C
102
{ACAD_REACTORS
330
1000061A
102
}
330
1000061A
100
AcDbXrecord
1000
RNBy
  0
XRECORD
  5
1000061E
102
{ACAD_REACTORS
330
1000061A
102
}
330
1000061A
100
AcDbXrecord
1000
JHH
  0
XRECORD
  5
10000621
102
{ACAD_REACTORS
330
10000620
102
}
330
10000620
100
AcDbXrecord
1000
Kodf
  0
XRECORD
  5
10000622
102
{ACAD_REACTORS
330
10000620
102
}
330
10000620
100
AcDbXrecord
1000
JHH
  0
XRECORD
  5
10000627
102
{ACAD_REACTORS
330
10000624
102
}
330
10000624
100
AcDbXrecord
 40
3.0
  0
XRECORD
  5
10000625
102
{ACAD_REACTORS
330
10000624
102
}
330
10000624
100
AcDbXrecord
1000
Kote
  0
XRECORD
  5
10000626
102
{ACAD_REACTORS
330
10000624
102
}
330
10000624
100
AcDbXrecord
1000
RNBy
  0
XRECORD
  5
10000628
102
{ACAD_REACTORS
330
10000624
102
}
330
10000624
100
AcDbXrecord
1000
JHH
  0
XRECORD
  5
1000062B
102
{ACAD_REACTORS
330
1000062A
102
}
330
1000062A
100
AcDbXrecord
1000
KoZf
  0
XRECORD
  5
1000062C
102
{ACAD_REACTORS
330
1000062A
102
}
330
1000062A
100
AcDbXrecord
1000
JHH
  0
XRECORD
  5
10000631
102
{ACAD_REACTORS
330
1000062E
102
}
330
1000062E
100
AcDbXrecord
 40
3.0
  0
XRECORD
  5
1000062F
102
{ACAD_REACTORS
330
1000062E
102
}
330
1000062E
100
AcDbXrecord
1000
Kode
  0
XRECORD
  5
10000630
102
{ACAD_REACTORS
330
1000062E
102
}
330
1000062E
100
AcDbXrecord
1000
RNBy
  0
XRECORD
  5
10000632
102
{ACAD_REACTORS
330
1000062E
102
}
330
1000062E
100
AcDbXrecord
1000
JHH
  0
XRECORD
  5
10000635
102
{ACAD_REACTORS
330
10000634
102
}
330
10000634
100
AcDbXrecord
1000
KoVf
  0
XRECORD
  5
10000636
102
{ACAD_REACTORS
330
10000634
102
}
330
10000634
100
AcDbXrecord
1000
JHH
  0
XRECORD
  5
1000063B
102
{ACAD_REACTORS
330
10000638
102
}
330
10000638
100
AcDbXrecord
 40
3.0
  0
XRECORD
  5
10000639
102
{ACAD_REACTORS
330
10000638
102
}
330
10000638
100
AcDbXrecord
1000
KoNe
  0
XRECORD
  5
1000063A
102
{ACAD_REACTORS
330
10000638
102
}
330
10000638
100
AcDbXrecord
1000
RNBy
  0
XRECORD
  5
1000063C
102
{ACAD_REACTORS
330
10000638
102
}
330
10000638
100
AcDbXrecord
1000
JHH
  0
XRECORD
  5
1000063F
102
{ACAD_REACTORS
330
1000063E
102
}
330
1000063E
100
AcDbXrecord
1000
KoRf
  0
XRECORD
  5
10000640
102
{ACAD_REACTORS
330
1000063E
102
}
330
1000063E
100
AcDbXrecord
1000
JHH
  0
XRECORD
  5
10000645
102
{ACAD_REACTORS
330
10000642
102
}
330
10000642
100
AcDbXrecord
 40
3.0
  0
XRECORD
  5
10000643
102
{ACAD_REACTORS
330
10000642
102
}
330
10000642
100
AcDbXrecord
1000
Ko9d
  0
XRECORD
  5
10000644
102
{ACAD_REACTORS
330
10000642
102
}
330
10000642
100
AcDbXrecord
1000
RNBy
  0
XRECORD
  5
10000646
102
{ACAD_REACTORS
330
10000642
102
}
330
10000642
100
AcDbXrecord
1000
JHH
  0
XRECORD
  5
10000649
102
{ACAD_REACTORS
330
10000648
102
}
330
10000648
100
AcDbXrecord
1000
KoNf
  0
XRECORD
  5
1000064A
102
{ACAD_REACTORS
330
10000648
102
}
330
10000648
100
AcDbXrecord
1000
JHH
  0
XRECORD
  5
1000064F
102
{ACAD_REACTORS
330
1000064C
102
}
330
1000064C
100
AcDbXrecord
 40
3.0
  0
XRECORD
  5
1000064D
102
{ACAD_REACTORS
330
1000064C
102
}
330
1000064C
100
AcDbXrecord
1000
Kotd
  0
XRECORD
  5
1000064E
102
{ACAD_REACTORS
330
1000064C
102
}
330
1000064C
100
AcDbXrecord
1000
RNBy
  0
XRECORD
  5
10000650
102
{ACAD_REACTORS
330
1000064C
102
}
330
1000064C
100
AcDbXrecord
1000
JHH
  0
XRECORD
  5
10000653
102
{ACAD_REACTORS
330
10000652
102
}
330
10000652
100
AcDbXrecord
1000
KoZh
  0
XRECORD
  5
10000654
102
{ACAD_REACTORS
330
10000652
102
}
330
10000652
100
AcDbXrecord
1000
JHH
  0
XRECORD
  5
10000659
102
{ACAD_REACTORS
330
10000656
102
}
330
10000656
100
AcDbXrecord
 40
3.0
  0
XRECORD
  5
10000657
102
{ACAD_REACTORS
330
10000656
102
}
330
10000656
100
AcDbXrecord
1000
Kotf
  0
XRECORD
  5
10000658
102
{ACAD_REACTORS
330
10000656
102
}
330
10000656
100
AcDbXrecord
1000
RNBy
  0
XRECORD
  5
1000065A
102
{ACAD_REACTORS
330
10000656
102
}
330
10000656
100
AcDbXrecord
1000
JHH
  0
XRECORD
  5
1000065D
102
{ACAD_REACTORS
330
1000065C
102
}
330
1000065C
100
AcDbXrecord
1000
Koth
  0
XRECORD
  5
1000065E
102
{ACAD_REACTORS
330
1000065C
102
}
330
1000065C
100
AcDbXrecord
1000
JHH
  0
XRECORD
  5
10000663
102
{ACAD_REACTORS
330
10000660
102
}
330
10000660
100
AcDbXrecord
 40
3.0
  0
XRECORD
  5
10000661
102
{ACAD_REACTORS
330
10000660
102
}
330
10000660
100
AcDbXrecord
1000
Ko9g
  0
XRECORD
  5
10000662
102
{ACAD_REACTORS
330
10000660
102
}
330
10000660
100
AcDbXrecord
1000
RNBy
  0
XRECORD
  5
10000664
102
{ACAD_REACTORS
330
10000660
102
}
330
10000660
100
AcDbXrecord
1000
JHH
  0
XRECORD
  5
10000667
102
{ACAD_REACTORS
330
10000666
102
}
330
10000666
100
AcDbXrecord
1000
Koph
  0
XRECORD
  5
10000668
102
{ACAD_REACTORS
330
10000666
102
}
330
10000666
100
AcDbXrecord
1000
JHH
  0
XRECORD
  5
1000066D
102
{ACAD_REACTORS
330
1000066A
102
}
330
1000066A
100
AcDbXrecord
 40
3.0
  0
XRECORD
  5
1000066B
102
{ACAD_REACTORS
330
1000066A
102
}
330
1000066A
100
AcDbXrecord
1000
Kotg
  0
XRECORD
  5
1000066C
102
{ACAD_REACTORS
330
1000066A
102
}
330
1000066A
100
AcDbXrecord
1000
RNBy
  0
XRECORD
  5
1000066E
102
{ACAD_REACTORS
330
1000066A
102
}
330
1000066A
100
AcDbXrecord
1000
JHH
  0
XRECORD
  5
10000671
102
{ACAD_REACTORS
330
10000670
102
}
330
10000670
100
AcDbXrecord
1000
Kolh
  0
XRECORD
  5
10000672
102
{ACAD_REACTORS
330
10000670
102
}
330
10000670
100
AcDbXrecord
1000
JHH
  0
XRECORD
  5
10000677
102
{ACAD_REACTORS
330
10000674
102
}
330
10000674
100
AcDbXrecord
 40
3.0
  0
XRECORD
  5
10000675
102
{ACAD_REACTORS
330
10000674
102
}
330
10000674
100
AcDbXrecord
1000
Kodg
  0
XRECORD
  5
10000676
102
{ACAD_REACTORS
330
10000674
102
}
330
10000674
100
AcDbXrecord
1000
RNBy
  0
XRECORD
  5
10000678
102
{ACAD_REACTORS
330
10000674
102
}
330
10000674
100
AcDbXrecord
1000
JHH
  0
XRECORD
  5
1000067B
102
{ACAD_REACTORS
330
1000067A
102
}
330
1000067A
100
AcDbXrecord
1000
Kohh
  0
XRECORD
  5
1000067C
102
{ACAD_REACTORS
330
1000067A
102
}
330
1000067A
100
AcDbXrecord
1000
JHH
  0
XRECORD
  5
10000681
102
{ACAD_REACTORS
330
1000067E
102
}
330
1000067E
100
AcDbXrecord
 40
3.0
  0
XRECORD
  5
1000067F
102
{ACAD_REACTORS
330
1000067E
102
}
330
1000067E
100
AcDbXrecord
1000
KoNg
  0
XRECORD
  5
10000680
102
{ACAD_REACTORS
330
1000067E
102
}
330
1000067E
100
AcDbXrecord
1000
RNBy
  0
XRECORD
  5
10000682
102
{ACAD_REACTORS
330
1000067E
102
}
330
1000067E
100
AcDbXrecord
1000
JHH
  0
XRECORD
  5
10000685
102
{ACAD_REACTORS
330
10000684
102
}
330
10000684
100
AcDbXrecord
1000
Kodh
  0
XRECORD
  5
10000686
102
{ACAD_REACTORS
330
10000684
102
}
330
10000684
100
AcDbXrecord
1000
JHH
  0
XRECORD
  5
1000068B
102
{ACAD_REACTORS
330
10000688
102
}
330
10000688
100
AcDbXrecord
 40
3.0
  0
XRECORD
  5
10000689
102
{ACAD_REACTORS
330
10000688
102
}
330
10000688
100
AcDbXrecord
1000
Ko9f
  0
XRECORD
  5
1000068A
102
{ACAD_REACTORS
330
10000688
102
}
330
10000688
100
AcDbXrecord
1000
RNBy
  0
XRECORD
  5
1000068C
102
{ACAD_REACTORS
330
10000688
102
}
330
10000688
100
AcDbXrecord
1000
JHH
  0
XRECORD
  5
1000068F
102
{ACAD_REACTORS
330
1000068E
102
}
330
1000068E
100
AcDbXrecord
1000
Kopj
  0
XRECORD
  5
10000690
102
{ACAD_REACTORS
330
1000068E
102
}
330
1000068E
100
AcDbXrecord
1000
JHH
  0
XRECORD
  5
10000695
102
{ACAD_REACTORS
330
10000692
102
}
330
10000692
100
AcDbXrecord
 40
3.0
  0
XRECORD
  5
10000693
102
{ACAD_REACTORS
330
10000692
102
}
330
10000692
100
AcDbXrecord
1000
Ko9h
  0
XRECORD
  5
10000694
102
{ACAD_REACTORS
330
10000692
102
}
330
10000692
100
AcDbXrecord
1000
RNBy
  0
XRECORD
  5
10000696
102
{ACAD_REACTORS
330
10000692
102
}
330
10000692
100
AcDbXrecord
1000
JHH
  0
XRECORD
  5
10000699
102
{ACAD_REACTORS
330
10000698
102
}
330
10000698
100
AcDbXrecord
1000
Ko9j
  0
XRECORD
  5
1000069A
102
{ACAD_REACTORS
330
10000698
102
}
330
10000698
100
AcDbXrecord
1000
JHH
  0
XRECORD
  5
1000069F
102
{ACAD_REACTORS
330
1000069C
102
}
330
1000069C
100
AcDbXrecord
 40
3.0
  0
XRECORD
  5
1000069D
102
{ACAD_REACTORS
330
1000069C
102
}
330
1000069C
100
AcDbXrecord
1000
KoNj
  0
XRECORD
  5
1000069E
102
{ACAD_REACTORS
330
1000069C
102
}
330
1000069C
100
AcDbXrecord
1000
RNBy
  0
XRECORD
  5
100006A0
102
{ACAD_REACTORS
330
1000069C
102
}
330
1000069C
100
AcDbXrecord
1000
JHH
  0
XRECORD
  5
100006A3
102
{ACAD_REACTORS
330
100006A2
102
}
330
100006A2
100
AcDbXrecord
1000
Ko5j
  0
XRECORD
  5
100006A4
102
{ACAD_REACTORS
330
100006A2
102
}
330
100006A2
100
AcDbXrecord
1000
JHH
  0
XRECORD
  5
100006A9
102
{ACAD_REACTORS
330
100006A6
102
}
330
100006A6
100
AcDbXrecord
 40
3.0
  0
XRECORD
  5
100006A7
102
{ACAD_REACTORS
330
100006A6
102
}
330
100006A6
100
AcDbXrecord
1000
Ko9i
  0
XRECORD
  5
100006A8
102
{ACAD_REACTORS
330
100006A6
102
}
330
100006A6
100
AcDbXrecord
1000
RNBy
  0
XRECORD
  5
100006AA
102
{ACAD_REACTORS
330
100006A6
102
}
330
100006A6
100
AcDbXrecord
1000
JHH
  0
XRECORD
  5
100006AD
102
{ACAD_REACTORS
330
100006AC
102
}
330
100006AC
100
AcDbXrecord
1000
Ko1j
  0
XRECORD
  5
100006AE
102
{ACAD_REACTORS
330
100006AC
102
}
330
100006AC
100
AcDbXrecord
1000
JHH
  0
XRECORD
  5
100006B3
102
{ACAD_REACTORS
330
100006B0
102
}
330
100006B0
100
AcDbXrecord
 40
3.0
  0
XRECORD
  5
100006B1
102
{ACAD_REACTORS
330
100006B0
102
}
330
100006B0
100
AcDbXrecord
1000
Koti
  0
XRECORD
  5
100006B2
102
{ACAD_REACTORS
330
100006B0
102
}
330
100006B0
100
AcDbXrecord
1000
RNBy
  0
XRECORD
  5
100006B4
102
{ACAD_REACTORS
330
100006B0
102
}
330
100006B0
100
AcDbXrecord
1000
JHH
  0
XRECORD
  5
100006B7
102
{ACAD_REACTORS
330
100006B6
102
}
330
100006B6
100
AcDbXrecord
1000
Koxj
  0
XRECORD
  5
100006B8
102
{ACAD_REACTORS
330
100006B6
102
}
330
100006B6
100
AcDbXrecord
1000
JHH
  0
XRECORD
  5
100006BD
102
{ACAD_REACTORS
330
100006BA
102
}
330
100006BA
100
AcDbXrecord
 40
3.0
  0
XRECORD
  5
100006BB
102
{ACAD_REACTORS
330
100006BA
102
}
330
100006BA
100
AcDbXrecord
1000
Kodi
  0
XRECORD
  5
100006BC
102
{ACAD_REACTORS
330
100006BA
102
}
330
100006BA
100
AcDbXrecord
1000
RNBy
  0
XRECORD
  5
100006BE
102
{ACAD_REACTORS
330
100006BA
102
}
330
100006BA
100
AcDbXrecord
1000
JHH
  0
XRECORD
  5
100006C1
102
{ACAD_REACTORS
330
100006C0
102
}
330
100006C0
100
AcDbXrecord
1000
Kotj
  0
XRECORD
  5
100006C2
102
{ACAD_REACTORS
330
100006C0
102
}
330
100006C0
100
AcDbXrecord
1000
JHH
  0
XRECORD
  5
100006C7
102
{ACAD_REACTORS
330
100006C4
102
}
330
100006C4
100
AcDbXrecord
 40
3.0
  0
XRECORD
  5
100006C5
102
{ACAD_REACTORS
330
100006C4
102
}
330
100006C4
100
AcDbXrecord
1000
KoNi
  0
XRECORD
  5
100006C6
102
{ACAD_REACTORS
330
100006C4
102
}
330
100006C4
100
AcDbXrecord
1000
RNBy
  0
XRECORD
  5
100006C8
102
{ACAD_REACTORS
330
100006C4
102
}
330
100006C4
100
AcDbXrecord
1000
JHH
  0
XRECORD
  5
100006CB
102
{ACAD_REACTORS
330
100006CA
102
}
330
100006CA
100
AcDbXrecord
1000
Ko5l
  0
XRECORD
  5
100006CC
102
{ACAD_REACTORS
330
100006CA
102
}
330
100006CA
100
AcDbXrecord
1000
JHH
  0
XRECORD
  5
100006D1
102
{ACAD_REACTORS
330
100006CE
102
}
330
100006CE
100
AcDbXrecord
 40
3.0
  0
XRECORD
  5
100006CF
102
{ACAD_REACTORS
330
100006CE
102
}
330
100006CE
100
AcDbXrecord
1000
KoNk
  0
XRECORD
  5
100006D0
102
{ACAD_REACTORS
330
100006CE
102
}
330
100006CE
100
AcDbXrecord
1000
RNBy
  0
XRECORD
  5
100006D2
102
{ACAD_REACTORS
330
100006CE
102
}
330
100006CE
100
AcDbXrecord
1000
JHH
  0
XRECORD
  5
100006D5
102
{ACAD_REACTORS
330
100006D4
102
}
330
100006D4
100
AcDbXrecord
1000
KoNm
  0
XRECORD
  5
100006D6
102
{ACAD_REACTORS
330
100006D4
102
}
330
100006D4
100
AcDbXrecord
1000
JHH
  0
XRECORD
  5
100006DB
102
{ACAD_REACTORS
330
100006D8
102
}
330
100006D8
100
AcDbXrecord
 40
3.0
  0
XRECORD
  5
100006D9
102
{ACAD_REACTORS
330
100006D8
102
}
330
100006D8
100
AcDbXrecord
1000
Kodl
  0
XRECORD
  5
100006DA
102
{ACAD_REACTORS
330
100006D8
102
}
330
100006D8
100
AcDbXrecord
1000
RNBy
  0
XRECORD
  5
100006DC
102
{ACAD_REACTORS
330
100006D8
102
}
330
100006D8
100
AcDbXrecord
1000
JHH
  0
XRECORD
  5
100006DF
102
{ACAD_REACTORS
330
100006DE
102
}
330
100006DE
100
AcDbXrecord
1000
KoJm
  0
XRECORD
  5
100006E0
102
{ACAD_REACTORS
330
100006DE
102
}
330
100006DE
100
AcDbXrecord
1000
JHH
  0
XRECORD
  5
100006E5
102
{ACAD_REACTORS
330
100006E2
102
}
330
100006E2
100
AcDbXrecord
 40
3.0
  0
XRECORD
  5
100006E3
102
{ACAD_REACTORS
330
100006E2
102
}
330
100006E2
100
AcDbXrecord
1000
KoNl
  0
XRECORD
  5
100006E4
102
{ACAD_REACTORS
330
100006E2
102
}
330
100006E2
100
AcDbXrecord
1000
RNBy
  0
XRECORD
  5
100006E6
102
{ACAD_REACTORS
330
100006E2
102
}
330
100006E2
100
AcDbXrecord
1000
JHH
  0
XRECORD
  5
100006E9
102
{ACAD_REACTORS
330
100006E8
102
}
330
100006E8
100
AcDbXrecord
1000
KoFm
  0
XRECORD
  5
100006EA
102
{ACAD_REACTORS
330
100006E8
102
}
330
100006E8
100
AcDbXrecord
1000
JHH
  0
XRECORD
  5
100006EF
102
{ACAD_REACTORS
330
100006EC
102
}
330
100006EC
100
AcDbXrecord
 40
3.0
  0
XRECORD
  5
100006ED
102
{ACAD_REACTORS
330
100006EC
102
}
330
100006EC
100
AcDbXrecord
1000
Ko9k
  0
XRECORD
  5
100006EE
102
{ACAD_REACTORS
330
100006EC
102
}
330
100006EC
100
AcDbXrecord
1000
RNBy
  0
XRECORD
  5
100006F0
102
{ACAD_REACTORS
330
100006EC
102
}
330
100006EC
100
AcDbXrecord
1000
JHH
  0
XRECORD
  5
100006F3
102
{ACAD_REACTORS
330
100006F2
102
}
330
100006F2
100
AcDbXrecord
1000
KoBm
  0
XRECORD
  5
100006F4
102
{ACAD_REACTORS
330
100006F2
102
}
330
100006F2
100
AcDbXrecord
1000
JHH
  0
XRECORD
  5
100006F9
102
{ACAD_REACTORS
330
100006F6
102
}
330
100006F6
100
AcDbXrecord
 40
3.0
  0
XRECORD
  5
100006F7
102
{ACAD_REACTORS
330
100006F6
102
}
330
100006F6
100
AcDbXrecord
1000
Kotk
  0
XRECORD
  5
100006F8
102
{ACAD_REACTORS
330
100006F6
102
}
330
100006F6
100
AcDbXrecord
1000
RNBy
  0
XRECORD
  5
100006FA
102
{ACAD_REACTORS
330
100006F6
102
}
330
100006F6
100
AcDbXrecord
1000
JHH
  0
XRECORD
  5
100006FD
102
{ACAD_REACTORS
330
100006FC
102
}
330
100006FC
100
AcDbXrecord
1000
Ko9l
  0
XRECORD
  5
100006FE
102
{ACAD_REACTORS
330
100006FC
102
}
330
100006FC
100
AcDbXrecord
1000
JHH
  0
XRECORD
  5
10000703
102
{ACAD_REACTORS
330
10000700
102
}
330
10000700
100
AcDbXrecord
 40
3.0
  0
XRECORD
  5
10000701
102
{ACAD_REACTORS
330
10000700
102
}
330
10000700
100
AcDbXrecord
1000
Kodk
  0
XRECORD
  5
10000702
102
{ACAD_REACTORS
330
10000700
102
}
330
10000700
100
AcDbXrecord
1000
RNBy
  0
XRECORD
  5
10000704
102
{ACAD_REACTORS
330
10000700
102
}
330
10000700
100
AcDbXrecord
1000
JHH
  0
XRECORD
  5
10000707
102
{ACAD_REACTORS
330
10000706
102
}
330
10000706
100
AcDbXrecord
1000
KoJo
  0
XRECORD
  5
10000708
102
{ACAD_REACTORS
330
10000706
102
}
330
10000706
100
AcDbXrecord
1000
JHH
  0
XRECORD
  5
1000070D
102
{ACAD_REACTORS
330
1000070A
102
}
330
1000070A
100
AcDbXrecord
 40
3.0
  0
XRECORD
  5
1000070B
102
{ACAD_REACTORS
330
1000070A
102
}
330
1000070A
100
AcDbXrecord
1000
Kodm
  0
XRECORD
  5
1000070C
102
{ACAD_REACTORS
330
1000070A
102
}
330
1000070A
100
AcDbXrecord
1000
RNBy
  0
XRECORD
  5
1000070E
102
{ACAD_REACTORS
330
1000070A
102
}
330
1000070A
100
AcDbXrecord
1000
JHH
  0
XRECORD
  5
10000711
102
{ACAD_REACTORS
330
10000710
102
}
330
10000710
100
AcDbXrecord
1000
Kodo
  0
XRECORD
  5
10000712
102
{ACAD_REACTORS
330
10000710
102
}
330
10000710
100
AcDbXrecord
1000
JHH
  0
XRECORD
  5
10000717
102
{ACAD_REACTORS
330
10000714
102
}
330
10000714
100
AcDbXrecord
 40
3.0
  0
XRECORD
  5
10000715
102
{ACAD_REACTORS
330
10000714
102
}
330
10000714
100
AcDbXrecord
1000
Kotn
  0
XRECORD
  5
10000716
102
{ACAD_REACTORS
330
10000714
102
}
330
10000714
100
AcDbXrecord
1000
RNBy
  0
XRECORD
  5
10000718
102
{ACAD_REACTORS
330
10000714
102
}
330
10000714
100
AcDbXrecord
1000
JHH
  0
XRECORD
  5
1000071B
102
{ACAD_REACTORS
330
1000071A
102
}
330
1000071A
100
AcDbXrecord
1000
KoZo
  0
XRECORD
  5
1000071C
102
{ACAD_REACTORS
330
1000071A
102
}
330
1000071A
100
AcDbXrecord
1000
JHH
  0
XRECORD
  5
10000721
102
{ACAD_REACTORS
330
1000071E
102
}
330
1000071E
100
AcDbXrecord
 40
3.0
  0
XRECORD
  5
1000071F
102
{ACAD_REACTORS
330
1000071E
102
}
330
1000071E
100
AcDbXrecord
1000
Kodn
  0
XRECORD
  5
10000720
102
{ACAD_REACTORS
330
1000071E
102
}
330
1000071E
100
AcDbXrecord
1000
RNBy
  0
XRECORD
  5
10000722
102
{ACAD_REACTORS
330
1000071E
102
}
330
1000071E
100
AcDbXrecord
1000
JHH
  0
XRECORD
  5
10000725
102
{ACAD_REACTORS
330
10000724
102
}
330
10000724
100
AcDbXrecord
1000
KoVo
  0
XRECORD
  5
10000726
102
{ACAD_REACTORS
330
10000724
102
}
330
10000724
100
AcDbXrecord
1000
JHH
  0
XRECORD
  5
1000072B
102
{ACAD_REACTORS
330
10000728
102
}
330
10000728
100
AcDbXrecord
 40
3.0
  0
XRECORD
  5
10000729
102
{ACAD_REACTORS
330
10000728
102
}
330
10000728
100
AcDbXrecord
1000
KoNn
  0
XRECORD
  5
1000072A
102
{ACAD_REACTORS
330
10000728
102
}
330
10000728
100
AcDbXrecord
1000
RNBy
  0
XRECORD
  5
1000072C
102
{ACAD_REACTORS
330
10000728
102
}
330
10000728
100
AcDbXrecord
1000
JHH
  0
XRECORD
  5
1000072F
102
{ACAD_REACTORS
330
1000072E
102
}
330
1000072E
100
AcDbXrecord
1000
KoRo
  0
XRECORD
  5
10000730
102
{ACAD_REACTORS
330
1000072E
102
}
330
1000072E
100
AcDbXrecord
1000
JHH
  0
XRECORD
  5
10000735
102
{ACAD_REACTORS
330
10000732
102
}
330
10000732
100
AcDbXrecord
 40
3.0
  0
XRECORD
  5
10000733
102
{ACAD_REACTORS
330
10000732
102
}
330
10000732
100
AcDbXrecord
1000
Ko9m
  0
XRECORD
  5
10000734
102
{ACAD_REACTORS
330
10000732
102
}
330
10000732
100
AcDbXrecord
1000
RNBy
  0
XRECORD
  5
10000736
102
{ACAD_REACTORS
330
10000732
102
}
330
10000732
100
AcDbXrecord
1000
JHH
  0
XRECORD
  5
10000739
102
{ACAD_REACTORS
330
10000738
102
}
330
10000738
100
AcDbXrecord
1000
KoNo
  0
XRECORD
  5
1000073A
102
{ACAD_REACTORS
330
10000738
102
}
330
10000738
100
AcDbXrecord
1000
JHH
  0
XRECORD
  5
1000073F
102
{ACAD_REACTORS
330
1000073C
102
}
330
1000073C
100
AcDbXrecord
 40
3.0
  0
XRECORD
  5
1000073D
102
{ACAD_REACTORS
330
1000073C
102
}
330
1000073C
100
AcDbXrecord
1000
Kotm
  0
XRECORD
  5
1000073E
102
{ACAD_REACTORS
330
1000073C
102
}
330
1000073C
100
AcDbXrecord
1000
RNBy
  0
XRECORD
  5
10000740
102
{ACAD_REACTORS
330
1000073C
102
}
330
1000073C
100
AcDbXrecord
1000
JHH
  0
XRECORD
  5
10000743
102
{ACAD_REACTORS
330
10000742
102
}
330
10000742
100
AcDbXrecord
1000
KoZq
  0
XRECORD
  5
10000744
102
{ACAD_REACTORS
330
10000742
102
}
330
10000742
100
AcDbXrecord
1000
JHH
  0
XRECORD
  5
10000749
102
{ACAD_REACTORS
330
10000746
102
}
330
10000746
100
AcDbXrecord
 40
3.0
  0
XRECORD
  5
10000747
102
{ACAD_REACTORS
330
10000746
102
}
330
10000746
100
AcDbXrecord
1000
Koto
  0
XRECORD
  5
10000748
102
{ACAD_REACTORS
330
10000746
102
}
330
10000746
100
AcDbXrecord
1000
RNBy
  0
XRECORD
  5
1000074A
102
{ACAD_REACTORS
330
10000746
102
}
330
10000746
100
AcDbXrecord
1000
JHH
  0
XRECORD
  5
1000074D
102
{ACAD_REACTORS
330
1000074C
102
}
330
1000074C
100
AcDbXrecord
1000
Kotq
  0
XRECORD
  5
1000074E
102
{ACAD_REACTORS
330
1000074C
102
}
330
1000074C
100
AcDbXrecord
1000
JHH
  0
XRECORD
  5
10000753
102
{ACAD_REACTORS
330
10000750
102
}
330
10000750
100
AcDbXrecord
 40
3.0
  0
XRECORD
  5
10000751
102
{ACAD_REACTORS
330
10000750
102
}
330
10000750
100
AcDbXrecord
1000
Ko9p
  0
XRECORD
  5
10000752
102
{ACAD_REACTORS
330
10000750
102
}
330
10000750
100
AcDbXrecord
1000
RNBy
  0
XRECORD
  5
10000754
102
{ACAD_REACTORS
330
10000750
102
}
330
10000750
100
AcDbXrecord
1000
JHH
  0
XRECORD
  5
10000757
102
{ACAD_REACTORS
330
10000756
102
}
330
10000756
100
AcDbXrecord
1000
Kopq
  0
XRECORD
  5
10000758
102
{ACAD_REACTORS
330
10000756
102
}
330
10000756
100
AcDbXrecord
1000
JHH
  0
XRECORD
  5
1000075D
102
{ACAD_REACTORS
330
1000075A
102
}
330
1000075A
100
AcDbXrecord
 40
3.0
  0
XRECORD
  5
1000075B
102
{ACAD_REACTORS
330
1000075A
102
}
330
1000075A
100
AcDbXrecord
1000
Kotp
  0
XRECORD
  5
1000075C
102
{ACAD_REACTORS
330
1000075A
102
}
330
1000075A
100
AcDbXrecord
1000
RNBy
  0
XRECORD
  5
1000075E
102
{ACAD_REACTORS
330
1000075A
102
}
330
1000075A
100
AcDbXrecord
1000
JHH
  0
XRECORD
  5
10000761
102
{ACAD_REACTORS
330
10000760
102
}
330
10000760
100
AcDbXrecord
1000
Kolq
  0
XRECORD
  5
10000762
102
{ACAD_REACTORS
330
10000760
102
}
330
10000760
100
AcDbXrecord
1000
JHH
  0
XRECORD
  5
10000767
102
{ACAD_REACTORS
330
10000764
102
}
330
10000764
100
AcDbXrecord
 40
3.0
  0
XRECORD
  5
10000765
102
{ACAD_REACTORS
330
10000764
102
}
330
10000764
100
AcDbXrecord
1000
Kodp
  0
XRECORD
  5
10000766
102
{ACAD_REACTORS
330
10000764
102
}
330
10000764
100
AcDbXrecord
1000
RNBy
  0
XRECORD
  5
10000768
102
{ACAD_REACTORS
330
10000764
102
}
330
10000764
100
AcDbXrecord
1000
JHH
  0
XRECORD
  5
1000076B
102
{ACAD_REACTORS
330
1000076A
102
}
330
1000076A
100
AcDbXrecord
1000
Kohq
  0
XRECORD
  5
1000076C
102
{ACAD_REACTORS
330
1000076A
102
}
330
1000076A
100
AcDbXrecord
1000
JHH
  0
XRECORD
  5
10000771
102
{ACAD_REACTORS
330
1000076E
102
}
330
1000076E
100
AcDbXrecord
 40
3.0
  0
XRECORD
  5
1000076F
102
{ACAD_REACTORS
330
1000076E
102
}
330
1000076E
100
AcDbXrecord
1000
KoNp
  0
XRECORD
  5
10000770
102
{ACAD_REACTORS
330
1000076E
102
}
330
1000076E
100
AcDbXrecord
1000
RNBy
  0
XRECORD
  5
10000772
102
{ACAD_REACTORS
330
1000076E
102
}
330
1000076E
100
AcDbXrecord
1000
JHH
  0
XRECORD
  5
10000775
102
{ACAD_REACTORS
330
10000774
102
}
330
10000774
100
AcDbXrecord
1000
Kodq
  0
XRECORD
  5
10000776
102
{ACAD_REACTORS
330
10000774
102
}
330
10000774
100
AcDbXrecord
1000
JHH
  0
XRECORD
  5
1000077B
102
{ACAD_REACTORS
330
10000778
102
}
330
10000778
100
AcDbXrecord
 40
3.0
  0
XRECORD
  5
10000779
102
{ACAD_REACTORS
330
10000778
102
}
330
10000778
100
AcDbXrecord
1000
Ko9o
  0
XRECORD
  5
1000077A
102
{ACAD_REACTORS
330
10000778
102
}
330
10000778
100
AcDbXrecord
1000
RNBy
  0
XRECORD
  5
1000077C
102
{ACAD_REACTORS
330
10000778
102
}
330
10000778
100
AcDbXrecord
1000
JHH
  0
XRECORD
  5
1000077F
102
{ACAD_REACTORS
330
1000077E
102
}
330
1000077E
100
AcDbXrecord
1000
K1NC
  0
XRECORD
  5
10000780
102
{ACAD_REACTORS
330
1000077E
102
}
330
1000077E
100
AcDbXrecord
1000
JHH
  0
XRECORD
  5
10000785
102
{ACAD_REACTORS
330
10000782
102
}
330
10000782
100
AcDbXrecord
 40
1.500000000000001
  0
XRECORD
  5
10000783
102
{ACAD_REACTORS
330
10000782
102
}
330
10000782
100
AcDbXrecord
1000
K1BC
  0
XRECORD
  5
10000784
102
{ACAD_REACTORS
330
10000782
102
}
330
10000782
100
AcDbXrecord
1000
RNBy
  0
XRECORD
  5
10000786
102
{ACAD_REACTORS
330
10000782
102
}
330
10000782
100
AcDbXrecord
1000
JHH
  0
XRECORD
  5
10000789
102
{ACAD_REACTORS
330
10000788
102
}
330
10000788
100
AcDbXrecord
1000
K1JC
  0
XRECORD
  5
1000078A
102
{ACAD_REACTORS
330
10000788
102
}
330
10000788
100
AcDbXrecord
1000
JHH
  0
XRECORD
  5
1000078F
102
{ACAD_REACTORS
330
1000078C
102
}
330
1000078C
100
AcDbXrecord
 40
1.500000000000001
  0
XRECORD
  5
1000078D
102
{ACAD_REACTORS
330
1000078C
102
}
330
1000078C
100
AcDbXrecord
1000
K1FC
  0
XRECORD
  5
1000078E
102
{ACAD_REACTORS
330
1000078C
102
}
330
1000078C
100
AcDbXrecord
1000
RNBy
  0
XRECORD
  5
10000790
102
{ACAD_REACTORS
330
1000078C
102
}
330
1000078C
100
AcDbXrecord
1000
JHH
  0
XRECORD
  5
10000793
102
{ACAD_REACTORS
330
10000792
102
}
330
10000792
100
AcDbXrecord
1000
K1dC
  0
XRECORD
  5
10000794
102
{ACAD_REACTORS
330
10000792
102
}
330
10000792
100
AcDbXrecord
1000
JHH
  0
XRECORD
  5
10000799
102
{ACAD_REACTORS
330
10000796
102
}
330
10000796
100
AcDbXrecord
 40
1.500000000000001
  0
XRECORD
  5
10000797
102
{ACAD_REACTORS
330
10000796
102
}
330
10000796
100
AcDbXrecord
1000
K1RC
  0
XRECORD
  5
10000798
102
{ACAD_REACTORS
330
10000796
102
}
330
10000796
100
AcDbXrecord
1000
RNBy
  0
XRECORD
  5
1000079A
102
{ACAD_REACTORS
330
10000796
102
}
330
10000796
100
AcDbXrecord
1000
JHH
  0
XRECORD
  5
1000079D
102
{ACAD_REACTORS
330
1000079C
102
}
330
1000079C
100
AcDbXrecord
1000
K1ZC
  0
XRECORD
  5
1000079E
102
{ACAD_REACTORS
330
1000079C
102
}
330
1000079C
100
AcDbXrecord
1000
JHH
  0
XRECORD
  5
100007A3
102
{ACAD_REACTORS
330
100007A0
102
}
330
100007A0
100
AcDbXrecord
 40
1.500000000000001
  0
XRECORD
  5
100007A1
102
{ACAD_REACTORS
330
100007A0
102
}
330
100007A0
100
AcDbXrecord
1000
K1VC
  0
XRECORD
  5
100007A2
102
{ACAD_REACTORS
330
100007A0
102
}
330
100007A0
100
AcDbXrecord
1000
RNBy
  0
XRECORD
  5
100007A4
102
{ACAD_REACTORS
330
100007A0
102
}
330
100007A0
100
AcDbXrecord
1000
JHH
  0
XRECORD
  5
100007A7
102
{ACAD_REACTORS
330
100007A6
102
}
330
100007A6
100
AcDbXrecord
1000
K1tC
  0
XRECORD
  5
100007A8
102
{ACAD_REACTORS
330
100007A6
102
}
330
100007A6
100
AcDbXrecord
1000
JHH
  0
XRECORD
  5
100007AD
102
{ACAD_REACTORS
330
100007AA
102
}
330
100007AA
100
AcDbXrecord
 40
1.500000000000001
  0
XRECORD
  5
100007AB
102
{ACAD_REACTORS
330
100007AA
102
}
330
100007AA
100
AcDbXrecord
1000
K1hC
  0
XRECORD
  5
100007AC
102
{ACAD_REACTORS
330
100007AA
102
}
330
100007AA
100
AcDbXrecord
1000
RNBy
  0
XRECORD
  5
100007AE
102
{ACAD_REACTORS
330
100007AA
102
}
330
100007AA
100
AcDbXrecord
1000
JHH
  0
XRECORD
  5
100007B1
102
{ACAD_REACTORS
330
100007B0
102
}
330
100007B0
100
AcDbXrecord
1000
K1pC
  0
XRECORD
  5
100007B2
102
{ACAD_REACTORS
330
100007B0
102
}
330
100007B0
100
AcDbXrecord
1000
JHH
  0
XRECORD
  5
100007B7
102
{ACAD_REACTORS
330
100007B4
102
}
330
100007B4
100
AcDbXrecord
 40
1.500000000000001
  0
XRECORD
  5
100007B5
102
{ACAD_REACTORS
330
100007B4
102
}
330
100007B4
100
AcDbXrecord
1000
K1lC
  0
XRECORD
  5
100007B6
102
{ACAD_REACTORS
330
100007B4
102
}
330
100007B4
100
AcDbXrecord
1000
RNBy
  0
XRECORD
  5
100007B8
102
{ACAD_REACTORS
330
100007B4
102
}
330
100007B4
100
AcDbXrecord
1000
JHH
  0
XRECORD
  5
100007BB
102
{ACAD_REACTORS
330
100007BA
102
}
330
100007BA
100
AcDbXrecord
1000
K19C
  0
XRECORD
  5
100007BC
102
{ACAD_REACTORS
330
100007BA
102
}
330
100007BA
100
AcDbXrecord
1000
JHH
  0
XRECORD
  5
100007C1
102
{ACAD_REACTORS
330
100007BE
102
}
330
100007BE
100
AcDbXrecord
 40
1.500000000000001
  0
XRECORD
  5
100007BF
102
{ACAD_REACTORS
330
100007BE
102
}
330
100007BE
100
AcDbXrecord
1000
K1xC
  0
XRECORD
  5
100007C0
102
{ACAD_REACTORS
330
100007BE
102
}
330
100007BE
100
AcDbXrecord
1000
RNBy
  0
XRECORD
  5
100007C2
102
{ACAD_REACTORS
330
100007BE
102
}
330
100007BE
100
AcDbXrecord
1000
JHH
  0
XRECORD
  5
100007C5
102
{ACAD_REACTORS
330
100007C4
102
}
330
100007C4
100
AcDbXrecord
1000
K15C
  0
XRECORD
  5
100007C6
102
{ACAD_REACTORS
330
100007C4
102
}
330
100007C4
100
AcDbXrecord
1000
JHH
  0
XRECORD
  5
100007CB
102
{ACAD_REACTORS
330
100007C8
102
}
330
100007C8
100
AcDbXrecord
 40
1.500000000000001
  0
XRECORD
  5
100007C9
102
{ACAD_REACTORS
330
100007C8
102
}
330
100007C8
100
AcDbXrecord
1000
K11C
  0
XRECORD
  5
100007CA
102
{ACAD_REACTORS
330
100007C8
102
}
330
100007C8
100
AcDbXrecord
1000
RNBy
  0
XRECORD
  5
100007CC
102
{ACAD_REACTORS
330
100007C8
102
}
330
100007C8
100
AcDbXrecord
1000
JHH
  0
XRECORD
  5
100007CF
102
{ACAD_REACTORS
330
100007CE
102
}
330
100007CE
100
AcDbXrecord
1000
K1ND
  0
XRECORD
  5
100007D0
102
{ACAD_REACTORS
330
100007CE
102
}
330
100007CE
100
AcDbXrecord
1000
JHH
  0
XRECORD
  5
100007D5
102
{ACAD_REACTORS
330
100007D2
102
}
330
100007D2
100
AcDbXrecord
 40
1.500000000000001
  0
XRECORD
  5
100007D3
102
{ACAD_REACTORS
330
100007D2
102
}
330
100007D2
100
AcDbXrecord
1000
K1BD
  0
XRECORD
  5
100007D4
102
{ACAD_REACTORS
330
100007D2
102
}
330
100007D2
100
AcDbXrecord
1000
RNBy
  0
XRECORD
  5
100007D6
102
{ACAD_REACTORS
330
100007D2
102
}
330
100007D2
100
AcDbXrecord
1000
JHH
  0
XRECORD
  5
100007D9
102
{ACAD_REACTORS
330
100007D8
102
}
330
100007D8
100
AcDbXrecord
1000
K1JD
  0
XRECORD
  5
100007DA
102
{ACAD_REACTORS
330
100007D8
102
}
330
100007D8
100
AcDbXrecord
1000
JHH
  0
XRECORD
  5
100007DF
102
{ACAD_REACTORS
330
100007DC
102
}
330
100007DC
100
AcDbXrecord
 40
1.500000000000001
  0
XRECORD
  5
100007DD
102
{ACAD_REACTORS
330
100007DC
102
}
330
100007DC
100
AcDbXrecord
1000
K1FD
  0
XRECORD
  5
100007DE
102
{ACAD_REACTORS
330
100007DC
102
}
330
100007DC
100
AcDbXrecord
1000
RNBy
  0
XRECORD
  5
100007E0
102
{ACAD_REACTORS
330
100007DC
102
}
330
100007DC
100
AcDbXrecord
1000
JHH
  0
XRECORD
  5
100007E5
102
{ACAD_REACTORS
330
100007E2
102
}
330
100007E2
100
AcDbXrecord
 40
1.500000000000001
  0
XRECORD
  5
100007E3
102
{ACAD_REACTORS
330
100007E2
102
}
330
100007E2
100
AcDbXrecord
1000
K1RD
  0
XRECORD
  5
100007E4
102
{ACAD_REACTORS
330
100007E2
102
}
330
100007E2
100
AcDbXrecord
1000
RNBy
  0
XRECORD
  5
100007E6
102
{ACAD_REACTORS
330
100007E2
102
}
330
100007E2
100
AcDbXrecord
1000
JHH
  0
XRECORD
  5
100007E9
102
{ACAD_REACTORS
330
100007E8
102
}
330
100007E8
100
AcDbXrecord
1000
K1ZD
  0
XRECORD
  5
100007EA
102
{ACAD_REACTORS
330
100007E8
102
}
330
100007E8
100
AcDbXrecord
1000
JHH
  0
XRECORD
  5
100007EF
102
{ACAD_REACTORS
330
100007EC
102
}
330
100007EC
100
AcDbXrecord
 40
1.500000000000001
  0
XRECORD
  5
100007ED
102
{ACAD_REACTORS
330
100007EC
102
}
330
100007EC
100
AcDbXrecord
1000
K1VD
  0
XRECORD
  5
100007EE
102
{ACAD_REACTORS
330
100007EC
102
}
330
100007EC
100
AcDbXrecord
1000
RNBy
  0
XRECORD
  5
100007F0
102
{ACAD_REACTORS
330
100007EC
102
}
330
100007EC
100
AcDbXrecord
1000
JHH
  0
XRECORD
  5
100007F3
102
{ACAD_REACTORS
330
100007F2
102
}
330
100007F2
100
AcDbXrecord
1000
K1dD
  0
XRECORD
  5
100007F4
102
{ACAD_REACTORS
330
100007F2
102
}
330
100007F2
100
AcDbXrecord
1000
JHH
  0
XRECORD
  5
100007F7
102
{ACAD_REACTORS
330
100007F6
102
}
330
100007F6
100
AcDbXrecord
1000
K1hD
  0
XRECORD
  5
100007F8
102
{ACAD_REACTORS
330
100007F6
102
}
330
100007F6
100
AcDbXrecord
1000
JHH
  0
XRECORD
  5
100007FD
102
{ACAD_REACTORS
330
100007FA
102
}
330
100007FA
100
AcDbXrecord
 40
1.500000000000001
  0
XRECORD
  5
100007FB
102
{ACAD_REACTORS
330
100007FA
102
}
330
100007FA
100
AcDbXrecord
1000
K1tD
  0
XRECORD
  5
100007FC
102
{ACAD_REACTORS
330
100007FA
102
}
330
100007FA
100
AcDbXrecord
1000
RNBy
  0
XRECORD
  5
100007FE
102
{ACAD_REACTORS
330
100007FA
102
}
330
100007FA
100
AcDbXrecord
1000
JHH
  0
XRECORD
  5
10000801
102
{ACAD_REACTORS
330
10000800
102
}
330
10000800
100
AcDbXrecord
1000
K1pD
  0
XRECORD
  5
10000802
102
{ACAD_REACTORS
330
10000800
102
}
330
10000800
100
AcDbXrecord
1000
JHH
  0
XRECORD
  5
10000807
102
{ACAD_REACTORS
330
10000804
102
}
330
10000804
100
AcDbXrecord
 40
1.500000000000001
  0
XRECORD
  5
10000805
102
{ACAD_REACTORS
330
10000804
102
}
330
10000804
100
AcDbXrecord
1000
K1lD
  0
XRECORD
  5
10000806
102
{ACAD_REACTORS
330
10000804
102
}
330
10000804
100
AcDbXrecord
1000
RNBy
  0
XRECORD
  5
10000808
102
{ACAD_REACTORS
330
10000804
102
}
330
10000804
100
AcDbXrecord
1000
JHH
  0
MATERIAL
  5
45
102
{ACAD_REACTORS
330
43
102
}
102
{ACAD_XDICTIONARY
360
1000083E
102
}
330
43
100
AcDbMaterial
  1
BYBLOCK
  0
MATERIAL
  5
44
102
{ACAD_REACTORS
330
43
102
}
102
{ACAD_XDICTIONARY
360
1000083C
102
}
330
43
100
AcDbMaterial
  1
BYLAYER
  0
MATERIAL
  5
46
102
{ACAD_REACTORS
330
43
102
}
102
{ACAD_XDICTIONARY
360
10000840
102
}
330
43
100
AcDbMaterial
  1
GLOBAL
  0
ACAD_PROXY_OBJECT
  5
5C
102
{ACAD_REACTORS
330
5B
102
}
330
5B
100
AcDbProxyObject
 90
      499
 91
      505
 93
      610
310
40901902A4063FBFFFFFE0000000000000020400000000000020404214DD185B99185C990000000000000104090141901A00000000000004100000000000000041025764000000000000039000
340
14
340
0
340
11
340
0
 94
        0
1001
ACAD_MLEADERVER
1070
     2
  0
MLINESTYLE
  5
18
102
{ACAD_REACTORS
330
17
102
}
330
17
100
AcDbMlineStyle
  2
Standard
 70
     0
  3

 62
   256
 51
90.0
 52
90.0
 71
     2
 49
0.5
 62
   256
  6
BYLAYER
 49
-0.5
 62
   256
  6
BYLAYER
  0
ACAD_PROXY_OBJECT
  5
10000023
102
{ACAD_REACTORS
330
47
102
}
330
47
100
AcDbProxyObject
 90
      499
 91
      503
 93
      121
310
9053130303A310000000000001650100
  0
ACAD_PROXY_OBJECT
  5
1000001D
102
{ACAD_REACTORS
330
47
102
}
330
47
100
AcDbProxyObject
 90
      499
 91
      503
 93
      113
310
90431303A310000000000000910100
  0
ACAD_PROXY_OBJECT
  5
1000001E
102
{ACAD_REACTORS
330
47
102
}
330
47
100
AcDbProxyObject
 90
      499
 91
      503
 93
      113
310
90431323A310000000000000A10100
  0
ACAD_PROXY_OBJECT
  5
1000001F
102
{ACAD_REACTORS
330
47
102
}
330
47
100
AcDbProxyObject
 90
      499
 91
      503
 93
      113
310
90431363A310000000000000C10100
  0
ACAD_PROXY_OBJECT
  5
10000006
102
{ACAD_REACTORS
330
47
102
}
330
47
100
AcDbProxyObject
 90
      499
 91
      503
 93
       41
310
903313A31500
  0
ACAD_PROXY_OBJECT
  5
1000000D
102
{ACAD_REACTORS
330
47
102
}
330
47
100
AcDbProxyObject
 90
      499
 91
      503
 93
      113
310
904313A31304000000000000244000
  0
ACAD_PROXY_OBJECT
  5
10000016
102
{ACAD_REACTORS
330
47
102
}
330
47
100
AcDbProxyObject
 90
      499
 91
      503
 93
      121
310
905313A3130304000000000000594000
  0
ACAD_PROXY_OBJECT
  5
1000000E
102
{ACAD_REACTORS
330
47
102
}
330
47
100
AcDbProxyObject
 90
      499
 91
      503
 93
      113
310
904313A31324000000000000284000
  0
ACAD_PROXY_OBJECT
  5
1000000F
102
{ACAD_REACTORS
330
47
102
}
330
47
100
AcDbProxyObject
 90
      499
 91
      503
 93
      113
310
904313A31364000000000000304000
  0
ACAD_PROXY_OBJECT
  5
10000007
102
{ACAD_REACTORS
330
47
102
}
330
47
100
AcDbProxyObject
 90
      499
 91
      503
 93
      105
310
903313A324000000000000004000
  0
ACAD_PROXY_OBJECT
  5
10000010
102
{ACAD_REACTORS
330
47
102
}
330
47
100
AcDbProxyObject
 90
      499
 91
      503
 93
      113
310
904313A32304000000000000344000
  0
ACAD_PROXY_OBJECT
  5
10000011
102
{ACAD_REACTORS
330
47
102
}
330
47
100
AcDbProxyObject
 90
      499
 91
      503
 93
      113
310
904313A32354000000000000394000
  0
ACAD_PROXY_OBJECT
  5
10000008
102
{ACAD_REACTORS
330
47
102
}
330
47
100
AcDbProxyObject
 90
      499
 91
      503
 93
      105
310
903313A334000000000000084000
  0
ACAD_PROXY_OBJECT
  5
10000012
102
{ACAD_REACTORS
330
47
102
}
330
47
100
AcDbProxyObject
 90
      499
 91
      503
 93
      113
310
904313A33324000000000000404000
  0
ACAD_PROXY_OBJECT
  5
10000009
102
{ACAD_REACTORS
330
47
102
}
330
47
100
AcDbProxyObject
 90
      499
 91
      503
 93
      105
310
903313A344000000000000104000
  0
ACAD_PROXY_OBJECT
  5
10000013
102
{ACAD_REACTORS
330
47
102
}
330
47
100
AcDbProxyObject
 90
      499
 91
      503
 93
      113
310
904313A34304000000000000444000
  0
ACAD_PROXY_OBJECT
  5
1000000A
102
{ACAD_REACTORS
330
47
102
}
330
47
100
AcDbProxyObject
 90
      499
 91
      503
 93
      105
310
903313A354000000000000144000
  0
ACAD_PROXY_OBJECT
  5
10000014
102
{ACAD_REACTORS
330
47
102
}
330
47
100
AcDbProxyObject
 90
      499
 91
      503
 93
      113
310
904313A35304000000000000494000
  0
ACAD_PROXY_OBJECT
  5
1000000B
102
{ACAD_REACTORS
330
47
102
}
330
47
100
AcDbProxyObject
 90
      499
 91
      503
 93
      105
310
903313A364000000000000184000
  0
ACAD_PROXY_OBJECT
  5
1000000C
102
{ACAD_REACTORS
330
47
102
}
330
47
100
AcDbProxyObject
 90
      499
 91
      503
 93
      105
310
903313A384000000000000204000
  0
ACAD_PROXY_OBJECT
  5
10000015
102
{ACAD_REACTORS
330
47
102
}
330
47
100
AcDbProxyObject
 90
      499
 91
      503
 93
      113
310
904313A38304000000000000544000
  0
ACAD_PROXY_OBJECT
  5
10000020
102
{ACAD_REACTORS
330
47
102
}
330
47
100
AcDbProxyObject
 90
      499
 91
      503
 93
      113
310
90432303A310000000000000D10100
  0
ACAD_PROXY_OBJECT
  5
10000017
102
{ACAD_REACTORS
330
47
102
}
330
47
100
AcDbProxyObject
 90
      499
 91
      503
 93
      105
310
903323A310000000000000010100
  0
ACAD_PROXY_OBJECT
  5
10000021
102
{ACAD_REACTORS
330
47
102
}
330
47
100
AcDbProxyObject
 90
      499
 91
      503
 93
      113
310
90433323A310000000000001010100
  0
ACAD_PROXY_OBJECT
  5
10000018
102
{ACAD_REACTORS
330
47
102
}
330
47
100
AcDbProxyObject
 90
      499
 91
      503
 93
      105
310
903333A310000000000000210100
  0
ACAD_PROXY_OBJECT
  5
10000019
102
{ACAD_REACTORS
330
47
102
}
330
47
100
AcDbProxyObject
 90
      499
 91
      503
 93
      105
310
903343A310000000000000410100
  0
ACAD_PROXY_OBJECT
  5
10000022
102
{ACAD_REACTORS
330
47
102
}
330
47
100
AcDbProxyObject
 90
      499
 91
      503
 93
      113
310
90435303A310000000000001250100
  0
ACAD_PROXY_OBJECT
  5
1000001A
102
{ACAD_REACTORS
330
47
102
}
330
47
100
AcDbProxyObject
 90
      499
 91
      503
 93
      105
310
903353A310000000000000510100
  0
ACAD_PROXY_OBJECT
  5
1000001B
102
{ACAD_REACTORS
330
47
102
}
330
47
100
AcDbProxyObject
 90
      499
 91
      503
 93
      105
310
903363A310000000000000610100
  0
ACAD_PROXY_OBJECT
  5
1000001C
102
{ACAD_REACTORS
330
47
102
}
330
47
100
AcDbProxyObject
 90
      499
 91
      503
 93
      105
310
903383A310000000000000810100
  0
ACAD_PROXY_OBJECT
  5
2F
102
{ACAD_REACTORS
330
2A
102
}
330
2A
100
AcDbProxyObject
 90
      499
 91
      501
 93
      436
310
42CC9915DA5C99599C985B595049028333333333333E33F0000000000000F90107901411070040501600405405064090741402480A0340
1001
ACAD
1000
AcDbSavedByObjectVersion
1070
     0
  0
ACAD_PROXY_OBJECT
  5
32
102
{ACAD_REACTORS
330
2A
102
}
330
2A
100
AcDbProxyObject
 90
      499
 91
      501
 93
      388
310
4150985CDA58D07406404333333333333E33F0000000000000F90107A41107004050150841D405064090741402480A0350
1001
ACAD
1000
AcDbSavedByObjectVersion
1070
     0
  0
ACAD_PROXY_OBJECT
  5
36
102
{ACAD_REACTORS
330
2A
102
}
330
2A
100
AcDbProxyObject
 90
      499
 91
      501
 93
      428
310
42109C9A59DA1D195B90C409028333333333333E33F0000000000000F9010790141107004050150841D405064090741402480A029950
1001
ACAD
1000
AcDbSavedByObjectVersion
1070
     0
  0
ACAD_PROXY_OBJECT
  5
3A
102
{ACAD_REACTORS
330
2A
102
}
330
2A
100
AcDbProxyObject
 90
      499
 91
      501
 93
      452
310
42D0DBDB1BDC90DA185B99D95104090240C333333333333E33F0000000000000F90108901411070040501508421405064090741402480A0350
1001
ACAD
1000
AcDbSavedByObjectVersion
1070
     0
  0
ACAD_PROXY_OBJECT
  5
34
102
{ACAD_REACTORS
330
2A
102
}
330
2A
100
AcDbProxyObject
 90
      499
 91
      501
 93
      500
310
4290DBDB98D95C1D1D585B10940D028333333333333E33F0000000000000F90107902409070040501000000000018199010841D405064090740C02480A0340
1001
ACAD
1000
AcDbSavedByObjectVersion
1070
     0
  0
ACAD_PROXY_OBJECT
  5
35
102
{ACAD_REACTORS
330
2A
102
}
330
2A
100
AcDbProxyObject
 90
      499
 91
      501
 93
      412
310
40D11A5B50B409028333333333333E33F0000000000000F9010790141107004050150841D405064090741402480A02677FFFFFD0
1001
ACAD
1000
AcDbSavedByObjectVersion
1070
     0
  0
ACAD_PROXY_OBJECT
  5
3D
102
{ACAD_REACTORS
330
2A
102
}
330
2A
100
AcDbProxyObject
 90
      499
 91
      501
 93
      452
310
43115919D950DBDB1BDC93D999916409028333333333333E33F0000000000000F9010790141107004050150841D405064090741402480A0350
1001
ACAD
1000
AcDbSavedByObjectVersion
1070
     0
  0
ACAD_PROXY_OBJECT
  5
39
102
{ACAD_REACTORS
330
2A
102
}
330
2A
100
AcDbProxyObject
 90
      499
 91
      501
 93
      444
310
42D19858D95C185D1D195C9B90F409028333333333333E33F0000000000000F9010790141107004050150841D405064090741402480A0350
1001
ACAD
1000
AcDbSavedByObjectVersion
1070
     0
  0
ACAD_PROXY_OBJECT
  5
2B
102
{ACAD_REACTORS
330
2A
102
}
330
2A
100
AcDbProxyObject
 90
      499
 91
      501
 93
      380
310
41119B185D240901404333333333333E33F0000000000000F9010740A907004050150841D405064090741402480A1B50
1001
ACAD
1000
AcDbSavedByObjectVersion
1070
     0
  0
ACAD_PROXY_OBJECT
  5
2C
102
{ACAD_REACTORS
330
2A
102
}
330
2A
100
AcDbProxyObject
 90
      499
 91
      501
 93
      468
310
43519B185D15DA5D1A115919D95CD0140901404333333333333E33F0000000000000F90107409019070040501600405405064090741402480A1B50
1001
ACAD
1000
AcDbSavedByObjectVersion
1070
     0
  0
ACAD_PROXY_OBJECT
  5
2D
102
{ACAD_REACTORS
330
2A
102
}
330
2A
100
AcDbProxyObject
 90
      499
 91
      501
 93
      404
310
41D1DBDD5C985D5910240902404333333333333E33F0000000000000F9010740A9070040501641D405064090741402480A1B50
1001
ACAD
1000
AcDbSavedByObjectVersion
1070
     0
  0
ACAD_PROXY_OBJECT
  5
2E
102
{ACAD_REACTORS
330
2A
102
}
330
2A
100
AcDbProxyObject
 90
      499
 91
      501
 93
      492
310
4411DBDD5C985D5915DA5D1A115919D95CD0340902404333333333333E33F0000000000000F90107409019070040501600405405064090741402480A1B50
1001
ACAD
1000
AcDbSavedByObjectVersion
1070
     0
  0
ACAD_PROXY_OBJECT
  5
31
102
{ACAD_REACTORS
330
2A
102
}
330
2A
100
AcDbProxyObject
 90
      499
 91
      501
 93
      476
310
41921A5919195B90640502408333333333333E33F0000000000000F901079024090700405020000000000001110200405405064090740C02480A0340
1001
ACAD
1000
AcDbSavedByObjectVersion
1070
     0
  0
ACAD_PROXY_OBJECT
  5
3B
102
{ACAD_REACTORS
330
2A
102
}
330
2A
100
AcDbProxyObject
 90
      499
 91
      501
 93
      428
310
42529A5D1D195C93D999914409028333333333333E33F0000000000000F9010790141107004050150A41D405064090741402480A0350
1001
ACAD
1000
AcDbSavedByObjectVersion
1070
     0
  0
ACAD_PROXY_OBJECT
  5
38
102
{ACAD_REACTORS
330
2A
102
}
330
2A
100
AcDbProxyObject
 90
      499
 91
      501
 93
      444
310
42D31A5B995C185D1D195C9B90E409028333333333333E33F0000000000000F9010790141107004050750841D405064090741402483A0350
1001
ACAD
1000
AcDbSavedByObjectVersion
1070
     0
  0
ACAD_PROXY_OBJECT
  5
3C
102
{ACAD_REACTORS
330
2A
102
}
330
2A
100
AcDbProxyObject
 90
      499
 91
      501
 93
      444
310
42D3DD995C9A185B99D3D999915409028333333333333E33F0000000000000F9010790141107004050150941D405064090741402480A0350
1001
ACAD
1000
AcDbSavedByObjectVersion
1070
     0
  0
ACAD_PROXY_OBJECT
  5
33
102
{ACAD_REACTORS
330
2A
102
}
330
2A
100
AcDbProxyObject
 90
      499
 91
      501
 93
      428
310
425499585B1A5CDD1A58D08409038333333333333E33F0000000000000F9010740A907004050150800405405064090740C02480A1B40
1001
ACAD
1000
AcDbSavedByObjectVersion
1070
     0
  0
ACAD_PROXY_OBJECT
  5
42
102
{ACAD_REACTORS
330
2A
102
}
330
2A
100
AcDbProxyObject
 90
      499
 91
      501
 93
      420
310
4194DA1859195911B40902404333333333333E33F0000000000000F9010740A41107004050150800405405064090840C02480A0B40
1001
ACAD
1000
AcDbSavedByObjectVersion
1070
     0
  0
ACAD_PROXY_OBJECT
  5
41
102
{ACAD_REACTORS
330
2A
102
}
330
2A
100
AcDbProxyObject
 90
      499
 91
      501
 93
      516
310
4454DA18591959081DDA5D1A08195919D95CD1A40902404333333333333E33F0000000000000F901074090142907004050250800405405064090740C02480A0B40
1001
ACAD
1000
AcDbSavedByObjectVersion
1070
     0
  0
ACAD_PROXY_OBJECT
  5
3E
102
{ACAD_REACTORS
330
2A
102
}
330
2A
100
AcDbProxyObject
 90
      499
 91
      501
 93
      532
310
4394DA1859195CC81BD98811DC985E5174090240C333333333333E33F0000000000000F901079024090741D01000000000000111010841D405064090740C02480A0340
1001
ACAD
1000
AcDbSavedByObjectVersion
1070
     0
  0
ACAD_PROXY_OBJECT
  5
3F
102
{ACAD_REACTORS
330
2A
102
}
330
2A
100
AcDbProxyObject
 90
      499
 91
      501
 93
      476
310
41D4DAD95D18DA1E51840502408333333333333E33F0000000000000F901079024090741D01000000000000111010B41D405064090741802480A0340
1001
ACAD
1000
AcDbSavedByObjectVersion
1070
     0
  0
ACAD_PROXY_OBJECT
  5
37
102
{ACAD_REACTORS
330
2A
102
}
330
2A
100
AcDbProxyObject
 90
      499
 91
      501
 93
      412
310
41D51A1A58DAD95B90D409028333333333333E33F0000000000000F9010790141107004050150C41D405064090741402480A0350
1001
ACAD
1000
AcDbSavedByObjectVersion
1070
     0
  0
ACAD_PROXY_OBJECT
  5
30
102
{ACAD_REACTORS
330
2A
102
}
330
2A
100
AcDbProxyObject
 90
      499
 91
      501
 93
      420
310
4255DA5C99599C985B595059028333333333333E33F0000000000000F90107901411070040501600405405064090740C02480A0340
1001
ACAD
1000
AcDbSavedByObjectVersion
1070
     0
  0
ACAD_PROXY_OBJECT
  5
40
102
{ACAD_REACTORS
330
2A
102
}
330
2A
100
AcDbProxyObject
 90
      499
 91
      501
 93
      404
310
41560B54985E51940902404000000000000E03F0000000000000F9010740501907004050150841D405064090740C02480A1B40
1001
ACAD
1000
AcDbSavedByObjectVersion
1070
     0
  0
XRECORD
  5
10000815
102
{ACAD_REACTORS
330
1000080B
102
}
330
1000080B
100
AcDbXrecord
340
0
  0
XRECORD
  5
10000814
102
{ACAD_REACTORS
330
1000080B
102
}
330
1000080B
100
AcDbXrecord
 90
        0
  0
XRECORD
  5
1000082B
102
{ACAD_REACTORS
330
1000080B
102
}
330
1000080B
100
AcDbXrecord
1000
DSTYLE
1002
{
1070
   340
340
11
1002
}
  0
XRECORD
  5
10000816
102
{ACAD_REACTORS
330
1000080B
102
}
330
1000080B
100
AcDbXrecord
  1
{b071b734-7661-f362-f639-6676b1b87861}
  0
XRECORD
  5
1000080E
102
{ACAD_REACTORS
330
1000080B
102
}
330
1000080B
100
AcDbXrecord
  1

  0
XRECORD
  5
10000813
102
{ACAD_REACTORS
330
1000080B
102
}
330
1000080B
100
AcDbXrecord
 90
        4
  0
XRECORD
  5
10000810
102
{ACAD_REACTORS
330
1000080B
102
}
330
1000080B
100
AcDbXrecord
340
1A
  0
XRECORD
  5
10000812
102
{ACAD_REACTORS
330
1000080B
102
}
330
1000080B
100
AcDbXrecord
 90
    10781
  0
XRECORD
  5
10000811
102
{ACAD_REACTORS
330
1000080B
102
}
330
1000080B
100
AcDbXrecord
340
19
  0
XRECORD
  5
10000818
102
{ACAD_REACTORS
330
1000080B
102
}
330
1000080B
100
AcDbXrecord
 40
0.0
  0
XRECORD
  5
1000081B
102
{ACAD_REACTORS
330
1000080B
102
}
330
1000080B
100
AcDbXrecord
340
0
  0
XRECORD
  5
10000821
102
{ACAD_REACTORS
330
1000080B
102
}
330
1000080B
100
AcDbXrecord
 10
0.0
 20
0.0
 30
0.0
  0
XRECORD
  5
1000081D
102
{ACAD_REACTORS
330
1000080B
102
}
330
1000080B
100
AcDbXrecord
 10
0.0
 20
0.0
 30
0.0
  0
XRECORD
  5
10000820
102
{ACAD_REACTORS
330
1000080B
102
}
330
1000080B
100
AcDbXrecord
 10
0.0
 20
0.0
 30
0.0
  0
XRECORD
  5
1000081E
102
{ACAD_REACTORS
330
1000080B
102
}
330
1000080B
100
AcDbXrecord
 10
0.0
 20
0.0
 30
0.0
  0
XRECORD
  5
1000081F
102
{ACAD_REACTORS
330
1000080B
102
}
330
1000080B
100
AcDbXrecord
 10
0.0
 20
0.0
 30
0.0
  0
XRECORD
  5
1000081C
102
{ACAD_REACTORS
330
1000080B
102
}
330
1000080B
100
AcDbXrecord
 10
0.0
 20
0.0
 30
0.0
  0
XRECORD
  5
10000819
102
{ACAD_REACTORS
330
1000080B
102
}
330
1000080B
100
AcDbXrecord
340
0
  0
XRECORD
  5
1000081A
102
{ACAD_REACTORS
330
1000080B
102
}
330
1000080B
100
AcDbXrecord
 70
     0
  0
XRECORD
  5
1000080F
102
{ACAD_REACTORS
330
1000080B
102
}
330
1000080B
100
AcDbXrecord
  1

  0
XRECORD
  5
1000080C
102
{ACAD_REACTORS
330
1000080B
102
}
330
1000080B
100
AcDbXrecord
 90
        1
  0
XRECORD
  5
1000080D
102
{ACAD_REACTORS
330
1000080B
102
}
330
1000080B
100
AcDbXrecord
 90
       70
  0
XRECORD
  5
10000824
102
{ACAD_REACTORS
330
1000080B
102
}
330
1000080B
100
AcDbXrecord
340
0
  0
XRECORD
  5
1000082A
102
{ACAD_REACTORS
330
1000080B
102
}
330
1000080B
100
AcDbXrecord
 10
0.0
 20
0.0
 30
0.0
  0
XRECORD
  5
10000826
102
{ACAD_REACTORS
330
1000080B
102
}
330
1000080B
100
AcDbXrecord
 10
0.0
 20
0.0
 30
0.0
  0
XRECORD
  5
10000829
102
{ACAD_REACTORS
330
1000080B
102
}
330
1000080B
100
AcDbXrecord
 10
0.0
 20
0.0
 30
0.0
  0
XRECORD
  5
10000827
102
{ACAD_REACTORS
330
1000080B
102
}
330
1000080B
100
AcDbXrecord
 10
0.0
 20
0.0
 30
0.0
  0
XRECORD
  5
10000828
102
{ACAD_REACTORS
330
1000080B
102
}
330
1000080B
100
AcDbXrecord
 10
0.0
 20
0.0
 30
0.0
  0
XRECORD
  5
10000825
102
{ACAD_REACTORS
330
1000080B
102
}
330
1000080B
100
AcDbXrecord
 10
0.0
 20
0.0
 30
0.0
  0
XRECORD
  5
10000822
102
{ACAD_REACTORS
330
1000080B
102
}
330
1000080B
100
AcDbXrecord
340
0
  0
XRECORD
  5
10000823
102
{ACAD_REACTORS
330
1000080B
102
}
330
1000080B
100
AcDbXrecord
 70
     0
  0
XRECORD
  5
10000817
102
{ACAD_REACTORS
330
1000080B
102
}
330
1000080B
100
AcDbXrecord
  1
{FAEB1C32-E019-11D5-929B-00C0DF256EC4}
  0
DICTIONARYVAR
  5
1000083A
102
{ACAD_REACTORS
330
1000082C
102
}
330
1000082C
100
DictionaryVariables
280
     0
  1
1:1
  0
DICTIONARYVAR
  5
10000833
102
{ACAD_REACTORS
330
1000082C
102
}
330
1000082C
100
DictionaryVariables
280
     0
  1
3.500000
  0
DICTIONARYVAR
  5
10000834
102
{ACAD_REACTORS
330
1000082C
102
}
330
1000082C
100
DictionaryVariables
280
     0
  1
acadiso.lin
  0
DICTIONARYVAR
  5
1000082E
102
{ACAD_REACTORS
330
1000082C
102
}
330
1000082C
100
DictionaryVariables
280
     0
  1
Standard
  0
DICTIONARYVAR
  5
1000082D
102
{ACAD_REACTORS
330
1000082C
102
}
330
1000082C
100
DictionaryVariables
280
     0
  1
Standard
  0
DICTIONARYVAR
  5
10000835
102
{ACAD_REACTORS
330
1000082C
102
}
330
1000082C
100
DictionaryVariables
280
     0
  1
2
  0
DICTIONARYVAR
  5
10000836
102
{ACAD_REACTORS
330
1000082C
102
}
330
1000082C
100
DictionaryVariables
280
     0
  1
1
  0
DICTIONARYVAR
  5
1000083B
102
{ACAD_REACTORS
330
1000082C
102
}
330
1000082C
100
DictionaryVariables
280
     0
  1
1
  0
DICTIONARYVAR
  5
10000830
102
{ACAD_REACTORS
330
1000082C
102
}
330
1000082C
100
DictionaryVariables
280
     0
  1
80.000000
  0
DICTIONARYVAR
  5
1000082F
102
{ACAD_REACTORS
330
1000082C
102
}
330
1000082C
100
DictionaryVariables
280
     0
  1
5.000000
  0
XRECORD
  5
10000003
102
{ACAD_REACTORS
330
10000001
102
}
330
10000001
100
AcDbXrecord
 70
     4
  0
XRECORD
  5
10000002
102
{ACAD_REACTORS
330
10000001
102
}
330
10000001
100
AcDbXrecord
1040
89.0
  0
ACAD_PROXY_OBJECT
  5
10000005
102
{ACAD_REACTORS
330
10000001
102
}
330
10000001
100
AcDbProxyObject
 90
      499
 91
      509
 93
       34
310
40C8804040
  0
DICTIONARY
  5
1000083E
330
45
100
AcDbDictionary
280
     1
  3
ACAD_XREC_ROUNDTRIP
360
1000083F
  0
DICTIONARY
  5
1000083C
330
44
100
AcDbDictionary
280
     1
  3
ACAD_XREC_ROUNDTRIP
360
1000083D
  0
DICTIONARY
  5
10000840
330
46
100
AcDbDictionary
280
     1
  3
ACAD_XREC_ROUNDTRIP
360
10000841
  0
XRECORD
  5
1000083F
102
{ACAD_REACTORS
330
1000083E
102
}
330
1000083E
100
AcDbXrecord
102
MATERIAL
148
0.0
149
0.0
149
0.0
 93
        0
 94
      127
282
     0
 72
     1
 77
     1
171
     1
175
     1
179
     1
273
     0
  0
XRECORD
  5
1000083D
102
{ACAD_REACTORS
330
1000083C
102
}
330
1000083C
100
AcDbXrecord
102
MATERIAL
148
0.0
149
0.0
149
0.0
 93
        0
 94
      127
282
     0
 72
     1
 77
     1
171
     1
175
     1
179
     1
273
     0
  0
XRECORD
  5
10000841
102
{ACAD_REACTORS
330
10000840
102
}
330
10000840
100
AcDbXrecord
102
MATERIAL
148
0.0
149
0.0
149
0.0
 93
        0
 94
      127
282
     0
 72
     1
 77
     1
171
     1
175
     1
179
     1
273
     0
  0
ENDSEC
  0
EOF
